Id,Sales
1,4964.941660909738
2,7957.841671270143
3,8350.69918843366
4,6556.8465258008355
5,7699.623851782738
6,6493.798414005204
7,8178.525250458021
8,7791.356631905428
9,5560.772045718139
10,6318.599676921821
11,7683.878364071523
12,7733.295832512077
13,7576.385377370174
14,8674.763159873773
15,6109.327180658795
16,5299.834953420913
17,6725.030295919182
18,10196.252669084355
19,10793.009587178041
20,10342.465724144926
21,8386.255256579068
22,4602.7420903918155
23,7547.4516674345305
24,5455.418305044888
25,7702.14771227749
26,13591.638181282218
27,9610.376347488851
28,6277.71087988139
29,5471.141413300635
30,4944.0514202392615
31,6124.129739115504
32,11273.743689695248
33,7360.847001711597
34,5850.834515643008
35,5948.194928851989
36,7795.458610074636
37,4839.840014872392
38,7601.153121938406
39,5853.220810605769
40,7254.312582129675
41,7666.720898122096
42,7742.553698830304
43,8012.80532499766
44,6544.007666079199
45,5139.670258731709
46,7020.0715560119315
47,7487.821120664349
48,12180.464873366524
49,6678.500111174687
50,8519.866022734328
51,7124.248340261327
52,9318.635711932237
53,7615.697868303122
54,9780.308762416527
55,5819.2831963349945
56,5192.677111769244
57,6358.150812526147
58,6682.628787727843
59,8046.322580810189
60,8179.214646579527
61,6411.427136631899
62,7188.586535118031
63,7054.917489215894
64,10337.471923799094
65,5333.574871542378
66,8101.457948223496
67,5195.476039198722
68,6619.637494643089
69,8653.548516653307
70,5752.615064026762
71,6888.752502598696
72,6950.1786915928715
73,7693.887494179386
74,5699.402309918017
75,5932.413786747613
76,7627.415988223266
77,7551.254233892837
78,7317.154099902192
79,5282.168053202247
80,7293.836561809394
81,12761.353562505416
82,7621.853671175802
83,5289.184143679764
84,7547.497521880057
85,6992.348738647315
86,6285.846581321017
87,7955.227398148014
88,6863.047276224609
89,7721.904336361714
90,6529.333903809628
91,7549.079936500712
92,6505.8397494397905
93,6159.909996827869
94,7391.353415435435
95,5845.670254207791
96,8212.830398622928
97,8521.975338508675
98,5528.986482871618
99,5441.753385725509
100,7121.428150180568
101,6586.948043165752
102,6344.791025748326
103,9006.666754739494
104,7100.7373420640415
105,8076.466102068063
106,6322.497919652787
107,5329.564353596402
108,6977.972456632842
109,7730.972880307274
110,8658.020055840176
111,9039.56687596569
112,7758.199998697736
113,6290.911754134573
114,8269.20591343533
115,7418.603289438645
116,8289.031838646495
117,7759.164998762089
118,7207.179639235845
119,7892.6102186718535
120,8424.99633226344
121,7706.805023476073
122,7549.495371149584
123,7661.637333200371
124,7898.3458744028185
125,6286.806030481445
126,5340.349998486734
127,5659.418561911826
128,7593.728531378247
129,7393.013817850911
130,5846.9897977580795
131,7357.969677127138
132,6916.063658487689
133,6664.987466500682
134,7314.8194908334
135,7068.960908902234
136,7552.476726522772
137,7666.263855349996
138,7028.871046151868
139,5913.390487107332
140,7326.55328294847
141,7600.727269558541
142,4319.437733679887
143,7571.802457993922
144,5733.806175978496
145,7795.276577014008
146,7968.988161525289
147,6744.721483528632
148,11493.966922878863
149,6481.920460719779
150,5218.380292495046
151,10905.27961103698
152,7435.801060826568
153,8890.639929879
154,7431.625726242214
155,6087.87147285444
156,7550.5850624341365
157,5794.967845533485
158,8886.121391285187
159,7815.997768698927
160,6185.554105425578
161,3431.6739572520864
162,7454.146756356104
163,9689.91846968001
164,9786.516503447241
165,6977.082617329779
166,7498.191508169712
167,7077.696879979185
168,5916.350324327122
169,3856.1217307060956
170,5669.8184353456045
171,7539.680236749088
172,7524.097694690011
173,7457.916680130903
174,7204.693313320762
175,8424.99633226344
176,9726.266983386398
177,7660.038173361769
178,6438.027447595482
179,7414.611529939512
180,8538.723988154306
181,6932.0378910377785
182,8144.295150876931
183,6691.126321685044
184,6831.689052141385
185,4971.076249052226
186,7614.234921516111
187,5858.9877533016515
188,7761.773464223177
189,7715.367426800285
190,9044.26777229741
191,8149.628557208841
192,7523.229216981903
193,8591.336054176943
194,18760.27543482126
195,11142.124515887635
196,5807.575001816094
197,3134.221537314929
198,7011.8669001848775
199,9020.38390599657
200,5990.430674984768
201,13496.442670404162
202,17945.23209343741
203,4444.796632884941
204,5715.543294030739
205,8542.702915742082
206,5652.048901231534
207,9755.848008097753
208,7172.752907117385
209,7674.7110537253975
210,4471.2574818167295
211,7506.927578916623
212,7616.998705290341
213,7655.584156889047
214,10330.438764960338
215,6428.4048701188885
216,7544.922232989214
217,7274.569191851229
218,5834.401222297415
219,7076.292534927833
220,8202.504777993925
221,6382.873969614726
222,6988.388031203208
223,7507.6472533570695
224,6965.443819415103
225,6147.237123577936
226,7664.1661386840915
227,7362.3528993600785
228,7819.143641793139
229,5695.201813481992
230,7880.23035909991
231,6040.4125473054555
232,3933.5043621350796
233,6684.287291054503
234,7484.0668881885995
235,6373.38851135789
236,5359.042817178685
237,9107.063615125035
238,7388.726733611036
239,9435.600905848934
240,7338.419501764763
241,7644.3500596741615
242,5933.99277375905
243,5289.715522278777
244,8044.002551350845
245,6577.629554465491
246,8479.507417679642
247,15085.647581613057
248,7764.075838628803
249,7388.224818901439
250,5805.699879752638
251,6788.472220356023
252,7689.829547731701
253,4873.999326008908
254,6708.912737751601
255,7757.704079450001
256,5838.96901845999
257,16682.279650793647
258,14090.252750660193
259,5182.976168735009
260,7725.595271686138
261,5694.883768716715
262,7709.600828166918
263,6432.452379324041
264,12139.09636196622
265,9504.272004506392
266,9565.9323220585
267,6132.420238763754
268,7709.600828166918
269,5013.881732411666
270,8794.730472796045
271,7257.832551336019
272,6684.584661220678
273,6018.214306778211
274,6538.5328520003
275,9388.409393493705
276,7728.954614553207
277,6063.654255733552
278,7536.211652533222
279,7655.221734248311
280,10376.418386835083
281,5592.061475722289
282,5683.565362153251
283,7577.164293818668
284,10961.318938509214
285,7658.044492892847
286,7613.365583928455
287,7198.548141530211
288,9517.028996785068
289,5443.908961007069
290,8412.077532012538
291,6543.077886887563
292,7721.333057905783
293,14439.679377779124
294,17834.70395522645
295,7370.18470840497
296,7906.883135374212
297,8971.440615377032
298,7529.155233219939
299,7742.9332715574255
300,6395.435754379974
301,7477.299340615348
302,7652.316477100622
303,7721.333057905783
304,4898.119618709215
305,6249.739054934625
306,5945.947994709604
307,6454.8612153894765
308,7705.574210922446
309,5661.113868569302
310,5721.5220505128955
311,7579.03714914303
312,4819.670096164641
313,5389.552969697231
314,6071.929643189458
315,7220.414916190848
316,7711.50593405362
317,7972.945604567667
318,7222.6044423959775
319,6284.143183362185
320,7681.935596597426
321,7807.483897644968
322,8310.406266419597
323,6086.262983922609
324,5253.3209843123705
325,8529.253925938352
326,7560.612505665748
327,7605.938023757796
328,6063.473935225156
329,6541.227562510149
330,8466.010684641762
331,6420.125902704704
332,5484.011526409865
333,7736.79081804404
334,7717.831442365144
335,11328.334762766428
336,7795.059369086375
337,9987.887469410229
338,4780.104308935525
339,6150.5531376003555
340,7460.644382290029
341,4985.448826835269
342,7329.411440126507
343,5871.683255196041
344,6786.147076959446
345,7740.844966413257
346,11796.462670548332
347,9807.33727363969
348,6015.19479394783
349,6892.5107072340725
350,8153.6252347467935
351,7698.315373409083
352,6709.956746331768
353,5511.5651441212485
354,7404.261669470289
355,10266.1334692394
356,4976.506698286051
357,7329.163143662619
358,7726.681345126715
359,7795.939789894869
360,8345.29362684383
361,7677.467085624834
362,14540.10001914609
363,7479.986161664016
364,7677.467085624834
365,5527.989953309352
366,6509.928481798566
367,6450.872313626952
368,5806.038343996182
369,7692.457868245758
370,5933.88768074626
371,5435.491485017268
372,7576.780194269266
373,7475.420516599937
374,8119.147590031746
375,6011.3196448650715
376,8013.510559306754
377,7932.579571873666
378,6431.402394091655
379,8339.66184543642
380,6781.443393385621
381,5977.284238136405
382,5520.119634458396
383,5799.251138920005
384,11050.959865954499
385,6408.812597360483
386,5674.02878206851
387,7987.467954679262
388,8572.721361322236
389,7680.133044559058
390,7425.891504346914
391,7690.657646269372
392,7378.2445384578805
393,6030.680866726665
394,6589.875942701366
395,8910.772927643335
396,6398.593107997497
397,6729.9410770041
398,7587.824664011721
399,5908.15906877193
400,5465.772167814372
401,6050.182973377669
402,8189.936155360163
403,8130.62314939262
404,7765.967060711693
405,11526.48581838315
406,7685.319594732302
407,7630.5552069909
408,7662.994898944992
409,8383.473421416782
410,7688.810393270925
411,7800.166912455477
412,7118.901447744455
413,8433.76059405112
414,6184.966671177094
415,4208.369019941442
416,11062.628285733968
417,6016.421332043584
418,7246.070713149562
419,6750.052508913063
420,3940.5993333594874
421,12019.666911944365
422,5865.250864489181
423,7574.540750177617
424,4892.788986947136
425,6598.923998938903
426,6582.132226342976
427,8155.192476394939
428,6410.362924704521
429,5248.028495630477
430,5588.418568397809
431,5842.471698497534
432,4248.962998284068
433,7734.056435580144
434,17297.748021889274
435,5514.697707651694
436,5503.89194510422
437,6910.138392742515
438,5577.598537307527
439,5720.351509664215
440,5472.675634881489
441,5772.351781435758
442,8349.994022419693
443,7753.540345765159
444,5274.637529777464
445,7734.056435580144
446,6284.795706411089
447,5905.748166398703
448,7734.056435580144
449,7754.939116239411
450,10058.030656131661
451,6864.937909103155
452,7104.879608425648
453,5863.573438875557
454,7007.903461759656
455,15218.492566403025
456,9750.49742700467
457,7628.059834252382
458,6178.198734469225
459,5423.715002214511
460,5979.996127676845
461,6079.946275469786
462,8251.262829959795
463,6312.50197995225
464,6050.273998160873
465,7338.195400939174
466,5917.75835399567
467,7153.197111560014
468,7845.700986807446
469,7633.86250530345
470,7425.555596201963
471,5073.843142080476
472,5872.477735035667
473,7376.829381588339
474,9552.618730346687
475,9327.98237407087
476,7671.188241284026
477,5454.83347021076
478,8047.151802295773
479,6828.335595053015
480,4777.195411136604
481,7583.119940053697
482,7688.810393270925
483,7081.3032669877175
484,7601.886172361493
485,6553.523072132148
486,7620.935266110837
487,5955.540395540647
488,7042.108031683149
489,6997.63150920122
490,6353.150195754878
491,9038.116288094407
492,7249.090665606361
493,6207.109811882967
494,7731.331144319079
495,6585.875369742513
496,3781.3621426225523
497,8498.834556180294
498,9802.676002913595
499,11162.810469913182
500,5811.773915490948
501,7608.178846781379
502,6347.453377469319
503,7331.893663340776
504,6211.02800028723
505,8641.968780060119
506,3605.8324957672453
507,6569.87440982631
508,7606.927615742914
509,6654.779337284012
510,5781.263377610094
511,6951.4091931972125
512,9040.267958845012
513,7588.667610013521
514,9045.703668106984
515,7657.103698497766
516,7648.625871183965
517,5120.4152629768205
518,7097.380348284017
519,7037.3677463426475
520,8034.090800961487
521,8833.680732576782
522,5526.238528422953
523,9311.762141535024
524,8338.481996889273
525,7698.661212784258
526,6046.233777126846
527,3856.244332230212
528,6697.8993641832985
529,7084.172078230729
530,7648.625871183965
531,7533.7074197299
532,7190.533478270858
533,7916.177960102821
534,7365.313974038425
535,7491.261625225572
536,8244.419368764007
537,6321.2237677973535
538,9396.436958771035
539,11601.098237019794
540,7895.33127784485
541,5417.124176168579
542,6297.260623133559
543,4865.630353799542
544,0.0
545,8782.558731778248
546,5925.01586375106
547,8819.092196717824
548,5503.906138677893
549,7549.447752218065
550,6904.7680083914975
551,10220.011204026583
552,5442.292049693646
553,6057.983323965206
554,6904.312763454236
555,7584.107873342178
556,5803.687999593053
557,7391.509426283444
558,7681.616377509832
559,8416.157062798782
560,8055.10165594107
561,7677.467085624834
562,7628.27258392911
563,6207.981341688155
564,5370.385848647901
565,7841.661152182054
566,9748.669794462889
567,6670.4536818810775
568,15311.797462921084
569,6941.254741690146
570,6264.451473968646
571,6523.518066938757
572,7806.985270907139
573,8935.691617723713
574,7948.415900858399
575,7755.784302657757
576,7781.579215954626
577,7716.435530860023
578,7052.98041233202
579,6223.3509179341945
580,5936.052329861836
581,5613.384302624425
582,4709.25952230715
583,6397.042953847553
584,9356.511225986498
585,16032.996039070136
586,7666.361136074285
587,7475.783783475441
588,8050.175578553584
589,4659.101293355234
590,8088.041568110091
591,4268.865856943933
592,9183.686949327443
593,7551.408348199981
594,7551.408348199981
595,13439.83514466234
596,12253.446357483528
597,6706.627149236192
598,7713.447244248674
599,4209.287691412879
600,7100.603457527411
601,7468.742853835836
602,8653.373336352717
603,5266.21471690493
604,4903.411723504865
605,6576.975090481144
606,6005.477913450307
607,7938.938622951656
608,8016.0382840803095
609,7385.703233620306
610,7545.112253786526
611,7961.585823400779
612,8356.294652687695
613,6331.994063548664
614,5548.197713201441
615,7578.533239844793
616,5340.298991715939
617,7661.958376586898
618,7236.700497514282
619,5157.775939738316
620,7868.387013334824
621,6591.4642671019
622,5466.921782776725
623,6512.53685278093
624,7586.5311595989
625,8112.1544770886085
626,8445.35047638295
627,7580.894744931548
628,4080.304785752041
629,6369.29798626541
630,6992.586748902495
631,5439.3134336485955
632,7070.74538478594
633,7773.351935867995
634,12394.32228768256
635,8071.095023974324
636,7560.911087857895
637,7858.066963008689
638,4906.606716437553
639,7641.325285530596
640,7047.749009796779
641,13610.219099827043
642,6987.750569311412
643,5804.617548629034
644,5476.274499224969
645,4770.608357735344
646,7333.185012847984
647,16962.88208235078
648,5035.753434405287
649,4873.289085640724
650,10066.877506193825
651,6896.527884466882
652,7481.092835946151
653,7567.189932198703
654,6534.04820675032
655,5752.427233241435
656,5255.849159741271
657,8338.333762969873
658,6362.457250028357
659,7289.490362550511
660,7714.795676769605
661,4805.481103461314
662,7556.728835799792
663,7493.35043420861
664,4287.32777659099
665,8128.729519306846
666,8015.39155832965
667,4864.078261723223
668,7650.615068940808
669,7131.290774727232
670,6379.301105949586
671,9683.761605565014
672,7570.594318738077
673,9171.129428367893
674,6820.1300932347585
675,5427.195758070505
676,7763.802456556112
677,0.0
678,7661.958376586898
679,4348.744456179958
680,6280.908389855086
681,6240.930371135523
682,7567.189932198703
683,6195.9098112996835
684,7559.174264014308
685,7464.812887598911
686,8644.217499424414
687,6346.857880526364
688,7677.362568930865
689,6921.356316704828
690,9269.540616115282
691,7661.958376586898
692,6992.733380541384
693,3397.5468980802357
694,6356.7466109229335
695,7577.444297441418
696,4913.776421757204
697,7580.894744931548
698,7728.551660730134
699,7157.526631323225
700,11196.260781528978
701,7071.509489596308
702,5349.645069379846
703,11580.360863002084
704,7570.594318738077
705,7573.799681592376
706,9290.605287346616
707,10234.996792045515
708,6391.938543989189
709,5856.97144135262
710,7555.058903732477
711,6156.636644036334
712,6432.052095398684
713,6593.958064535979
714,5575.3203205588825
715,6587.5926900585255
716,8069.2412996866715
717,7200.503637539356
718,8217.857305402636
719,7562.884197943338
720,6946.566671925128
721,4662.617505843718
722,8380.753078547317
723,7856.139340728425
724,6607.153474692126
725,6908.107919699013
726,8283.269760492189
727,7368.989305843232
728,7253.172776918196
729,5641.591248217664
730,7371.314905898507
731,7547.273172111838
732,7565.857780426096
733,7435.259354811349
734,4418.917871188137
735,8012.672640573126
736,7764.1537494796885
737,7346.87890606077
738,7935.504670168945
739,7580.894744931548
740,6838.583850191523
741,5438.73632418196
742,4291.450267668244
743,7280.735954891748
744,7570.594318738077
745,7211.349251707092
746,10340.075363731055
747,8472.512616706814
748,5717.85906752112
749,8940.186402757603
750,4143.774998663075
751,3659.2521335265005
752,7123.057279515671
753,13034.9856798774
754,8390.398244298563
755,7609.0503869814775
756,5752.021692248357
757,7594.986165067651
758,9441.55189149296
759,6680.315190969655
760,8506.42847050641
761,5866.2017384902365
762,5133.173554607572
763,5686.566291738382
764,7305.255593462187
765,6672.591708029658
766,5454.109386560228
767,6810.449851591141
768,4581.31752499623
769,7720.419227676637
770,7528.232856658478
771,5935.612410365567
772,7609.0503869814775
773,7650.615068940808
774,6076.711055068787
775,5681.492227512041
776,8406.649119288939
777,8242.759276971228
778,6599.726692771461
779,4207.323643586651
780,12830.886631137017
781,6760.749015266205
782,6045.643285566339
783,8885.535034167362
784,8480.256052366856
785,8127.6643440075895
786,6465.505196453036
787,7598.577024268143
788,9756.521467656428
789,13780.436128400275
790,5690.939265833113
791,5479.674947551103
792,5429.261952058129
793,7127.337453282358
794,6567.435845865624
795,8157.784250854989
796,9264.046018199406
797,6637.323672896188
798,4664.201793042753
799,6692.40795742147
800,7924.491934344801
801,5850.299589870784
802,7615.172370223653
803,4349.205641324738
804,7792.64184403645
805,7975.143592608844
806,8065.068991654128
807,9216.693193602123
808,7521.306839941707
809,5523.383937782541
810,7628.660159665132
811,7749.0696443096385
812,8764.648362107273
813,8161.111929293907
814,7568.100167935066
815,7108.948865263377
816,7542.501200565429
817,10073.082038989867
818,4844.989431713476
819,9580.74525287864
820,7551.748234695151
821,5237.997901881422
822,7008.437119114225
823,6455.305012624549
824,8006.3890993567
825,7373.012445540143
826,4557.841801410802
827,4821.776834843078
828,8016.335925273099
829,9328.499763811651
830,10389.791592381209
831,6050.4446492899915
832,6546.774931847377
833,7282.636540332594
834,6551.466055156547
835,6063.999253681915
836,9425.30889765373
837,7601.277223713641
838,12424.321422006724
839,5011.840781187022
840,6025.683006992492
841,0.0
842,8122.71545339045
843,6255.82634021593
844,7742.588412975472
845,6899.989274986029
846,6053.342887473033
847,5762.467185322578
848,5429.628338576706
849,5450.700083519722
850,6952.191512974373
851,5839.9306202086045
852,5744.6210564365565
853,9502.46387720581
854,7558.194421749885
855,21239.40721428571
856,6807.57361755519
857,4981.948173439881
858,8264.546243051886
859,8350.69918843366
860,6556.8465258008355
861,7699.623851782738
862,6493.798414005204
863,8450.055782786214
864,7791.356631905428
865,5697.325496074241
866,6378.7229829547105
867,7683.878364071523
868,7750.172192648531
869,7576.385377370174
870,8672.3300174297
871,6109.327180658795
872,5310.778756023257
873,6725.030295919182
874,10220.5978221041
875,10959.465838578604
876,10586.70941946548
877,8411.131730550858
878,4374.756908727077
879,7547.4516674345305
880,5538.333269473214
881,7702.14771227749
882,13971.452736837775
883,9663.604426925827
884,6376.352078470016
885,5651.315492891553
886,4934.639433779707
887,6148.700057738141
888,12082.25487639058
889,7360.847001711597
890,5827.043981467735
891,5957.4663126217365
892,8521.259260470362
893,4831.619681539059
894,7609.875791214336
895,5853.220810605769
896,7228.418675177254
897,7666.720898122096
898,7742.553698830304
899,8012.80532499766
900,6544.007666079199
901,5408.820180570779
902,7020.0715560119315
903,7487.821120664349
904,11593.069752037976
905,6678.500111174687
906,8673.489296656853
907,7147.90528600917
908,9330.123411729002
909,7615.697868303122
910,9783.934318326512
911,5830.943387549083
912,5192.677111769244
913,6590.542175845637
914,6682.628787727843
915,8046.322580810189
916,8179.214646579527
917,6411.427136631899
918,7159.351238537618
919,7065.181652064326
920,9853.158476135854
921,5333.189670552891
922,8203.012652618301
923,5261.383224386098
924,6656.644777657589
925,8933.64788878133
926,5752.615064026762
927,6865.050575044225
928,7094.679311647033
929,7693.887494179386
930,5699.402309918017
931,5932.413786747613
932,7627.415988223266
933,7551.254233892837
934,7535.890560824797
935,5294.612281434118
936,7293.836561809394
937,12745.468861928211
938,7621.853671175802
939,5292.195489617423
940,7547.497521880057
941,6992.348738647315
942,6294.664623649059
943,7955.227398148014
944,6863.047276224609
945,7721.904336361714
946,6556.415759206368
947,7559.413971934808
948,6505.8397494397905
949,6159.909996827869
950,7391.353415435435
951,5893.496284011016
952,8237.30647265663
953,8560.534852314633
954,5546.629742325349
955,5446.790234210357
956,7121.428150180568
957,6580.23900298718
958,6344.791025748326
959,9136.90355640502
960,7100.7373420640415
961,8123.784821867476
962,6322.497919652787
963,5353.958738055508
964,6992.413693159386
965,7730.972880307274
966,8787.840494022717
967,9047.066907761002
968,7758.199998697736
969,6296.174226626483
970,8275.601732184332
971,7418.603289438645
972,8470.901033911028
973,7759.164998762089
974,7207.179639235845
975,7892.6102186718535
976,8424.99633226344
977,7706.805023476073
978,7549.495371149584
979,7661.637333200371
980,7898.3458744028185
981,6286.806030481445
982,5340.349998486734
983,5703.397935429883
984,7593.728531378247
985,7400.2314927272055
986,5849.61223300975
987,7357.969677127138
988,6957.380716207749
989,6664.987466500682
990,7314.8194908334
991,7068.960908902234
992,7559.760518785622
993,7673.556131485366
994,7028.871046151868
995,5913.390487107332
996,7326.55328294847
997,7605.9399218353
998,4297.0654011743345
999,7571.802457993922
1000,5767.533691804823
1001,7795.276577014008
1002,8128.0391335482045
1003,6776.287525020556
1004,11486.94783090874
1005,6675.57135143501
1006,5219.1702129843425
1007,11443.774215345347
1008,7465.173580289816
1009,8890.639929879
1010,7431.625726242214
1011,5111.524982552037
1012,7550.5850624341365
1013,5870.567140334677
1014,8915.514115838412
1015,7889.674156442909
1016,6206.988713453899
1017,3601.5004342398975
1018,7463.212191096071
1019,9751.826523269867
1020,9821.500260075592
1021,7060.971752884872
1022,7544.170797342867
1023,7077.696879979185
1024,5916.350324327122
1025,3857.1846085426682
1026,5669.8184353456045
1027,7539.680236749088
1028,7524.097694690011
1029,7459.180652573934
1030,7204.693313320762
1031,8424.99633226344
1032,9662.445522229265
1033,7660.038173361769
1034,6446.289845124114
1035,7414.611529939512
1036,8612.40037589829
1037,6932.0378910377785
1038,8243.900555943896
1039,6696.1631701698925
1040,6831.689052141385
1041,4978.557159208514
1042,7749.957206608641
1043,5923.894429771025
1044,7761.773464223177
1045,7734.419864216653
1046,8980.127644593178
1047,8417.379822208895
1048,7523.229216981903
1049,8613.119760017378
1050,18920.94785089374
1051,11251.182372403504
1052,6060.788365575343
1053,3133.284257209407
1054,7017.1310081494785
1055,9300.805542726353
1056,5780.803939599372
1057,13362.728837070828
1058,17950.893288730713
1059,4504.040915352472
1060,5732.760459175873
1061,7935.8055081402945
1062,5709.068557989344
1063,10629.127148667834
1064,7267.124117081726
1065,7674.7110537253975
1066,4516.8706484833965
1067,7867.096888429618
1068,7624.792123590993
1069,7655.584156889047
1070,10330.438764960338
1071,6442.685795456278
1072,7544.922232989214
1073,7330.300552606606
1074,6006.029425476989
1075,7076.292534927833
1076,8208.076730791128
1077,6385.190911125889
1078,6988.388031203208
1079,7507.6472533570695
1080,6965.443819415103
1081,6341.220188785515
1082,7664.1661386840915
1083,7362.3528993600785
1084,7819.143641793139
1085,5695.201813481992
1086,7584.851102268719
1087,6049.180916289549
1088,4011.001132144406
1089,7104.564877160973
1090,7484.0668881885995
1091,6377.080745400442
1092,5359.042817178685
1093,9257.833649123677
1094,7388.726733611036
1095,9440.78575064504
1096,7351.554133837704
1097,7644.3500596741615
1098,5933.99277375905
1099,5289.715522278777
1100,8044.002551350845
1101,6577.629554465491
1102,8483.754643384971
1103,14938.326876654624
1104,7764.075838628803
1105,7353.747055042622
1106,5800.249509025628
1107,6791.882720356024
1108,7689.829547731701
1109,4859.078329977163
1110,6722.735437086587
1111,7757.704079450001
1112,5838.526325163473
1113,17685.498446608945
1114,14738.249726323886
1115,5167.717320226887
1116,7725.595271686138
1117,5734.3837533148135
1118,7709.600828166918
1119,6441.66380789547
1120,12078.165615915352
1121,9620.971458845366
1122,9637.55251803863
1123,6150.1784677502665
1124,7709.600828166918
1125,4953.608040794102
1126,8876.697902387994
1127,7257.832551336019
1128,6684.584661220678
1129,6018.214306778211
1130,6506.128268666966
1131,9388.409393493705
1132,7728.954614553207
1133,6063.654255733552
1134,7536.211652533222
1135,7655.221734248311
1136,10645.858473915745
1137,5600.314281359943
1138,5712.081578450324
1139,7577.164293818668
1140,11245.600458484994
1141,7658.044492892847
1142,7613.365583928455
1143,7343.198724086866
1144,9517.028996785068
1145,5439.916126019476
1146,8464.678028573684
1147,6543.077886887563
1148,7721.333057905783
1149,15318.479169076083
1150,17778.831349401797
1151,7370.18470840497
1152,7906.883135374212
1153,8983.821829662747
1154,7529.155233219939
1155,7742.9332715574255
1156,6395.435754379974
1157,7477.299340615348
1158,7652.316477100622
1159,7721.333057905783
1160,4898.119618709215
1161,6255.785434064209
1162,5945.947994709604
1163,6454.8612153894765
1164,7705.574210922446
1165,5707.977497174557
1166,5721.5220505128955
1167,7579.03714914303
1168,4825.462905688451
1169,5396.552953491006
1170,6071.929643189458
1171,7245.5373169144705
1172,7711.50593405362
1173,7972.945604567667
1174,7222.6044423959775
1175,6284.143183362185
1176,7681.935596597426
1177,7807.483897644968
1178,8347.48315709536
1179,6119.684985004109
1180,5263.759237418741
1181,8548.335515633818
1182,7560.612505665748
1183,7605.938023757796
1184,6063.473935225156
1185,6705.015270963348
1186,8563.446208075864
1187,6436.244434966556
1188,5477.171441904962
1189,7736.79081804404
1190,7717.831442365144
1191,11472.668766973631
1192,7795.059369086375
1193,9972.720497126416
1194,4836.408168157859
1195,6191.931082744963
1196,7460.644382290029
1197,4985.448826835269
1198,7329.411440126507
1199,5891.874078461249
1200,6786.147076959446
1201,7740.844966413257
1202,11995.829301591932
1203,8099.451466074075
1204,6015.19479394783
1205,6892.5107072340725
1206,8153.6252347467935
1207,7698.315373409083
1208,6713.034374187357
1209,5511.5651441212485
1210,7404.261669470289
1211,10450.965855522978
1212,5072.081705719579
1213,7329.163143662619
1214,7726.681345126715
1215,7795.939789894869
1216,8345.29362684383
1217,7677.467085624834
1218,14773.781678509558
1219,7479.986161664016
1220,7677.467085624834
1221,5490.57704187819
1222,6527.13640799918
1223,6450.872313626952
1224,5806.038343996182
1225,7692.457868245758
1226,5933.88768074626
1227,5435.491485017268
1228,7576.780194269266
1229,7475.420516599937
1230,8130.203763398283
1231,6011.3196448650715
1232,8013.510559306754
1233,7932.579571873666
1234,6431.402394091655
1235,8339.66184543642
1236,6820.954686371773
1237,5977.284238136405
1238,5520.119634458396
1239,6331.836402848167
1240,11190.372938375132
1241,6408.812597360483
1242,5681.835474855837
1243,8539.882943081144
1244,8572.721361322236
1245,7680.133044559058
1246,7425.891504346914
1247,7690.657646269372
1248,7378.2445384578805
1249,6054.569500355311
1250,6589.875942701366
1251,8910.772927643335
1252,6414.1677746641635
1253,6729.9410770041
1254,7587.824664011721
1255,5908.15906877193
1256,5465.772167814372
1257,5213.509158110957
1258,8188.378406437899
1259,8130.62314939262
1260,7765.967060711693
1261,11583.632087681199
1262,7685.319594732302
1263,7630.5552069909
1264,7662.994898944992
1265,8392.754360369836
1266,7688.810393270925
1267,7800.166912455477
1268,7118.901447744455
1269,8433.76059405112
1270,6184.966671177094
1271,4208.369019941442
1272,11123.230951533487
1273,6016.421332043584
1274,7278.874541985509
1275,6750.052508913063
1276,4029.1746697450512
1277,12113.441920678819
1278,5871.80692256999
1279,7574.540750177617
1280,4909.076433503215
1281,6684.237080598249
1282,6582.132226342976
1283,8488.051406567829
1284,6377.866220921278
1285,5248.028495630477
1286,5609.560742513326
1287,5958.309159390964
1288,4243.6462761475495
1289,7734.056435580144
1290,17927.178100752764
1291,5508.32155380554
1292,5503.89194510422
1293,7296.983989025232
1294,5577.598537307527
1295,5738.636911706977
1296,5472.675634881489
1297,5887.9027648827105
1298,8338.299784324454
1299,7752.417646341835
1300,5279.554679883173
1301,7734.056435580144
1302,6284.795706411089
1303,5905.748166398703
1304,7734.056435580144
1305,7754.939116239411
1306,10119.620609813033
1307,6881.419817649786
1308,7104.879608425648
1309,5863.573438875557
1310,7007.903461759656
1311,16229.001983788672
1312,9773.648346984628
1313,7628.059834252382
1314,6233.476182281102
1315,5423.715002214511
1316,5979.996127676845
1317,6079.946275469786
1318,8251.262829959795
1319,6330.088862057165
1320,6081.082685036921
1321,7405.5486660598435
1322,5917.75835399567
1323,7158.865501803915
1324,8003.576742672681
1325,7633.86250530345
1326,7429.0340941229615
1327,5073.843142080476
1328,5963.911059372169
1329,7353.602853944422
1330,9747.053684634599
1331,9327.98237407087
1332,7671.188241284026
1333,5477.2404067612215
1334,8054.322398270879
1335,6852.57862642629
1336,4782.11572527628
1337,7583.119940053697
1338,7688.810393270925
1339,7081.3032669877175
1340,7601.886172361493
1341,6572.607747172079
1342,7604.429189009019
1343,5955.540395540647
1344,7042.108031683149
1345,6997.63150920122
1346,6353.150195754878
1347,9038.116288094407
1348,7249.090665606361
1349,6207.109811882967
1350,7731.331144319079
1351,6305.627782595946
1352,4056.972400418038
1353,8547.373930125079
1354,10173.388636835218
1355,11232.682866759376
1356,5814.974080583534
1357,7608.178846781379
1358,6365.478461163333
1359,7331.893663340776
1360,6204.660712408442
1361,8641.968780060119
1362,3591.2059878307373
1363,6706.702878049837
1364,7606.927615742914
1365,6681.96733421399
1366,5803.119242322179
1367,6951.4091931972125
1368,9110.75715706308
1369,7588.667610013521
1370,9148.193759343838
1371,7664.165960792848
1372,7648.625871183965
1373,5110.592735199042
1374,7097.380348284017
1375,7041.550538550439
1376,8148.112663233632
1377,8911.350698705448
1378,5197.175838153263
1379,9445.540296296927
1380,8344.911652143915
1381,7705.090868038898
1382,6042.2915560233905
1383,3851.408460118453
1384,6697.8993641832985
1385,7099.981264373401
1386,7648.625871183965
1387,7458.948597115832
1388,7190.533478270858
1389,7916.177960102821
1390,7401.014823623843
1391,7619.91477806803
1392,8335.866692872976
1393,6321.2237677973535
1394,9475.962547740191
1395,11625.50570078791
1396,7895.33127784485
1397,5417.124176168579
1398,6297.260623133559
1399,4885.722055361925
1400,0.0
1401,8810.8701764556
1402,5925.01586375106
1403,8819.092196717824
1404,5505.209863409075
1405,7624.422093390083
1406,6934.212893156527
1407,11648.16633749784
1408,5442.292049693646
1409,6114.006567154008
1410,6945.6000442364575
1411,7584.107873342178
1412,5767.777385862422
1413,7444.406666917892
1414,7681.616377509832
1415,8431.442849364745
1416,8055.10165594107
1417,7677.467085624834
1418,7628.27258392911
1419,6207.981341688155
1420,5370.385848647901
1421,7841.661152182054
1422,10227.278562111915
1423,6670.4536818810775
1424,15306.795377174889
1425,6961.068432166336
1426,6264.068791610564
1427,6534.261439753306
1428,7806.985270907139
1429,8935.691617723713
1430,7948.415900858399
1431,7755.784302657757
1432,7781.579215954626
1433,7901.015034144891
1434,7052.98041233202
1435,6223.3509179341945
1436,5936.052329861836
1437,5613.384302624425
1438,4774.26020334015
1439,6397.042953847553
1440,9356.511225986498
1441,16497.727630339978
1442,7666.361136074285
1443,7475.783783475441
1444,8286.721410817152
1445,4660.28594124589
1446,8088.041568110091
1447,4195.935845471233
1448,9248.189443233301
1449,7551.408348199981
1450,7551.408348199981
1451,13600.319704002075
1452,12487.212285472206
1453,6820.110507723748
1454,7713.447244248674
1455,4209.287691412879
1456,7100.603457527411
1457,7468.742853835836
1458,8653.373336352717
1459,5266.21471690493
1460,4897.67517688482
1461,6756.753431203859
1462,6005.477913450307
1463,8025.609119784099
1464,8016.0382840803095
1465,7385.703233620306
1466,7545.112253786526
1467,7961.585823400779
1468,8490.483637338306
1469,6331.994063548664
1470,5702.720547820333
1471,7578.533239844793
1472,5512.030319201319
1473,7661.958376586898
1474,7236.700497514282
1475,5204.007578936727
1476,7868.387013334824
1477,6606.91221846446
1478,5466.921782776725
1479,6519.374248815386
1480,7843.820171045763
1481,8112.1544770886085
1482,8445.35047638295
1483,7580.894744931548
1484,4086.26054442208
1485,6369.29798626541
1486,7278.333054757672
1487,5439.3134336485955
1488,7091.541834542123
1489,7773.351935867995
1490,12632.494464503956
1491,8344.797795802207
1492,7560.911087857895
1493,7858.066963008689
1494,4981.121258857706
1495,7641.325285530596
1496,7047.749009796779
1497,13798.843747523211
1498,6987.750569311412
1499,5815.541106709843
1500,5483.772569563076
1501,4791.172125222977
1502,7333.185012847984
1503,16962.88208235078
1504,5047.964651264859
1505,4875.981053359518
1506,10056.03700192032
1507,6973.574593598006
1508,7493.593690209264
1509,7567.189932198703
1510,6534.04820675032
1511,5760.16359928918
1512,5255.849159741271
1513,8338.333762969873
1514,6368.6371997284505
1515,7289.490362550511
1516,7717.351010102938
1517,4845.8997043100735
1518,7556.728835799792
1519,7493.35043420861
1520,4462.307066038917
1521,8128.729519306846
1522,8015.39155832965
1523,4878.743226653486
1524,7650.615068940808
1525,7131.290774727232
1526,6379.301105949586
1527,9679.437292274255
1528,7570.594318738077
1529,9147.412063016814
1530,6820.1300932347585
1531,5434.69382840861
1532,7763.802456556112
1533,0.0
1534,7661.958376586898
1535,5148.739798539914
1536,6271.392033392406
1537,6240.930371135523
1538,7567.189932198703
1539,6204.444405894278
1540,7559.174264014308
1541,7490.743294292529
1542,8644.217499424414
1543,6346.857880526364
1544,7677.014992076015
1545,7177.575340397844
1546,9359.178092333668
1547,7661.958376586898
1548,6989.33265727146
1549,3367.985920627612
1550,6356.7466109229335
1551,7577.444297441418
1552,5674.472057850075
1553,7580.894744931548
1554,7728.551660730134
1555,7248.835281620471
1556,11212.918047812502
1557,7063.511799234756
1558,5349.645069379846
1559,11866.014548527857
1560,7570.594318738077
1561,7573.799681592376
1562,9336.337553723177
1563,9904.445600479376
1564,6400.881491000828
1565,5900.821501379671
1566,7555.058903732477
1567,6156.636644036334
1568,6440.635103813831
1569,6593.958064535979
1570,5575.3203205588825
1571,6593.852951844019
1572,8069.2412996866715
1573,7200.503637539356
1574,8217.857305402636
1575,7562.884197943338
1576,6961.923073229709
1577,4662.617505843718
1578,8403.212099678329
1579,7856.139340728425
1580,6607.153474692126
1581,6908.107919699013
1582,8283.269760492189
1583,7368.989305843232
1584,7253.172776918196
1585,5650.2514433396145
1586,7371.314905898507
1587,7547.273172111838
1588,7565.857780426096
1589,7435.259354811349
1590,4450.799190197151
1591,9221.394426563646
1592,7764.404716609053
1593,7346.87890606077
1594,7935.504670168945
1595,7580.894744931548
1596,7963.819302333071
1597,5384.331258845683
1598,4324.553864525832
1599,7303.073714940713
1600,7570.594318738077
1601,7211.349251707092
1602,10657.323661128497
1603,9653.764860353436
1604,5721.227795103146
1605,8916.537941219143
1606,4815.190632106637
1607,3633.4921644445085
1608,7136.509332383055
1609,13337.63505550262
1610,8390.398244298563
1611,7609.0503869814775
1612,5752.021692248357
1613,7594.986165067651
1614,9954.769875879498
1615,6671.872690969655
1616,8489.718859063385
1617,6078.928610125207
1618,5146.503733179001
1619,5742.407334916723
1620,7305.255593462187
1621,6672.591708029658
1622,5454.109386560228
1623,6802.074858817628
1624,4622.051109812822
1625,7757.117468061981
1626,7520.124485500649
1627,5935.612410365567
1628,7609.0503869814775
1629,7650.615068940808
1630,6258.73400318076
1631,5729.258241703953
1632,8406.649119288939
1633,8242.759276971228
1634,6528.2467314832875
1635,4325.507557590427
1636,12994.532771071486
1637,6706.382024046673
1638,6045.643285566339
1639,8885.535034167362
1640,9114.851953879075
1641,8127.6643440075895
1642,6465.505196453036
1643,7598.577024268143
1644,9968.685971147439
1645,15190.602716165451
1646,5700.792122975969
1647,5491.578269727725
1648,5429.261952058129
1649,7135.188779733374
1650,6567.435845865624
1651,8523.037929723154
1652,9264.046018199406
1653,6648.120103054917
1654,4669.0150753000635
1655,6711.5532937636635
1656,7924.491934344801
1657,5868.688051790168
1658,7615.172370223653
1659,4402.931077493597
1660,7792.64184403645
1661,8059.135020997124
1662,8065.068991654128
1663,9244.27266248804
1664,7521.306839941707
1665,5525.047271115873
1666,7628.660159665132
1667,7836.706916227959
1668,8764.648362107273
1669,8161.111929293907
1670,7568.100167935066
1671,7116.184854908726
1672,7542.501200565429
1673,10102.42610921131
1674,4907.992267628574
1675,9580.74525287864
1676,7557.46623469515
1677,5237.997901881422
1678,7275.016943629362
1679,6455.305012624549
1680,8018.577833050052
1681,7373.012445540143
1682,4574.466960332629
1683,4833.66529481932
1684,8016.335925273099
1685,9326.619293565913
1686,10592.492314061583
1687,6055.528631099583
1688,6541.555537907984
1689,7429.707655188284
1690,6551.466055156547
1691,6063.999253681915
1692,9425.30889765373
1693,7601.277223713641
1694,12865.268150000955
1695,5305.199785155277
1696,6060.912699120291
1697,0.0
1698,8174.975510781482
1699,6255.82634021593
1700,7742.588412975472
1701,7050.6142932037465
1702,6058.4268692826245
1703,5535.76428392804
1704,5437.961880548357
1705,5455.784065329313
1706,6952.191512974373
1707,5869.010352939217
1708,5744.6210564365565
1709,9543.255435449308
1710,7562.2893304534755
1711,21432.46263095238
1712,6811.416117555191
1713,5639.988333568547
1714,8839.126771422238
1715,9907.990875251055
1716,6945.617038168204
1717,7949.3620255642245
1718,6788.348897085393
1719,8470.803393385291
1720,7791.356631905428
1721,5940.928797914253
1722,6531.733818715649
1723,7683.878364071523
1724,8451.091044014014
1725,7623.747096612375
1726,8702.956525890235
1727,6789.903053389192
1728,5396.621419811604
1729,6769.041318582058
1730,10327.423302875794
1731,11925.899221523596
1732,11979.296320040467
1733,8430.454432263212
1734,5832.722330192682
1735,7049.354036103786
1736,5646.463364150372
1737,8691.210228447664
1738,14168.044576571521
1739,9753.200755906406
1740,6862.617099651306
1741,6155.179454065689
1742,5247.1376632695365
1743,6153.472251286529
1744,11893.764568808307
1745,7360.847001711597
1746,5630.8662817155555
1747,6085.226812935348
1748,8511.656154609063
1749,4971.176063735886
1750,7647.48759018713
1751,6039.512386085249
1752,7228.418675177254
1753,7672.508624814305
1754,7165.905544427552
1755,8024.702952649935
1756,6544.007666079199
1757,5513.914576313358
1758,7678.925197838698
1759,7487.821120664349
1760,12079.481196275037
1761,6683.481220319908
1762,9456.003874361706
1763,7194.974397708089
1764,9766.537981109606
1765,7708.604509328471
1766,11211.335059523808
1767,6491.202621856793
1768,6174.187454162473
1769,7247.084701658294
1770,6397.372784985441
1771,9094.502146141964
1772,8277.506183810006
1773,6667.022849276375
1774,7440.919610162544
1775,7099.248577059433
1776,11092.175964285712
1777,4958.850129785101
1778,11460.977035801032
1779,5906.975034809951
1780,6810.607107912919
1781,9347.366176706246
1782,5916.446646756935
1783,7206.86897149527
1784,7317.542229418941
1785,8109.30645261038
1786,5716.052322958034
1787,5934.725921093835
1788,8081.269948238859
1789,7558.377839953443
1790,8182.688256016836
1791,5532.352964767961
1792,7867.763197873726
1793,11409.368143001222
1794,7493.4799637667575
1795,5101.2970886622425
1796,7547.497521880057
1797,7401.90363603518
1798,6722.230830255698
1799,7960.969421404684
1800,6556.0656578416365
1801,8115.877384779376
1802,7187.2686920998785
1803,7720.765960458266
1804,7059.825948803162
1805,5799.406962117605
1806,7402.739259333024
1807,6152.721986990776
1808,8270.2824725974
1809,9121.294868261286
1810,5593.823460440571
1811,5748.549905524964
1812,7121.428150180568
1813,6581.5025029871795
1814,6346.402043827023
1815,9220.777416797997
1816,7113.2174909159
1817,8265.822550319646
1818,6344.615712063972
1819,5544.719894218158
1820,7512.87797984019
1821,8024.665767176462
1822,9257.779527997469
1823,9101.115828019165
1824,8169.66359786696
1825,6296.174226626483
1826,8890.745910157828
1827,8048.232705346812
1828,9159.261665751057
1829,8366.489940784708
1830,7207.179639235845
1831,9033.275068489995
1832,8424.99633226344
1833,8327.103873558559
1834,7475.371124659632
1835,7849.721160192554
1836,7898.3458744028185
1837,6350.46971452238
1838,5340.349998486734
1839,5901.9828246629995
1840,8494.263484425399
1841,7450.652291293581
1842,5965.5545135271595
1843,8698.985982151473
1844,7266.936199332765
1845,6664.987466500682
1846,7098.973782372554
1847,7207.336012258205
1848,8096.9584251816505
1849,7942.930622760507
1850,7192.998458337513
1851,6121.8775825022785
1852,7357.31516472005
1853,7688.20034145001
1854,4791.661392403112
1855,7908.712893750871
1856,5778.3349469244085
1857,8804.585136865471
1858,8933.872344330888
1859,6900.713915062936
1860,11539.861878913369
1861,6922.611066000507
1862,5215.274206009626
1863,12051.85760690938
1864,7805.190967515898
1865,8890.639929879
1866,8229.04462190728
1867,5100.045282733472
1868,7208.222860924984
1869,6081.3230779096475
1870,9101.685815639834
1871,10873.473959662953
1872,6211.760907002287
1873,3702.7256739343784
1874,6600.14549199877
1875,9871.409982114186
1876,9976.134626529876
1877,7680.870369391307
1878,8425.47956895685
1879,6252.087102868547
1880,6162.884490081923
1881,4422.695723497981
1882,6036.742543716944
1883,6919.608550427387
1884,7524.097694690011
1885,8257.624714241552
1886,7779.792691661394
1887,8424.99633226344
1888,9661.770063019327
1889,7779.94605158637
1890,6461.1894625658215
1891,8732.638887137642
1892,11207.518646500297
1893,7058.900245690655
1894,8973.383646315682
1895,6395.452295654018
1896,7045.237971638428
1897,4988.366968519293
1898,8525.562245588597
1899,6067.079241324285
1900,8765.685542992778
1901,7919.929933892563
1902,9343.102593771035
1903,8844.003115941818
1904,6763.625094699905
1905,8623.764289634102
1906,20169.25431083459
1907,12148.41558526043
1908,7102.033293828277
1909,3423.7192346083607
1910,7017.1310081494785
1911,10528.436700358023
1912,6685.479297313794
1913,13441.016119899112
1914,18336.150683146872
1915,4598.811593273905
1916,6360.806658653738
1917,8273.037412372516
1918,6108.952486791985
1919,11696.722533563394
1920,7677.990392537893
1921,8170.507808993989
1922,4575.9191484833955
1923,8172.284904086537
1924,7630.502868726256
1925,7638.930142076079
1926,10351.546480450565
1927,6428.949771662371
1928,6890.715443031626
1929,7581.734129466812
1930,6720.910255764113
1931,7269.774879972985
1932,8303.179595263045
1933,6416.947400771351
1934,6783.9869719546705
1935,8012.914577070513
1936,7314.6872093272605
1937,6573.380925152215
1938,8600.141422985955
1939,8198.371387902942
1940,8325.342434706552
1941,6179.108185652128
1942,8258.543930276312
1943,6302.379230511567
1944,4037.14528400515
1945,7114.03204216338
1946,8070.115720539744
1947,6464.92424700763
1948,5383.923356155675
1949,9700.176074437344
1950,7535.964583090106
1951,9452.175536269304
1952,7565.85051095402
1953,7391.12040209372
1954,5938.693663945965
1955,5101.1535756132525
1956,9739.518357351508
1957,6577.629554465491
1958,8496.92843991467
1959,16906.37817709786
1960,7764.075838628803
1961,7382.853747396081
1962,5800.249509025628
1963,6388.937271515277
1964,7738.539858266452
1965,4858.669764705158
1966,6937.196154517738
1967,9084.75034591621
1968,5938.477791908853
1969,19230.950071428568
1970,17064.20038331685
1971,5174.4820630840295
1972,7732.614710933158
1973,5959.747552223504
1974,7953.037866320221
1975,6627.618339054731
1976,13082.945572015196
1977,9580.713083845365
1978,11039.956094924843
1979,6368.089697947725
1980,7982.797358399811
1981,4953.608040794102
1982,9356.873593527924
1983,7363.47210780097
1984,6714.41383994902
1985,6018.214306778211
1986,6499.803657555857
1987,8379.144796326302
1988,8754.62586008632
1989,6063.654255733552
1990,9350.708645274939
1991,7535.240575169551
1992,11175.301932775787
1993,5829.454995144268
1994,5767.964672655396
1995,7134.300173285152
1996,11618.885496380251
1997,7626.484104144349
1998,7618.192978641717
1999,7530.021722664995
2000,9555.829994459073
2001,5439.916126019476
2002,9526.781965762453
2003,7740.356724257739
2004,7008.961189835422
2005,15034.697697525397
2006,18028.134407129994
2007,7948.020754599256
2008,7913.92820652895
2009,10604.683364086137
2010,10032.98531157297
2011,8689.946720302107
2012,6592.29628176946
2013,8322.138930796964
2014,7760.396625883815
2015,8435.95789742484
2016,6364.425484588843
2017,7219.268494295627
2018,5945.947994709604
2019,6462.255377613628
2020,8430.84318028085
2021,5938.468845686421
2022,5726.058819357223
2023,7579.03714914303
2024,4825.462905688451
2025,5429.837530748389
2026,6071.929643189458
2027,7452.627779167161
2028,8371.25299988474
2029,7972.945604567667
2030,7419.138815763214
2031,6284.143183362185
2032,7772.894437913955
2033,8493.595067992343
2034,9047.452853895435
2035,6315.392438903203
2036,5294.558094020472
2037,8567.51356229666
2038,7449.662341802305
2039,7605.938023757796
2040,4956.944910135842
2041,6960.032007558338
2042,9563.225718064228
2043,6652.740904835606
2044,5489.577867515514
2045,8021.318826578495
2046,8031.561069796183
2047,12819.990730186566
2048,7928.505301900428
2049,9980.489941925345
2050,5317.565872369192
2051,6233.511043667855
2052,7143.580409752912
2053,5000.474410257119
2054,7548.447058489385
2055,6128.536405657168
2056,6587.393324718837
2057,7980.855134391782
2058,13025.564490499737
2059,7976.965729462681
2060,6015.19479394783
2061,7074.230467002939
2062,8339.723489842354
2063,7960.4544703460015
2064,7513.821359864015
2065,5511.5651441212485
2066,7795.950875994437
2067,11506.722533643595
2068,5082.022622082026
2069,7834.828478075871
2070,7977.985920848973
2071,8039.968335154351
2072,8670.726130739315
2073,7868.419922742607
2074,15466.369136085212
2075,7483.9770229766655
2076,7956.722047988583
2077,5680.914482936366
2078,6969.854213681042
2079,6576.372894268167
2080,5810.0225106628495
2081,7974.701837055586
2082,5933.88768074626
2083,5440.1201881194565
2084,7580.784014299549
2085,7403.384056515019
2086,8507.996356528094
2087,6011.3196448650715
2088,8073.959057629617
2089,7932.579571873666
2090,6431.402394091655
2091,8936.559636454516
2092,6987.3849006390055
2093,5977.284238136405
2094,5520.119634458396
2095,6601.684867781283
2096,12068.108838790851
2097,7198.182007767358
2098,5844.291667468966
2099,8535.769057805459
2100,8581.421602868131
2101,7687.152483806077
2102,7454.951002112764
2103,7973.228810350276
2104,6604.493740712123
2105,6089.5701227396075
2106,6604.938867423738
2107,8910.772927643335
2108,7344.1550459316395
2109,7400.008813208368
2110,7587.824664011721
2111,5908.15906877193
2112,5475.03411076309
2113,5215.55403386429
2114,8179.093717172363
2115,8400.745923229479
2116,8087.821584357028
2117,12468.3402053903
2118,8022.363782266787
2119,7950.418586735712
2120,7963.76625901736
2121,8563.859178556708
2122,7971.381557351827
2123,7817.2279679676
2124,7687.839572302402
2125,8452.966590479691
2126,6212.143970931802
2127,4999.678111459434
2128,11975.458490921119
2129,6016.421332043584
2130,7568.534452321109
2131,7034.126521656869
2132,4585.7733679113035
2133,12722.378711309615
2134,5900.935110430629
2135,7926.547058142325
2136,5388.366105330401
2137,6707.432841200619
2138,7880.14426082988
2139,8616.70209610632
2140,6377.866220921278
2141,6226.35157718359
2142,5702.576619093469
2143,6043.701239292689
2144,5914.176243618083
2145,8105.430420866311
2146,18390.627813550098
2147,5923.90010975276
2148,5503.89194510422
2149,7573.545137302962
2150,5577.598537307527
2151,5914.640335881104
2152,5472.675634881489
2153,6069.178873918734
2154,8480.674745252418
2155,7746.972779299127
2156,5328.624045911647
2157,8175.06044128659
2158,6364.589965750472
2159,5911.855297140152
2160,8094.639742445012
2161,8151.170404768053
2162,10443.40395889148
2163,8055.128499311714
2164,7636.040442448246
2165,5868.44612055092
2166,6263.86569346686
2167,16181.455522004047
2168,9841.173908795528
2169,7984.912994323177
2170,6444.924856323601
2171,5423.715002214511
2172,5979.996127676845
2173,6037.065587663338
2174,8344.356195912398
2175,6565.797637599605
2176,6884.376268926674
2177,7415.541668307406
2178,5921.577413479396
2179,7255.281412994352
2180,8888.494745755896
2181,8084.758204852319
2182,7436.109986739069
2183,5582.926384504938
2184,6218.1306459972075
2185,7353.602853944422
2186,10763.027583482062
2187,9773.904212337959
2188,7954.175626005194
2189,5772.724604286248
2190,8060.847705733564
2191,7394.329114649489
2192,5238.664455237219
2193,7670.469998192815
2194,7971.381557351827
2195,7528.9228432360815
2196,7951.10857367836
2197,7228.488465822231
2198,7610.954496471705
2199,5955.540395540647
2200,7683.83220976742
2201,7089.6280317746105
2202,6766.206268582177
2203,9038.116288094407
2204,7683.620493396762
2205,7517.513676469068
2206,8028.204771347565
2207,7590.890037198572
2208,4092.1740098343107
2209,9068.717476619951
2210,10454.448465924686
2211,12472.957792621464
2212,6220.389597726642
2213,7931.949513089936
2214,6809.072759211656
2215,7694.624333626514
2216,6629.708421455401
2217,8641.968780060119
2218,3656.5493026628897
2219,7048.109770614703
2220,7606.927615742914
2221,7416.07685714771
2222,6244.124241794801
2223,7854.003816306637
2224,10086.588178011109
2225,7943.224578756307
2226,9784.967346241758
2227,7698.8228358135
2228,8294.661332265365
2229,5085.769191674618
2230,7407.460867767506
2231,7190.967105696299
2232,8264.812728025645
2233,8926.111336306913
2234,5270.920978288811
2235,9464.661328434726
2236,8399.207996872725
2237,7761.157158327776
2238,6288.281700086355
2239,4209.311007370749
2240,6705.022970243905
2241,7630.473281018211
2242,8225.115562551317
2243,8217.82159254204
2244,7568.596946421936
2245,7916.177960102821
2246,8080.372157268977
2247,8970.37842258206
2248,9260.355817931586
2249,6595.087130022406
2250,9594.91845404941
2251,11634.66130263976
2252,8519.545929597587
2253,5421.752879270768
2254,6622.007656706936
2255,5119.025649910575
2256,0.0
2257,9060.049939188897
2258,6080.452026055663
2259,9260.8551695396
2260,5523.502322927696
2261,7855.208114717468
2262,7168.985244385528
2263,11368.915329546418
2264,5442.292049693646
2265,6183.683951471684
2266,7209.799229836557
2267,8756.489375221605
2268,5767.777385862422
2269,7510.872704492944
2270,7681.616377509832
2271,8879.236180279719
2272,8055.10165594107
2273,8037.497720835897
2274,8038.275494507975
2275,6124.434508551834
2276,5373.889934981752
2277,8202.738561839064
2278,10883.332348974338
2279,7372.117146833006
2280,15412.430588662639
2281,7476.275752565849
2282,6266.211199655867
2283,7295.561252659456
2284,8144.209697483537
2285,8982.27095971537
2286,8291.84867210289
2287,8115.8149378688195
2288,8150.829326503368
2289,8517.470981694052
2290,7057.936003729868
2291,6282.950948065982
2292,6293.191395173521
2293,5613.384302624425
2294,6158.585552658203
2295,6482.493721129709
2296,9818.732962108073
2297,16860.531868435213
2298,7982.5218441357765
2299,7915.356473690761
2300,8498.426844183243
2301,4635.997931418259
2302,8275.483012066434
2303,4319.771894954109
2304,10011.646173879852
2305,7894.593835812578
2306,7911.99886157846
2307,13624.734858983282
2308,12456.720828221121
2309,6971.409360138384
2310,8090.633068911105
2311,4312.722206732413
2312,7516.549943298804
2313,6989.206684708079
2314,8653.373336352717
2315,5321.92895197239
2316,4877.805672651053
2317,7544.6893237772565
2318,6005.477913450307
2319,9282.116920262912
2320,8016.0382840803095
2321,7400.065539655455
2322,7667.582888467552
2323,8100.170991042356
2324,9148.954359146652
2325,6862.029836934609
2326,5796.062690692458
2327,7923.96591326016
2328,5714.601560898592
2329,8128.080004644363
2330,6514.178028631743
2331,6444.366597897621
2332,7868.387013334824
2333,6768.585130353447
2334,5466.921782776725
2335,6514.0603634303125
2336,8410.408939158306
2337,8290.224766377893
2338,9232.80631732928
2339,7786.981894098543
2340,4395.57307139774
2341,6628.159124190372
2342,7237.407175969793
2343,6220.126805209109
2344,7301.673884069078
2345,7386.86435505935
2346,13214.701997813028
2347,8761.275537964711
2348,7781.073317232887
2349,8156.643989193393
2350,5479.332248715594
2351,7833.764952543014
2352,7476.635297124269
2353,15555.287145179223
2354,7138.641757648762
2355,5850.778511415182
2356,6110.987039295125
2357,6265.376440493074
2358,8018.415027557819
2359,18815.510235616806
2360,5058.210143961109
2361,4895.829281866291
2362,11024.065314188838
2363,7220.810151171018
2364,7611.428780703378
2365,7777.50939919277
2366,6544.838445541743
2367,5766.468094238675
2368,5300.723670956835
2369,8479.134011754764
2370,6458.5069627673065
2371,7753.830716567081
2372,7732.225822790908
2373,5266.288599687624
2374,7787.080864109576
2375,7721.046777340834
2376,4487.6002784572165
2377,8150.990819747052
2378,8185.665242705298
2379,4900.059311724091
2380,7949.922377772359
2381,7131.290774727232
2382,6745.121304773088
2383,9695.563602447708
2384,7697.7046826355245
2385,9147.412063016814
2386,7283.656727121067
2387,6036.006414720133
2388,7619.705443782719
2389,0.0
2390,7836.465876988772
2391,5094.409564717473
2392,6985.62676188896
2393,6835.542569108568
2394,7694.300296096149
2395,7064.512637663824
2396,7725.4048094169
2397,7882.5161814827115
2398,8652.214499424414
2399,6363.412887551968
2400,7787.801696221581
2401,7543.800367606314
2402,9664.136231195042
2403,7940.228835598315
2404,7175.637857363317
2405,3349.84280213501
2406,6461.357792178155
2407,7883.845214912855
2408,6092.272859445709
2409,8027.341785036334
2410,7728.551660730134
2411,7939.473251598368
2412,11184.564384101426
2413,7207.661873063107
2414,5406.820907414129
2415,12704.01020173359
2416,7890.20345857509
2417,7727.299006323983
2418,10270.15838878833
2419,11722.615095208144
2420,6414.512677869514
2421,6617.1609753475805
2422,7729.156735787414
2423,6241.996057450244
2424,6450.456377642914
2425,7136.319073382782
2426,5604.162269758931
2427,6694.337184560811
2428,8069.2412996866715
2429,7741.968079335345
2430,8217.857305402636
2431,7800.056999166202
2432,7506.965757008508
2433,4662.617505843718
2434,8984.12674014265
2435,7856.139340728425
2436,7126.235560393421
2437,7831.551651683814
2438,8302.944285378577
2439,8045.847887650479
2440,7449.027993690472
2441,5710.673392607177
2442,7371.314905898507
2443,7772.245532333401
2444,8344.071097876462
2445,7580.090442170638
2446,4975.405719758568
2447,8915.31232019433
2448,7755.099170721607
2449,7782.011016627604
2450,7952.427098708743
2451,7836.544598239614
2452,7965.677970796683
2453,5532.193909037742
2454,4441.9371373278655
2455,7584.676444013376
2456,7775.586350962618
2457,8376.535029251254
2458,10919.3217918292
2459,9701.798698904588
2460,5888.603256255589
2461,8931.152941219143
2462,4899.778076934031
2463,4182.955063765027
2464,7226.601741431889
2465,14529.685512099013
2466,8390.398244298563
2467,7820.704218977903
2468,5857.9050456784
2469,7903.197778857351
2470,10460.245204652783
2471,6954.819944332266
2472,8503.14379825528
2473,6281.582977950553
2474,5689.930478203137
2475,5894.995162213258
2476,7642.01109792628
2477,6819.343868392681
2478,5474.581021987882
2479,6802.074858817628
2480,4793.737813959856
2481,8075.234327665816
2482,9168.17941561757
2483,6147.226342978681
2484,7784.1701259287565
2485,7887.126197075331
2486,6491.917457016581
2487,6560.695399819517
2488,8406.649119288939
2489,8249.782008981607
2490,6528.2467314832875
2491,4702.750637065398
2492,15864.2519513918
2493,6706.382024046673
2494,6621.0257485145585
2495,8928.701418981627
2496,9002.548817704028
2497,8268.66804925097
2498,6574.36200875929
2499,8193.799844771826
2500,12064.536679219349
2501,16856.986476190476
2502,6566.687971697788
2503,6379.709153723035
2504,5429.261952058129
2505,7281.576984800391
2506,7231.593264170747
2507,8824.975260006877
2508,9601.43003008771
2509,6746.994136746486
2510,4718.207630737426
2511,7418.82437991199
2512,8044.873325411439
2513,5987.923876895474
2514,7619.176190253937
2515,4597.766404816994
2516,7797.070930358675
2517,8621.960630528592
2518,8065.068991654128
2519,10233.028147565792
2520,7600.614349967683
2521,5525.047271115873
2522,7771.838165911966
2523,9403.349395187797
2524,8733.525946098458
2525,8161.111929293907
2526,7766.293862124902
2527,7665.741023033283
2528,7346.065454425522
2529,10499.687639973083
2530,4969.948170609395
2531,10721.14293666042
2532,7285.55294361459
2533,5237.997901881422
2534,7828.825765369865
2535,7286.69215965032
2536,8063.559755413278
2537,7405.5326694896285
2538,4364.610906259691
2539,5035.912502781893
2540,8039.725690871168
2541,10849.78233010411
2542,10749.00612312807
2543,6119.667963736986
2544,7400.582670361897
2545,8319.282191774619
2546,6793.595254094459
2547,6176.331855096593
2548,10513.46022019302
2549,8250.456630775025
2550,13403.139228354983
2551,5394.395103919846
2552,6492.116397892453
2553,0.0
2554,8485.226067862655
2555,6627.887101574011
2556,9720.54608339624
2557,7799.975219063703
2558,6122.566201920027
2559,5859.5463113315045
2560,5739.054427521265
2561,5468.212606459708
2562,7791.011965290141
2563,5944.069048222723
2564,6117.531998890457
2565,11517.973819415558
2566,7480.479337380209
2567,21701.857130952383
2568,6807.235950888525
2569,5726.49379701455
2570,9791.227023177165
2571,11675.917694337248
2572,8920.086341706721
2573,10321.109124294779
2574,7801.279842768903
2575,9426.0186432461
2576,9939.132890290399
2577,7754.5908763941725
2578,8229.657745393279
2579,9344.990427524797
2580,10273.661570718265
2581,9313.772867339138
2582,9547.728308940506
2583,8651.920141506247
2584,7558.851146679076
2585,8351.684918379635
2586,13879.862297582113
2587,13353.655465739736
2588,14019.890144680368
2589,11552.409005583984
2590,6256.315425285297
2591,8352.1172717545
2592,7575.124963916065
2593,10565.690179447485
2594,19110.185103610005
2595,10737.050742062647
2596,9317.270859477369
2597,8239.068035462067
2598,4943.591166666668
2599,8368.721333024041
2600,14899.256603792785
2601,9037.098038636412
2602,7450.42718379095
2603,7889.824208188156
2604,9046.542159571805
2605,5475.753854835321
2606,9534.22379773809
2607,6857.6804165902195
2608,9210.30741682428
2609,9749.284323051024
2610,8146.436334269762
2611,9801.757491428005
2612,10818.732559118505
2613,6638.9004398232055
2614,9335.64059274148
2615,9117.949376653429
2616,14474.362881070683
2617,8054.434296406576
2618,11553.785001302937
2619,8283.65052351507
2620,10800.633563635178
2621,9977.314351363408
2622,13666.299809513588
2623,8156.009249341158
2624,6700.96467400775
2625,8701.548888701629
2626,7907.869270863534
2627,12622.107439383957
2628,10537.22701441791
2629,8303.683794390738
2630,10241.40387678483
2631,8795.672117076592
2632,13168.369614091389
2633,6180.3107799783165
2634,16338.504318371382
2635,7094.239445491801
2636,8496.742950711918
2637,11476.957706721656
2638,7819.835538947008
2639,9666.138575659936
2640,8435.689358716561
2641,10376.988543753383
2642,7325.971838133103
2643,7335.316251651414
2644,10331.099638845699
2645,9157.200269173713
2646,11222.098528002754
2647,7335.260148888172
2648,9553.823828549223
2649,15050.596843374642
2650,9119.446263391319
2651,6169.7926796506335
2652,9181.375758036807
2653,7613.55927489152
2654,8608.076733420028
2655,9248.701337055154
2656,6832.824889071137
2657,11092.334227569652
2658,8899.872165228151
2659,10012.242695030754
2660,9005.297121634836
2661,5562.461067477516
2662,8693.052516253756
2663,8027.611359984586
2664,11160.768608355022
2665,8545.417968782238
2666,7627.748703529559
2667,6827.679075672273
2668,9451.54921266059
2669,7752.983593815824
2670,8694.302501520562
2671,9846.543383623974
2672,8655.04771390398
2673,9711.6993734851
2674,7563.67279144929
2675,6227.885977453823
2676,9886.821200475122
2677,10090.851450022466
2678,10263.83171486001
2679,12083.68952649944
2680,10707.678122347548
2681,8273.865113739512
2682,11266.061166543264
2683,9514.971104100869
2684,10987.297459133844
2685,11106.013215301427
2686,8650.951006047359
2687,13751.220232376048
2688,9111.34756711688
2689,11463.353363406057
2690,8140.835109524733
2691,9258.945874510704
2692,10525.393866398437
2693,8186.623422840465
2694,7477.092933667322
2695,6808.722436036918
2696,10991.7428497843
2697,8986.258958080713
2698,8435.122084228233
2699,11743.00848614274
2700,8463.28831192398
2701,8084.137491810217
2702,7748.316800617759
2703,8740.526786774895
2704,10428.101716779849
2705,9675.487523695034
2706,9688.17938972043
2707,7294.136623275297
2708,9028.241334437113
2709,9863.288608172059
2710,5961.854957490444
2711,9224.601697865883
2712,8423.067330521882
2713,11205.333723742191
2714,9961.361375010725
2715,8257.08403021531
2716,11819.405007122015
2717,8533.530523422332
2718,6527.442504162321
2719,14274.926943491784
2720,8796.240551944587
2721,11705.887579827606
2722,9331.164703390697
2723,6382.904563597926
2724,8734.230951732337
2725,7480.495700587025
2726,9746.591230774515
2727,15614.986465286423
2728,7753.0152760189585
2729,4150.776899860152
2730,7605.148597051052
2731,11902.46711989709
2732,12602.294365768896
2733,9712.027105699586
2734,10038.124619304072
2735,6548.57737152318
2736,7140.689326291101
2737,4788.755003782923
2738,7246.918737177859
2739,8235.12119738815
2740,9414.459252623943
2741,9609.636199819834
2742,9830.729798558597
2743,9918.978613623281
2744,11191.22886606345
2745,9579.54704475933
2746,7426.208407167569
2747,11072.768316257025
2748,16275.23506000355
2749,9293.643615275081
2750,9929.789816242577
2751,7402.304869745185
2752,8825.502178989378
2753,7430.525385244035
2754,10792.948293795036
2755,9016.923293011934
2756,11208.109086867407
2757,8941.883243054714
2758,11850.196485383178
2759,10265.795983726774
2760,7550.231720913414
2761,9748.48559330878
2762,25707.360954545467
2763,15520.269997800224
2764,9121.51112683886
2765,4475.069397907949
2766,8366.71354199127
2767,12748.834956849792
2768,8079.836214285717
2769,14074.646253968254
2770,19455.316928571425
2771,6049.903029649442
2772,8221.636323497105
2773,9822.910819919716
2774,7502.715515541212
2775,14458.173743907451
2776,9840.067096745057
2777,10652.508659719151
2778,5454.547096469202
2779,9818.835861522903
2780,9403.570656766415
2781,9583.652451973298
2782,13197.86960457036
2783,7933.214268992043
2784,8457.468707967233
2785,8659.822081677039
2786,8286.406102029849
2787,8293.339501323575
2788,9494.497286822854
2789,8440.215580630655
2790,8662.128183813258
2791,10825.256421432296
2792,8232.448407428363
2793,7597.976651019005
2794,9609.128324550496
2795,10106.011610595371
2796,10836.59770771672
2797,8954.817100759701
2798,8930.131944718114
2799,7229.983419152707
2800,5142.245011642246
2801,8523.925284036797
2802,9415.506290495652
2803,8608.473033809312
2804,6592.542934855237
2805,12542.870430010713
2806,9991.66691704002
2807,13153.019192457845
2808,8854.038988009821
2809,8709.219209939896
2810,7715.208458810806
2811,5832.920113916533
2812,14690.263626847845
2813,8309.656834499614
2814,9427.67352361645
2815,18833.266856398237
2816,9341.975244001696
2817,8917.901777892732
2818,6497.971846552387
2819,6742.399664666546
2820,8769.29150109231
2821,5567.599906105395
2822,8623.518255422325
2823,11020.769996350966
2824,7213.363312106292
2825,22607.02976984127
2826,17873.577095149307
2827,6165.924138238087
2828,9704.84734162657
2829,6523.242654217311
2830,9819.016701218105
2831,7754.039216170357
2832,14824.61114856489
2833,11378.333125994572
2834,14242.335557726841
2835,7333.71412635991
2836,9807.744690709153
2837,5961.639280252355
2838,10936.359024481284
2839,9147.730308669867
2840,8757.415043788182
2841,8420.193507214912
2842,6888.6819528242795
2843,11172.239337335717
2844,10652.886186474603
2845,6934.745497783121
2846,14326.211298942326
2847,9315.567645509082
2848,12538.12424358975
2849,6736.263258875011
2850,7640.083532657003
2851,9159.77663254189
2852,15636.750365526796
2853,9272.48079855292
2854,9677.573092184892
2855,10215.662856390585
2856,13318.750944110192
2857,6079.293177515987
2858,9943.54251708129
2859,8787.172011857712
2860,7333.9168617165415
2861,18357.35447758577
2862,20654.424559371186
2863,10963.328238482365
2864,10723.640671199048
2865,13591.666972995321
2866,13481.72375943842
2867,11373.525130498563
2868,8368.303927854977
2869,11654.195596271758
2870,9316.16736542881
2871,10692.714499571895
2872,6159.6203692295085
2873,8610.472441262373
2874,7167.571720328947
2875,8282.938105423667
2876,10197.130644890805
2877,6680.509782572735
2878,8506.041589400696
2879,8917.767211905495
2880,6675.983828397849
2881,7582.857037953825
2882,7142.034938698063
2883,9695.316774198871
2884,11080.227683642137
2885,10054.272947999947
2886,9563.732621445806
2887,7892.2423622461365
2888,9371.285972572803
2889,12206.23653539832
2890,10775.08520698791
2891,8534.112483959994
2892,6768.951251911735
2893,10851.709358092174
2894,8431.921967475539
2895,9321.404637219839
2896,5791.660546306001
2897,7973.376589689641
2898,12330.1122755259
2899,8818.934652218746
2900,7992.641611030447
2901,10075.822397291206
2902,10232.999583909494
2903,14186.350134053653
2904,9224.344180380991
2905,12223.849077795641
2906,6675.113837822556
2907,7638.006586416487
2908,8595.148443887056
2909,7358.538438271464
2910,9241.656220679202
2911,7707.008874709743
2912,7401.538147112431
2913,10026.078020761845
2914,14967.385879336938
2915,10113.914643232538
2916,8453.430686052674
2917,7040.5909209140345
2918,10031.84500184696
2919,9854.008499289102
2920,8713.589209024301
2921,7337.793710454
2922,9402.15873959899
2923,12765.915680891067
2924,6263.785330243471
2925,9543.89504488451
2926,10315.78155007622
2927,10615.239574479065
2928,12236.389975528926
2929,9447.490365331068
2930,16971.76092365698
2931,8970.628629206525
2932,9287.652058423339
2933,5354.047703113755
2934,8701.602606253658
2935,8504.020788367841
2936,7963.427849407927
2937,9389.647590823215
2938,6927.338745793441
2939,7086.924986511998
2940,9112.1545403747
2941,7522.437693481313
2942,9706.52435423525
2943,9287.969791524896
2944,9311.556584941822
2945,10290.233081264865
2946,8229.047625577916
2947,10510.814575224082
2948,8200.37431973547
2949,6913.78498447983
2950,6822.468552463965
2951,8160.598665791802
2952,14232.799804408722
2953,9000.92942674904
2954,6841.26100318054
2955,11528.854913555217
2956,12065.591959667807
2957,9428.400654755525
2958,9104.37299206019
2959,9972.421498903108
2960,7829.654024518296
2961,6407.771835435285
2962,8665.8599593818
2963,10396.430215916875
2964,9308.732544378596
2965,9729.373046962224
2966,9350.399216169191
2967,7195.014888070115
2968,5549.849956087037
2969,6369.576948340403
2970,10479.741271570394
2971,10331.891151799917
2972,10444.729387930076
2973,15517.268632720863
2974,9982.311777700314
2975,9275.862865821968
2976,9530.97518548981
2977,11555.88780185843
2978,10212.1830459825
2979,9030.880128752215
2980,10781.059577474138
2981,11314.001970565543
2982,7734.059544501399
2983,5962.094072044541
2984,12254.100336638898
2985,9512.695089220011
2986,9859.248156765236
2987,8439.697941520137
2988,5502.1736463612215
2989,16397.5465327448
2990,8214.463762034306
2991,8921.414796631827
2992,6433.369743224621
2993,8762.338213004292
2994,8530.895427808497
2995,10754.265624226087
2996,7926.347111103461
2997,6836.56079547371
2998,7227.89798278248
2999,6776.326122129917
3000,5747.743261741571
3001,10022.232818465218
3002,19589.278704544246
3003,6822.682192536902
3004,7406.151444136859
3005,9504.8427468237
3006,6925.980364961242
3007,7924.681981346768
3008,6381.935043486002
3009,7259.948042987634
3010,9880.104305594488
3011,9781.628232677827
3012,6539.404846934409
3013,10911.890078664888
3014,8886.2253347719
3015,6867.8418075698955
3016,10621.62624989899
3017,11068.061660826408
3018,11536.359621577802
3019,9253.10825082186
3020,9446.012255372822
3021,8232.537620471514
3022,6756.890881811702
3023,20089.052964940223
3024,13777.374725891463
3025,9305.065420982797
3026,8084.454078991699
3027,6796.455085122291
3028,7620.821153250062
3029,6551.292803830475
3030,10565.873978693222
3031,6557.961288006508
3032,7607.9481051629355
3033,9157.443908893221
3034,7281.4867485093055
3035,8488.32090906799
3036,8742.852571383368
3037,10573.151389970566
3038,9144.792618231277
3039,7153.186283844389
3040,7458.234864474844
3041,9472.474861129705
3042,12404.21679469062
3043,11277.86238361461
3044,9945.499662157845
3045,7961.805113584011
3046,9379.474154254685
3047,7687.006585691681
3048,6591.770415468671
3049,9390.75439352726
3050,9883.649722296617
3051,9024.142411391638
3052,8885.633645038748
3053,8308.972274073229
3054,9546.080339849617
3055,7498.6632613036545
3056,8832.378881163308
3057,8244.788198244276
3058,8913.526937147488
3059,10849.15620147648
3060,8036.170884150128
3061,8027.319308714725
3062,10763.359983961245
3063,8643.191919694971
3064,4557.434935843212
3065,9708.091930789986
3066,10522.746736640609
3067,13063.411747402277
3068,6892.354941423561
3069,9077.860636079557
3070,8220.017782084931
3071,9492.1172715362
3072,8177.991463050804
3073,13426.110302178506
3074,5096.197253902274
3075,8954.786449028514
3076,9573.072679034234
3077,8710.932455999908
3078,7811.9538528792
3079,8897.863951704763
3080,11770.17382505239
3081,8634.755011350497
3082,11457.378763638257
3083,9798.164774836616
3084,10968.369809400005
3085,6196.413330784141
3086,8874.344464365351
3087,8789.255686278553
3088,10255.014800055915
3089,11654.721157447811
3090,6750.171695362357
3091,10011.85867673843
3092,10693.889216687432
3093,10469.42395140949
3094,5922.395515722112
3095,4926.276421933023
3096,9815.298877291278
3097,10420.783671894458
3098,10407.329594262952
3099,9933.42110187991
3100,8405.060509317513
3101,10331.238150450732
3102,10533.164374774755
3103,11680.787335903764
3104,10017.727960040836
3105,9261.33840990833
3106,11193.924474726806
3107,14589.328287170034
3108,9765.046341680392
3109,6974.168177470038
3110,8962.644488766007
3111,6663.057528979046
3112,0.0
3113,12179.429693032049
3114,7751.164274165789
3115,11594.84181640721
3116,7308.7432096027305
3117,10012.26429998437
3118,8582.976786016705
3119,13873.804220737878
3120,6627.866739290971
3121,7548.291136303729
3122,8820.172737599609
3123,10626.250500282611
3124,7647.854882053327
3125,9234.180275330935
3126,8778.638592875037
3127,11846.84951186428
3128,9418.920930522143
3129,10229.508481127197
3130,8690.034354779156
3131,7408.356318841265
3132,6922.117117509267
3133,12337.495101928254
3134,13655.19309692887
3135,9161.852427955015
3136,16319.715388187034
3137,8912.565258833196
3138,7822.480983773438
3139,9307.970839454658
3140,10225.078005258827
3141,13158.623060260616
3142,9977.692264460376
3143,10317.803602730288
3144,10349.964566788907
3145,9291.803103727432
3146,9343.549725606625
3147,7634.143985226989
3148,8163.345385143002
3149,7119.180599404149
3150,6911.226684776485
3151,8517.258942587823
3152,12064.016571063421
3153,21241.536027056278
3154,9788.251084311672
3155,8856.54771286042
3156,10631.078312003701
3157,5740.625497683816
3158,8746.383109616429
3159,5733.7512445054945
3160,12082.056392857146
3161,9606.973205602471
3162,9400.52345473665
3163,16763.13283958457
3164,12846.594374496459
3165,9322.24092845816
3166,9507.180558172893
3167,6049.214166296279
3168,7896.505359422678
3169,7259.024219218909
3170,11068.983596987622
3171,7228.803633232122
3172,5740.864519524283
3173,7847.050951437551
3174,7071.0424964310705
3175,11756.32092178449
3176,10221.426464466893
3177,6729.998013748239
3178,9386.322311508591
3179,10466.263626992612
3180,11115.84025961188
3181,9151.869674173366
3182,7863.030833260239
3183,9966.532224518853
3184,6279.476289695657
3185,9905.400805939084
3186,7624.420693855212
3187,7781.650104589975
3188,9796.503909013634
3189,8553.741443973675
3190,6185.574166887116
3191,8752.4006481574
3192,10953.086563286155
3193,10738.36148286068
3194,13349.30783613699
3195,9132.969551359609
3196,5165.3600155393
3197,8610.404136135841
3198,8820.606571224707
3199,6904.945255332723
3200,8617.14390266572
3201,8131.42944614971
3202,15288.034900616558
3203,10964.569925141937
3204,9375.578710318609
3205,9744.412362362265
3206,6837.636487647875
3207,10040.405866287058
3208,8112.026109545778
3209,15439.696122753834
3210,8531.230468694946
3211,7632.236699822721
3212,8167.794437728432
3213,6545.066725763002
3214,10118.951869537952
3215,20607.237379247774
3216,6837.008933573873
3217,5965.169522929037
3218,13366.853517798567
3219,8751.880520972822
3220,9657.40408788825
3221,9770.933467396006
3222,8786.330670581638
3223,6858.352558365916
3224,7193.39939107931
3225,10343.290324251146
3226,7996.226853778807
3227,9146.256964416483
3228,9487.470488512537
3229,6922.446004068403
3230,9671.856622882691
3231,8642.318650536241
3232,4732.946207892454
3233,10866.364280514817
3234,9423.681315375132
3235,5682.767423538764
3236,9705.82251645935
3237,9236.463777209396
3238,7936.36563292789
3239,12756.182903103861
3240,9159.602739794864
3241,11001.343469309948
3242,8563.602936500056
3243,7155.74468469908
3244,8484.377132417287
3245,0.0
3246,9640.942079657952
3247,6581.238834681854
3248,7968.193823892911
3249,8065.041642421916
3250,9330.888207930348
3251,7501.17000126358
3252,9081.108818082485
3253,10307.236400620208
3254,9586.515438010818
3255,7968.262706652766
3256,10198.682569971956
3257,8195.763066642834
3258,12009.496793041537
3259,10365.824629205095
3260,8532.621173734538
3261,3852.595842068406
3262,8000.124234803222
3263,9782.901009351364
3264,6935.250479080029
3265,11954.091102651711
3266,8688.139679063124
3267,10186.499949705722
3268,13814.518683091595
3269,8303.699543709607
3270,7379.153326314194
3271,14522.441244610092
3272,10241.137823651272
3273,8601.762848908354
3274,11164.38519070047
3275,12253.086921213348
3276,7528.0743116148915
3277,7428.951500220961
3278,9425.00162009704
3279,7957.683677765607
3280,7313.952159663532
3281,9173.924477900076
3282,7177.7973725822885
3283,7470.913681347013
3284,10610.294788103594
3285,10029.042469233007
3286,12545.768310152205
3287,8982.294206949926
3288,9540.884618817336
3289,5142.05249451247
3290,10162.361932004542
3291,9665.706598925404
3292,8542.581045075833
3293,8758.690533853363
3294,10663.20666808409
3295,11195.619591154107
3296,9414.641761211085
3297,7194.294570305268
3298,8753.108199606831
3299,9085.330661638289
3300,9587.777016459697
3301,7856.784102579838
3302,6189.661991130722
3303,9753.573702039419
3304,8269.458936484876
3305,8920.976828324325
3306,10240.313276518646
3307,9038.802399317996
3308,10500.796108038561
3309,6764.355745520496
3310,5696.063658639893
3311,9185.22067794358
3312,9351.93356861818
3313,10115.25574037924
3314,12643.196291023522
3315,11550.295862862884
3316,7047.725774540573
3317,11058.533226958783
3318,4998.541738425637
3319,5133.392283968877
3320,9993.56218339104
3321,15238.145458626073
3322,9936.652098972123
3323,10041.002725239608
3324,8626.750164983285
3325,10624.31145002425
3326,13160.104684426684
3327,8817.437002282946
3328,10443.83995821128
3329,7625.441371023284
3330,5900.6946675399595
3331,7306.417161857224
3332,8872.91451829467
3333,8472.835829374942
3334,8104.477874802364
3335,8152.753422426779
3336,5763.537239766447
3337,9730.975411945243
3338,11081.30194216332
3339,7766.276312376695
3340,9344.442386835113
3341,9691.33958195543
3342,7702.059291285608
3343,7439.710231561031
3344,11252.476910443816
3345,10383.8114062812
3346,7858.302299584353
3347,6632.096049118549
3348,18748.378848981323
3349,8398.84993298071
3350,8861.86585008569
3351,13805.262612751709
3352,10996.385389063444
3353,10657.664148077636
3354,8186.561606448178
3355,9384.325341232368
3356,13225.710901833441
3357,21368.53611038961
3358,8144.735452354641
3359,8153.8852804528215
3360,6816.60267219647
3361,9213.275573476803
3362,8764.785052831336
3363,9865.882644602227
3364,13408.645871429602
3365,7592.508449385312
3366,6632.3552860946465
3367,8941.668944020908
3368,10216.105199615291
3369,7738.878911236434
3370,9970.59111969917
3371,6342.657206801996
3372,9867.86347348565
3373,9840.430247541626
3374,10694.856876256483
3375,12865.895245644271
3376,9062.975546380723
3377,6751.380319622982
3378,9342.696377211167
3379,10327.961319010945
3380,10390.236506640273
3381,10436.8802231877
3382,9618.148835621145
3383,8832.252678716974
3384,8940.722933849564
3385,12262.011462531878
3386,7124.271385689141
3387,12481.58830154531
3388,8843.954060797114
3389,6191.732727138029
3390,9951.09546325222
3391,7658.550730855114
3392,10410.918277551567
3393,9912.507979418679
3394,5978.721315011012
3395,6852.692395523881
3396,10335.047134041868
3397,12496.098073612275
3398,11413.288678079627
3399,6794.421936321271
3400,8013.251731290869
3401,10747.565691966533
3402,8511.972014293662
3403,7634.240188264299
3404,12577.082413332484
3405,10660.587115324615
3406,14781.37683566456
3407,6516.3445965832625
3408,8536.265888137179
3409,0.0
3410,10980.977974835867
3411,8367.189971749911
3412,13073.459760135065
3413,9064.083456445476
3414,7143.74275010778
3415,7551.438311536644
3416,7636.193439143777
3417,6942.177994940447
3418,10220.224030701196
3419,7744.5402857066
3420,7919.233113584966
3421,14498.497289413423
3422,9178.517003614374
3423,23106.242642857145
3424,8316.104101223464
3425,0.0
3426,0.0
3427,0.0
3428,0.0
3429,0.0
3430,0.0
3431,0.0
3432,0.0
3433,0.0
3434,0.0
3435,0.0
3436,0.0
3437,0.0
3438,0.0
3439,0.0
3440,0.0
3441,0.0
3442,0.0
3443,0.0
3444,0.0
3445,0.0
3446,0.0
3447,0.0
3448,0.0
3449,0.0
3450,0.0
3451,0.0
3452,0.0
3453,0.0
3454,0.0
3455,0.0
3456,0.0
3457,0.0
3458,0.0
3459,0.0
3460,0.0
3461,0.0
3462,0.0
3463,0.0
3464,0.0
3465,0.0
3466,0.0
3467,0.0
3468,0.0
3469,0.0
3470,0.0
3471,0.0
3472,0.0
3473,0.0
3474,0.0
3475,0.0
3476,0.0
3477,0.0
3478,0.0
3479,0.0
3480,0.0
3481,0.0
3482,0.0
3483,0.0
3484,0.0
3485,0.0
3486,0.0
3487,0.0
3488,0.0
3489,0.0
3490,0.0
3491,0.0
3492,0.0
3493,0.0
3494,0.0
3495,0.0
3496,0.0
3497,0.0
3498,0.0
3499,0.0
3500,0.0
3501,0.0
3502,0.0
3503,0.0
3504,0.0
3505,0.0
3506,0.0
3507,0.0
3508,0.0
3509,0.0
3510,0.0
3511,0.0
3512,0.0
3513,0.0
3514,0.0
3515,0.0
3516,2708.8119166666665
3517,0.0
3518,0.0
3519,0.0
3520,0.0
3521,0.0
3522,0.0
3523,0.0
3524,0.0
3525,0.0
3526,0.0
3527,0.0
3528,0.0
3529,0.0
3530,0.0
3531,0.0
3532,0.0
3533,0.0
3534,0.0
3535,0.0
3536,0.0
3537,0.0
3538,0.0
3539,0.0
3540,0.0
3541,0.0
3542,0.0
3543,0.0
3544,0.0
3545,0.0
3546,0.0
3547,0.0
3548,0.0
3549,0.0
3550,0.0
3551,0.0
3552,0.0
3553,0.0
3554,0.0
3555,0.0
3556,0.0
3557,0.0
3558,0.0
3559,0.0
3560,0.0
3561,0.0
3562,0.0
3563,0.0
3564,0.0
3565,0.0
3566,0.0
3567,0.0
3568,0.0
3569,0.0
3570,0.0
3571,0.0
3572,0.0
3573,0.0
3574,0.0
3575,0.0
3576,0.0
3577,0.0
3578,0.0
3579,0.0
3580,0.0
3581,0.0
3582,0.0
3583,0.0
3584,2307.986298654244
3585,0.0
3586,0.0
3587,0.0
3588,0.0
3589,0.0
3590,0.0
3591,0.0
3592,0.0
3593,0.0
3594,0.0
3595,0.0
3596,0.0
3597,0.0
3598,0.0
3599,0.0
3600,0.0
3601,0.0
3602,0.0
3603,0.0
3604,0.0
3605,0.0
3606,0.0
3607,0.0
3608,0.0
3609,0.0
3610,0.0
3611,0.0
3612,0.0
3613,0.0
3614,0.0
3615,0.0
3616,0.0
3617,0.0
3618,0.0
3619,0.0
3620,0.0
3621,0.0
3622,0.0
3623,0.0
3624,0.0
3625,17713.226682539684
3626,29082.932261904767
3627,0.0
3628,0.0
3629,0.0
3630,0.0
3631,0.0
3632,0.0
3633,0.0
3634,7515.198642857141
3635,0.0
3636,0.0
3637,0.0
3638,0.0
3639,0.0
3640,0.0
3641,0.0
3642,0.0
3643,0.0
3644,0.0
3645,0.0
3646,0.0
3647,0.0
3648,0.0
3649,0.0
3650,0.0
3651,0.0
3652,0.0
3653,3864.6097878787878
3654,0.0
3655,0.0
3656,0.0
3657,0.0
3658,0.0
3659,0.0
3660,0.0
3661,0.0
3662,0.0
3663,2772.9834097195126
3664,0.0
3665,0.0
3666,0.0
3667,0.0
3668,0.0
3669,0.0
3670,0.0
3671,0.0
3672,0.0
3673,0.0
3674,0.0
3675,0.0
3676,0.0
3677,0.0
3678,0.0
3679,0.0
3680,0.0
3681,8333.759737928738
3682,0.0
3683,0.0
3684,0.0
3685,0.0
3686,0.0
3687,0.0
3688,0.0
3689,0.0
3690,0.0
3691,0.0
3692,0.0
3693,0.0
3694,0.0
3695,0.0
3696,0.0
3697,0.0
3698,9190.039682956767
3699,0.0
3700,0.0
3701,0.0
3702,0.0
3703,0.0
3704,0.0
3705,0.0
3706,0.0
3707,0.0
3708,0.0
3709,0.0
3710,0.0
3711,0.0
3712,0.0
3713,0.0
3714,0.0
3715,0.0
3716,0.0
3717,0.0
3718,0.0
3719,0.0
3720,0.0
3721,0.0
3722,0.0
3723,0.0
3724,0.0
3725,0.0
3726,0.0
3727,0.0
3728,0.0
3729,0.0
3730,0.0
3731,0.0
3732,0.0
3733,0.0
3734,0.0
3735,0.0
3736,0.0
3737,0.0
3738,0.0
3739,0.0
3740,0.0
3741,0.0
3742,0.0
3743,0.0
3744,0.0
3745,0.0
3746,0.0
3747,0.0
3748,0.0
3749,0.0
3750,0.0
3751,0.0
3752,0.0
3753,0.0
3754,0.0
3755,0.0
3756,0.0
3757,0.0
3758,0.0
3759,0.0
3760,1586.2397777777783
3761,0.0
3762,0.0
3763,0.0
3764,0.0
3765,0.0
3766,0.0
3767,0.0
3768,0.0
3769,0.0
3770,0.0
3771,0.0
3772,0.0
3773,0.0
3774,3465.1738888888895
3775,0.0
3776,0.0
3777,0.0
3778,0.0
3779,0.0
3780,0.0
3781,0.0
3782,0.0
3783,0.0
3784,0.0
3785,0.0
3786,0.0
3787,0.0
3788,0.0
3789,0.0
3790,0.0
3791,0.0
3792,0.0
3793,0.0
3794,0.0
3795,0.0
3796,0.0
3797,0.0
3798,0.0
3799,0.0
3800,0.0
3801,0.0
3802,0.0
3803,0.0
3804,0.0
3805,0.0
3806,0.0
3807,0.0
3808,0.0
3809,0.0
3810,0.0
3811,0.0
3812,0.0
3813,0.0
3814,0.0
3815,0.0
3816,0.0
3817,7909.729155677654
3818,0.0
3819,0.0
3820,0.0
3821,0.0
3822,0.0
3823,0.0
3824,0.0
3825,0.0
3826,0.0
3827,2616.0525026881714
3828,0.0
3829,0.0
3830,0.0
3831,4395.976309523809
3832,0.0
3833,0.0
3834,0.0
3835,0.0
3836,0.0
3837,0.0
3838,0.0
3839,0.0
3840,0.0
3841,0.0
3842,0.0
3843,0.0
3844,0.0
3845,0.0
3846,0.0
3847,0.0
3848,0.0
3849,0.0
3850,0.0
3851,0.0
3852,0.0
3853,0.0
3854,0.0
3855,0.0
3856,0.0
3857,0.0
3858,19554.82583333334
3859,0.0
3860,0.0
3861,0.0
3862,0.0
3863,0.0
3864,0.0
3865,0.0
3866,0.0
3867,0.0
3868,0.0
3869,0.0
3870,0.0
3871,0.0
3872,6122.527040826974
3873,0.0
3874,0.0
3875,0.0
3876,0.0
3877,0.0
3878,0.0
3879,0.0
3880,0.0
3881,0.0
3882,0.0
3883,0.0
3884,0.0
3885,0.0
3886,0.0
3887,0.0
3888,0.0
3889,0.0
3890,0.0
3891,0.0
3892,0.0
3893,0.0
3894,0.0
3895,0.0
3896,0.0
3897,0.0
3898,0.0
3899,0.0
3900,0.0
3901,0.0
3902,0.0
3903,0.0
3904,0.0
3905,0.0
3906,0.0
3907,0.0
3908,0.0
3909,0.0
3910,0.0
3911,0.0
3912,0.0
3913,0.0
3914,0.0
3915,0.0
3916,0.0
3917,0.0
3918,0.0
3919,0.0
3920,0.0
3921,0.0
3922,0.0
3923,0.0
3924,0.0
3925,0.0
3926,0.0
3927,0.0
3928,0.0
3929,0.0
3930,0.0
3931,0.0
3932,0.0
3933,0.0
3934,0.0
3935,0.0
3936,0.0
3937,0.0
3938,0.0
3939,0.0
3940,0.0
3941,0.0
3942,0.0
3943,0.0
3944,0.0
3945,0.0
3946,0.0
3947,13443.113470390721
3948,0.0
3949,0.0
3950,0.0
3951,0.0
3952,0.0
3953,0.0
3954,0.0
3955,0.0
3956,0.0
3957,0.0
3958,0.0
3959,0.0
3960,0.0
3961,0.0
3962,0.0
3963,0.0
3964,0.0
3965,0.0
3966,0.0
3967,0.0
3968,0.0
3969,0.0
3970,0.0
3971,0.0
3972,0.0
3973,0.0
3974,0.0
3975,0.0
3976,0.0
3977,0.0
3978,0.0
3979,0.0
3980,0.0
3981,0.0
3982,0.0
3983,0.0
3984,0.0
3985,0.0
3986,0.0
3987,0.0
3988,0.0
3989,0.0
3990,0.0
3991,2743.8989404761905
3992,16236.260666666674
3993,0.0
3994,0.0
3995,0.0
3996,0.0
3997,0.0
3998,0.0
3999,0.0
4000,0.0
4001,0.0
4002,0.0
4003,0.0
4004,0.0
4005,0.0
4006,0.0
4007,0.0
4008,0.0
4009,0.0
4010,0.0
4011,0.0
4012,0.0
4013,0.0
4014,0.0
4015,0.0
4016,0.0
4017,0.0
4018,0.0
4019,0.0
4020,11730.170663780667
4021,0.0
4022,0.0
4023,0.0
4024,0.0
4025,0.0
4026,0.0
4027,0.0
4028,0.0
4029,0.0
4030,0.0
4031,0.0
4032,0.0
4033,0.0
4034,0.0
4035,0.0
4036,0.0
4037,0.0
4038,0.0
4039,0.0
4040,0.0
4041,0.0
4042,0.0
4043,0.0
4044,0.0
4045,0.0
4046,0.0
4047,0.0
4048,0.0
4049,0.0
4050,0.0
4051,0.0
4052,0.0
4053,0.0
4054,0.0
4055,0.0
4056,0.0
4057,0.0
4058,0.0
4059,0.0
4060,0.0
4061,0.0
4062,0.0
4063,0.0
4064,0.0
4065,0.0
4066,0.0
4067,0.0
4068,0.0
4069,0.0
4070,0.0
4071,0.0
4072,0.0
4073,0.0
4074,0.0
4075,0.0
4076,0.0
4077,0.0
4078,0.0
4079,0.0
4080,0.0
4081,0.0
4082,0.0
4083,0.0
4084,0.0
4085,0.0
4086,0.0
4087,0.0
4088,0.0
4089,0.0
4090,2172.7305364635363
4091,0.0
4092,0.0
4093,0.0
4094,2152.9901438495826
4095,0.0
4096,0.0
4097,0.0
4098,0.0
4099,0.0
4100,0.0
4101,0.0
4102,0.0
4103,0.0
4104,0.0
4105,0.0
4106,0.0
4107,0.0
4108,0.0
4109,0.0
4110,0.0
4111,0.0
4112,0.0
4113,0.0
4114,0.0
4115,0.0
4116,0.0
4117,0.0
4118,0.0
4119,0.0
4120,0.0
4121,0.0
4122,0.0
4123,0.0
4124,0.0
4125,0.0
4126,0.0
4127,0.0
4128,0.0
4129,0.0
4130,0.0
4131,0.0
4132,0.0
4133,0.0
4134,0.0
4135,0.0
4136,0.0
4137,0.0
4138,0.0
4139,0.0
4140,0.0
4141,0.0
4142,0.0
4143,0.0
4144,0.0
4145,1564.3218053221287
4146,0.0
4147,0.0
4148,0.0
4149,0.0
4150,0.0
4151,0.0
4152,0.0
4153,0.0
4154,0.0
4155,0.0
4156,0.0
4157,0.0
4158,0.0
4159,0.0
4160,11225.414170634922
4161,0.0
4162,0.0
4163,0.0
4164,0.0
4165,0.0
4166,0.0
4167,0.0
4168,0.0
4169,0.0
4170,0.0
4171,0.0
4172,0.0
4173,0.0
4174,0.0
4175,0.0
4176,0.0
4177,0.0
4178,0.0
4179,0.0
4180,0.0
4181,0.0
4182,0.0
4183,0.0
4184,0.0
4185,0.0
4186,0.0
4187,0.0
4188,0.0
4189,0.0
4190,0.0
4191,0.0
4192,0.0
4193,0.0
4194,0.0
4195,0.0
4196,0.0
4197,0.0
4198,0.0
4199,0.0
4200,0.0
4201,0.0
4202,0.0
4203,0.0
4204,0.0
4205,0.0
4206,0.0
4207,0.0
4208,0.0
4209,0.0
4210,0.0
4211,0.0
4212,0.0
4213,0.0
4214,0.0
4215,0.0
4216,0.0
4217,0.0
4218,0.0
4219,0.0
4220,0.0
4221,0.0
4222,0.0
4223,0.0
4224,2791.046083333334
4225,0.0
4226,0.0
4227,0.0
4228,0.0
4229,0.0
4230,0.0
4231,0.0
4232,0.0
4233,0.0
4234,0.0
4235,0.0
4236,0.0
4237,0.0
4238,0.0
4239,0.0
4240,0.0
4241,0.0
4242,0.0
4243,0.0
4244,0.0
4245,0.0
4246,0.0
4247,0.0
4248,0.0
4249,0.0
4250,0.0
4251,0.0
4252,0.0
4253,0.0
4254,0.0
4255,0.0
4256,0.0
4257,0.0
4258,0.0
4259,0.0
4260,0.0
4261,0.0
4262,0.0
4263,0.0
4264,0.0
4265,13201.47234340659
4266,4172.180146825397
4267,0.0
4268,0.0
4269,0.0
4270,0.0
4271,0.0
4272,0.0
4273,0.0
4274,0.0
4275,0.0
4276,0.0
4277,0.0
4278,0.0
4279,0.0
4280,0.0
4281,4007.240271604326
4282,3684.077149028692
4283,5572.52539656984
4284,3253.473365671866
4285,5442.703007374393
4286,4769.094761653555
4287,6044.913099363769
4288,5996.916659980559
4289,4409.544514143687
4290,3802.508569812283
4291,6410.476966030579
4292,5736.951233976108
4293,4653.837071174405
4294,6094.630865823637
4295,5700.066050553585
4296,3166.490702464779
4297,5634.473399849175
4298,5917.378846917717
4299,8367.386010542446
4300,7119.6535902325095
4301,6927.932128902952
4302,3635.998082613906
4303,6578.022156744866
4304,2165.7413097762
4305,8307.692484208927
4306,8631.122248886415
4307,9261.069568609239
4308,5807.864107707615
4309,3075.314315641515
4310,5019.914155629394
4311,6132.657389184836
4312,8057.805529470529
4313,4711.651614179578
4314,5712.069318074511
4315,4771.175592389509
4316,5889.41749100646
4317,2704.5274845933263
4318,6712.965321811457
4319,4084.4974932656337
4320,7350.321168098612
4321,6392.669531870456
4322,4593.289796345137
4323,9397.234028404348
4324,5896.370745318177
4325,4582.736255392998
4326,5413.532836076811
4327,6909.063230758966
4328,8746.033856744709
4329,5428.391472787118
4330,5656.799370375046
4331,7620.489119640068
4332,6557.174929024761
4333,6457.235977507995
4334,6836.070231079111
4335,2191.9937067410006
4336,2893.595237771877
4337,4611.485388566519
4338,6405.376212061199
4339,6900.446204764308
4340,7928.036586373898
4341,4854.331066565303
4342,6339.670396640206
4343,7454.492829842565
4344,5147.491728652694
4345,4825.123248002506
4346,6676.884386087315
4347,3700.072241044503
4348,4455.954474158784
4349,7372.165638153993
4350,4170.762110683604
4351,5724.292060510186
4352,3457.9825247922045
4353,6557.1331765411705
4354,5152.9703477473295
4355,5695.134944108569
4356,6242.711341508699
4357,6972.8561149752695
4358,5421.324802164649
4359,3625.3345323028175
4360,6916.2092519401085
4361,9479.855073744458
4362,5148.317979102404
4363,5344.374610290476
4364,6589.889608974031
4365,6077.553925885197
4366,6604.539158900364
4367,8983.469178861325
4368,2348.944202844888
4369,6850.536285451282
4370,5309.173685535577
4371,5726.72272345637
4372,6259.085209727666
4373,3107.299672339614
4374,5211.288797929305
4375,4974.551591846629
4376,7546.516229539006
4377,7383.806076530686
4378,4351.578604762171
4379,4798.823084243048
4380,6124.477744904846
4381,6281.0169364535595
4382,5141.037060883875
4383,6991.856019271683
4384,4292.5673566078385
4385,6151.619983928903
4386,4793.775268347598
4387,3156.758610271507
4388,5322.741785775341
4389,5865.076476615568
4390,6361.543399246101
4391,6637.245994874408
4392,6588.599136727459
4393,4170.721032144539
4394,6643.006871062871
4395,5379.089622153205
4396,3711.443554906334
4397,6557.1331765411705
4398,6746.437465058131
4399,5478.656337870727
4400,6793.726755064733
4401,6197.659376192306
4402,6427.177542389375
4403,5758.42879763107
4404,6888.18345877153
4405,4384.7508892935175
4406,2789.0638707151816
4407,5262.094997291765
4408,5044.390264802501
4409,5457.629379383429
4410,3954.0645491354917
4411,5178.201521760496
4412,6584.630804732439
4413,5175.802962819487
4414,6297.644519083048
4415,4781.852853730543
4416,5863.264474064801
4417,6943.512015224738
4418,3717.798235480337
4419,5448.915393916999
4420,5044.390264802501
4421,6163.8408059416015
4422,3645.2036732457764
4423,5700.289358423944
4424,4488.561586988269
4425,6830.382129967796
4426,6745.010973007128
4427,6892.712079161725
4428,13785.840233354955
4429,4192.397561545645
4430,4968.375323475483
4431,10375.222629127164
4432,6450.8403789142985
4433,7455.226443109671
4434,6723.143825089397
4435,5701.76212453308
4436,6395.099809030065
4437,4484.9644481987
4438,4945.912381151433
4439,5322.627919457708
4440,5280.874393537082
4441,3013.9753833692007
4442,4923.217035733431
4443,7416.96982350271
4444,9223.146173780458
4445,5930.498221042981
4446,6121.431120682627
4447,5924.992302633565
4448,2416.510900876602
4449,3884.9886622636523
4450,4414.8383130456195
4451,6401.530501046691
4452,6838.500583140992
4453,5568.7469069101135
4454,5207.7931676260305
4455,6640.853748292443
4456,7223.72852881231
4457,6531.043927560672
4458,5670.990283795004
4459,5548.924901276422
4460,7095.921239385247
4461,4127.509490999094
4462,5623.680174554544
4463,5753.762635353949
4464,5783.046045216656
4465,3136.217718302223
4466,5473.623107333579
4467,4674.728614397758
4468,7524.776535863422
4469,6763.644525903804
4470,7381.6196708772
4471,6788.767837700532
4472,6335.040177667794
4473,6859.284044251768
4474,16735.55252006477
4475,8443.014080379606
4476,3559.454103704654
4477,3284.095812704458
4478,6370.650640857518
4479,7704.93697846108
4480,4344.699056854877
4481,9355.35792233257
4482,16623.912096666616
4483,5173.124557879041
4484,2871.6789701908174
4485,10006.2831572488
4486,4221.115340189618
4487,6756.498239932966
4488,3406.0485058528257
4489,5861.940715279422
4490,0.0
4491,6909.322001303962
4492,6578.36420339097
4493,5881.605403087001
4494,7397.150233520666
4495,5775.644652183377
4496,6505.301601696767
4497,6994.532431836563
4498,5682.771856915698
4499,5207.7931676260305
4500,6912.417779087242
4501,4874.082694332548
4502,6169.711794719012
4503,3937.0655370996765
4504,3160.7420156998587
4505,5168.908241961317
4506,4538.770728971769
4507,5045.289202609242
4508,6381.032204114748
4509,6428.298006663419
4510,7631.094953751165
4511,4408.491957820944
4512,4293.5797538043325
4513,4598.26404726496
4514,5458.833820776195
4515,6622.395193253707
4516,3979.0273841600056
4517,6898.021169843105
4518,5496.234792125464
4519,7787.853295558398
4520,5807.957084398891
4521,5932.362668064426
4522,3408.1524632906057
4523,5344.374610290476
4524,8243.978581601772
4525,5664.442603470596
4526,5597.775520314254
4527,11411.510861645544
4528,7001.543955791796
4529,4427.626095495155
4530,5838.677810470349
4531,3107.5880416635728
4532,4482.217734789661
4533,4197.6705947837545
4534,4240.982387081244
4535,5881.605403087001
4536,4631.832615332919
4537,8845.777666666667
4538,10429.306856259438
4539,5863.904289498847
4540,6300.35921392645
4541,4396.999022969679
4542,5861.940715279422
4543,5021.933489130497
4544,10340.957987722559
4545,6050.137399717512
4546,7483.287688512624
4547,3922.449943554261
4548,5861.940715279422
4549,5342.217125334561
4550,5108.254212094701
4551,6015.275077821212
4552,5336.834293332163
4553,6201.359843931339
4554,5040.769945209777
4555,7700.6571711319475
4556,6022.173441980957
4557,6513.101059316542
4558,8780.366551813413
4559,6744.300899294625
4560,8313.294869047619
4561,3439.0383690796566
4562,5180.746816265003
4563,6325.52370140034
4564,8075.385448784932
4565,6510.76320642735
4566,6971.398432202807
4567,6452.777920362443
4568,8352.576811966086
4569,6538.569268040892
4570,6568.664520819483
4571,5492.570182307619
4572,5483.390399885114
4573,12242.450416670777
4574,16758.987756093386
4575,6488.206090468615
4576,6408.281213583303
4577,6969.90938736413
4578,5609.617080019164
4579,6022.173441980957
4580,2959.6665321136084
4581,5506.911015971315
4582,6127.214028363362
4583,6186.964323868485
4584,4017.8061876523093
4585,4896.148640589816
4586,5381.208179457229
4587,4815.4265083683595
4588,5165.723254634613
4589,2839.798424298569
4590,3149.8564990527
4591,6553.2446780408845
4592,3796.926811901477
4593,4485.630120262076
4594,5526.095722424496
4595,5150.052056321461
4596,6957.669232230694
4597,8242.506820491188
4598,5095.0061104920305
4599,7070.02159426669
4600,6694.076181375953
4601,6346.257141169218
4602,5744.24849737111
4603,3355.5939958116187
4604,5151.705772586542
4605,11396.607445049682
4606,5602.62823877381
4607,6249.214848876466
4608,5142.439212017664
4609,4025.992092934899
4610,6260.406288967509
4611,6146.582799224013
4612,6227.63048665181
4613,6865.510082723215
4614,7034.155184699702
4615,8258.157607203573
4616,4590.696301131685
4617,11736.057497438767
4618,2157.6569704068315
4619,3535.1503420228314
4620,5762.083521252115
4621,4415.3409667098385
4622,9933.563691277428
4623,2628.6554184792417
4624,5331.973454920582
4625,5182.823709010187
4626,7780.315254770253
4627,9198.801593819117
4628,5006.186013769052
4629,2921.5395599395706
4630,6274.678747590695
4631,6837.864896895472
4632,4597.710701375714
4633,6266.336854907041
4634,6975.176205316412
4635,5937.698365950968
4636,5895.760698982943
4637,4917.368575342854
4638,6779.343045332724
4639,5705.38860862126
4640,7787.604982080356
4641,6664.634613080627
4642,17577.511307359302
4643,6183.972419914861
4644,6597.048673853649
4645,2415.6870425989637
4646,6309.083993438954
4647,5515.12218874786
4648,6168.234964875246
4649,6341.006539263773
4650,6301.233963203281
4651,3823.1217548600607
4652,6684.57474910434
4653,5812.407185796195
4654,9172.662724565416
4655,6865.8918584643
4656,6921.640063101341
4657,6989.691035512876
4658,4758.327448155092
4659,7040.031456814267
4660,7165.643479582325
4661,5415.388163110782
4662,6602.817181790788
4663,4020.863465943613
4664,9099.07250388708
4665,5894.1531610172715
4666,3769.908669491249
4667,5271.1437478937605
4668,6104.4190920816045
4669,5972.732065077252
4670,4197.181287370806
4671,5853.408407809105
4672,5152.280218213605
4673,5068.746037417404
4674,6005.330809978424
4675,8977.330660517508
4676,4930.492202844452
4677,5433.767543036721
4678,6024.118216581889
4679,5411.576466680121
4680,3029.379688167178
4681,4737.34082809406
4682,7796.46633008647
4683,5551.803457238656
4684,6995.062775776405
4685,6571.096079494994
4686,6769.361123391793
4687,5691.757050953626
4688,5853.408407809105
4689,8724.984084242833
4690,5866.518037601275
4691,6486.997604785873
4692,5216.711383799234
4693,5234.896305148753
4694,5133.301137373827
4695,2154.254398131879
4696,11709.186183299387
4697,5959.50068437019
4698,6363.185446750773
4699,5063.342717113404
4700,1396.832355840253
4701,6223.802565089792
4702,5525.870177493949
4703,5837.506326901054
4704,3875.684323631437
4705,6793.562671228854
4706,4838.72103569707
4707,4271.451962064414
4708,10108.189826452019
4709,5553.979415950575
4710,4736.132472726711
4711,3566.5878818167657
4712,4091.887040934735
4713,6085.745981234274
4714,12746.817238095233
4715,4861.231761970598
4716,6514.435554880247
4717,5210.362238736881
4718,3910.459588527836
4719,3671.182211552108
4720,5950.849535356583
4721,3288.154136780049
4722,10326.93284079156
4723,6608.348308379989
4724,3158.8860659294096
4725,6807.480906029994
4726,2723.483135070406
4727,3756.0029304905593
4728,6167.576225113154
4729,7697.917211539354
4730,8427.499093941049
4731,2781.8199616425454
4732,5381.876378665532
4733,4492.38650306316
4734,5904.893443805872
4735,16327.721977070554
4736,11820.7265
4737,6533.162690744182
4738,3033.4733273639313
4739,6493.269899019598
4740,4369.96236545609
4741,3171.839487707141
4742,6243.945873045413
4743,4546.1653079734415
4744,5748.731968179643
4745,6851.818565734757
4746,4868.0883704058415
4747,4529.156285682026
4748,6111.457458244509
4749,6163.1372585409445
4750,6638.263217897237
4751,2913.8085959013288
4752,5549.0139885754
4753,6788.401182461668
4754,8112.860044647711
4755,6152.662804823419
4756,6784.369695205332
4757,2403.4477486458436
4758,8532.114675034725
4759,5025.812734718587
4760,3263.692703450936
4761,4887.771763942231
4762,4672.8896739990505
4763,4863.963195933856
4764,6548.363093307689
4765,4536.152652007205
4766,6264.15985145053
4767,4721.558648555463
4768,5927.671639496906
4769,8436.898728871365
4770,4685.1896490665995
4771,6619.883345628245
4772,5934.367588843351
4773,2636.8576867017964
4774,6784.369695205332
4775,3692.5148051691863
4776,3260.789137684174
4777,5992.093063055775
4778,11072.492809523806
4779,9183.23331660255
4780,4428.515926664857
4781,5306.302230096446
4782,6763.773866871367
4783,6647.7223251152645
4784,6207.6421157131135
4785,8042.774808961965
4786,2991.856623922545
4787,4836.357805642305
4788,5612.139917408906
4789,5190.537387830953
4790,2723.8346574432317
4791,6947.712208027964
4792,5894.690633119134
4793,5306.302230096446
4794,5084.60826698315
4795,7554.8602655138375
4796,6986.902405905849
4797,5816.0626650519025
4798,5259.3773799744085
4799,4987.922209218864
4800,7100.065429957076
4801,4911.57220040785
4802,2450.772274270743
4803,6189.763549002327
4804,6091.435037394187
4805,6081.629830600366
4806,5223.380230631176
4807,3177.9843333660074
4808,6145.786427237849
4809,3656.3781396580575
4810,7337.597735634056
4811,5219.4398900737215
4812,4837.489055245286
4813,7019.035706505874
4814,4065.8135343277395
4815,4687.6058758348345
4816,8387.424900835715
4817,2765.6397240767255
4818,6373.803484018526
4819,9381.498316268637
4820,6814.96562792274
4821,3042.3877047362557
4822,4821.494999223569
4823,3729.1084326991077
4824,2370.164370688099
4825,5253.171830744154
4826,6160.715862232178
4827,5498.370060268233
4828,4721.377302287982
4829,5284.40530164389
4830,4860.828217641131
4831,9429.282441275227
4832,5914.1616919291055
4833,5712.277446764064
4834,3967.9950657281447
4835,5685.157010717008
4836,6278.362271234716
4837,5891.529935048365
4838,6904.6202976606155
4839,8258.490056811515
4840,7249.046420374115
4841,6681.222024992262
4842,6602.8457221143
4843,4274.334700548424
4844,5185.977185962275
4845,6746.73132881375
4846,6665.702643400529
4847,5793.758424868511
4848,14665.418219410441
4849,3861.3399359784607
4850,5427.317629650976
4851,4043.4453931112903
4852,6870.061794800908
4853,8217.22722442982
4854,6830.8095639877665
4855,6736.834269958918
4856,6933.12455776315
4857,7521.150529403668
4858,6390.987530969032
4859,4953.010039714294
4860,2791.435796279412
4861,4983.684870564595
4862,4249.372864246998
4863,3027.803375548837
4864,6902.162008644531
4865,17370.940749999998
4866,5515.167721065394
4867,5292.495083755776
4868,5010.2273233368505
4869,4177.0939455839125
4870,6523.294020978859
4871,2003.4405686391005
4872,5859.207420938749
4873,6736.834269958918
4874,5256.847880066065
4875,9963.040743554071
4876,11197.002552669554
4877,3229.8804282315127
4878,5234.493606001027
4879,4977.589565360346
4880,4964.170563682343
4881,4500.488654627944
4882,6798.65244942086
4883,3915.218724332744
4884,4300.236347073145
4885,4847.1819187995225
4886,4923.2997008462735
4887,4896.401654452647
4888,7529.551672011985
4889,5290.248579567031
4890,6849.655142465091
4891,5600.209095788306
4892,5174.3864048645055
4893,5088.501574926016
4894,4293.66905373231
4895,4770.887069121934
4896,4771.966283767023
4897,9386.820462043719
4898,5522.031820455224
4899,3520.926071428572
4900,6172.774563462494
4901,5038.246586837173
4902,5518.229019541767
4903,5136.367025370811
4904,5724.766035159198
4905,7760.453632928248
4906,7069.634515863946
4907,6665.49259196919
4908,3837.7545023297157
4909,4054.1237910104323
4910,6414.594888179121
4911,5385.03251348877
4912,4889.3312851822875
4913,4816.541909204652
4914,12004.789797243215
4915,6900.109464281639
4916,4735.6875703911755
4917,4645.52346058684
4918,4646.854147989233
4919,5579.9953874107405
4920,5139.151572705528
4921,9378.306015448596
4922,5756.653472858318
4923,4724.242541662053
4924,4324.440649130905
4925,2158.6909743011747
4926,4469.348689094505
4927,15492.054306600827
4928,2206.1352840420645
4929,4965.242977353362
4930,5656.275849851252
4931,6912.743743435193
4932,5698.928886930375
4933,6587.051590822763
4934,5632.278274114891
4935,5727.207371146215
4936,3010.173336143672
4937,5368.315321991437
4938,3979.495533062882
4939,5545.961878256585
4940,7935.83611367015
4941,4376.104671408709
4942,6296.854554769058
4943,6559.046365577535
4944,3276.0955842958215
4945,5779.282644915023
4946,4932.433716957633
4947,2767.6143703042444
4948,7264.003522770797
4949,6368.181141630346
4950,6591.020446964115
4951,9384.359867564142
4952,6718.414750042229
4953,6895.9540860271845
4954,5201.245644168321
4955,3656.5429054804576
4956,5808.101850296501
4957,0.0
4958,5971.016026368304
4959,2344.045712754614
4960,5861.3453857605855
4961,3197.6671864960067
4962,6686.282720231192
4963,4552.169187271494
4964,4933.60207354637
4965,5414.780045760892
4966,7058.546548960353
4967,5192.985012610005
4968,7571.052212286824
4969,5560.6865313241115
4970,6213.048112819097
4971,6495.459118231414
4972,6439.597164747949
4973,3604.0537751995703
4974,4741.222869809364
4975,5751.805501565715
4976,4558.357868333321
4977,7117.9649331050505
4978,5972.640358557834
4979,5503.118028591862
4980,8836.38507306337
4981,6596.982916666668
4982,2223.7672711621776
4983,9330.395677594994
4984,5989.55885451763
4985,6708.910860790927
4986,7477.437984912524
4987,6207.575307440989
4988,8006.349189214395
4989,5024.45141772959
4990,4674.329832488821
4991,3424.7676863511406
4992,6319.065042680854
4993,6609.779042590338
4994,2911.467745809232
4995,7584.344116996933
4996,6440.741162465294
4997,5020.922631422752
4998,6198.928128962886
4999,4309.969106180208
5000,6561.382782155993
5001,3009.5742448580772
5002,5277.621112138249
5003,5034.828048051685
5004,3880.726200512342
5005,6462.014062119973
5006,7205.463487387439
5007,7825.532162980042
5008,5875.788919268151
5009,3881.023662853256
5010,6659.219022887926
5011,6614.32224741174
5012,7222.927889158998
5013,3532.7651089282804
5014,3272.4322197510537
5015,8687.01779358926
5016,6007.074884313303
5017,3810.6866373450816
5018,6185.945958965574
5019,6718.414609752421
5020,6373.1207862968895
5021,4749.612474590551
5022,2156.111579667985
5023,5636.373651329356
5024,6711.091852743546
5025,5349.585280831256
5026,8870.485524793527
5027,6667.780481002301
5028,3431.1000887417886
5029,6020.02523390521
5030,2980.527998468911
5031,1118.5108902075187
5032,6220.480398677326
5033,9698.032306722687
5034,5291.446462063935
5035,4923.642904303605
5036,3231.0548185578764
5037,5104.014103069777
5038,7826.19195668776
5039,5977.754390810133
5040,8882.828241929261
5041,4702.351823365812
5042,4015.881808497982
5043,3378.7896196581237
5044,6401.193213963499
5045,3490.7903402942525
5046,2664.2840662691397
5047,6442.93532335086
5048,3779.8353064217577
5049,7041.50137747569
5050,4766.6058711588885
5051,5100.922076336859
5052,5041.285278873894
5053,6912.818553863865
5054,4620.326188089365
5055,3927.442714890707
5056,7401.653614183106
5057,7345.388215049589
5058,6669.164376264672
5059,2145.6893583507535
5060,5149.709894462563
5061,5189.8767158242035
5062,4300.223139884863
5063,7796.77873073668
5064,9427.105557796009
5065,6457.6778403119715
5066,6231.709500600749
5067,5108.364296622146
5068,7760.615711969171
5069,10480.947771792162
5070,3155.976777387082
5071,3967.3024501867294
5072,6343.54818230696
5073,5662.497607169526
5074,5460.854312633141
5075,9159.793673191227
5076,6745.335461229868
5077,6429.582580867889
5078,2723.6071073002945
5079,6331.024068801665
5080,5369.533935399916
5081,3288.6162095166533
5082,6093.575572952283
5083,3171.7221049766795
5084,6736.462927463905
5085,5298.03762666333
5086,4513.146112002771
5087,6430.329507080232
5088,4871.917039094537
5089,6189.376305016315
5090,6362.868269326376
5091,4795.440078477139
5092,7825.030881988141
5093,5605.169514824894
5094,6711.091852743546
5095,4966.162344216037
5096,4357.416989827733
5097,7600.859995970778
5098,2783.2302955010528
5099,10373.463079818785
5100,6750.687751284946
5101,4815.180331457697
5102,7193.657581507813
5103,4459.8200631625505
5104,4365.235484390485
5105,5673.5230986504175
5106,3055.396455648927
5107,2861.9350200616686
5108,6133.35115269635
5109,6150.0697773378815
5110,10718.802293242332
5111,5552.49049151846
5112,5464.645634526462
5113,4045.766409624389
5114,6700.326842618384
5115,3109.0666163271612
5116,9883.306667176608
5117,5086.428733005943
5118,12875.793158730157
5119,5648.251117685693
5120,5147.777214639989
5121,7812.54825
5122,6977.599334864749
5123,3234.6178810869123
5124,6912.818553863865
5125,6819.537027384037
5126,5860.653356459138
5127,5639.6805926458865
5128,4800.179478477317
5129,4138.496643077672
5130,5278.352083449991
5131,3741.6093149105463
5132,3058.421065794759
5133,7621.238429153298
5134,5075.065494790376
5135,21720.933484126985
5136,7443.287952380952
5137,3907.251823726687
5138,5864.722691118288
5139,6914.318476236722
5140,5008.075904068836
5141,6204.700323940305
5142,4915.445812295209
5143,6699.540742545132
5144,6020.611075964867
5145,4042.952990764091
5146,4702.9995985975975
5147,6410.476966030579
5148,6649.470763728948
5149,5871.326137631269
5150,6163.884068931413
5151,5609.950835813586
5152,4182.631765576018
5153,5759.952511633881
5154,7593.585532228042
5155,8930.034032214377
5156,7160.53965949779
5157,6927.932128902952
5158,3410.61989417416
5159,6578.022156744866
5160,3574.166155089866
5161,7011.108698503022
5162,8675.589804460406
5163,7616.053283172067
5164,5540.050354050203
5165,3862.087079025073
5166,4142.768542666095
5167,6115.914469505634
5168,8420.611665652377
5169,5423.610302538749
5170,5588.941424458841
5171,4588.794074285514
5172,6358.893186749844
5173,3439.0833740700746
5174,6712.965321811457
5175,3487.3193133494115
5176,6256.160626239573
5177,6378.535797534618
5178,5949.351759679676
5179,7664.418052371541
5180,6561.627042548859
5181,4008.772882179476
5182,5966.510183267052
5183,6635.729292612491
5184,8437.121454995142
5185,5332.661821391708
5186,6110.601599340106
5187,6959.716068780333
5188,6567.168270905103
5189,6457.235977507995
5190,8003.773148028908
5191,3556.386255745403
5192,5472.212516515915
5193,5221.6609712247655
5194,6405.376212061199
5195,6900.446204764308
5196,7745.89809489822
5197,4985.9341245311325
5198,6170.058904559079
5199,6268.963169258515
5200,8004.869503888425
5201,4924.802220099586
5202,6761.003287646488
5203,3705.8863568976944
5204,4939.504173160883
5205,7010.205988286043
5206,4273.332112905249
5207,5050.884987962367
5208,5428.591179829191
5209,6557.1331765411705
5210,5039.466880158189
5211,4908.968321020238
5212,6164.3877020364125
5213,6885.325477265462
5214,5335.115894784727
5215,4522.558538672627
5216,5901.08422031711
5217,9479.855073744458
5218,6649.470763728948
5219,5941.046629710257
5220,6589.889608974031
5221,5747.41274625929
5222,6604.539158900364
5223,8399.099936348666
5224,4329.172259644631
5225,6568.08846787897
5226,5526.056246952539
5227,5965.909639052406
5228,6086.537540598847
5229,5379.3278501068135
5230,5265.44609454564
5231,3941.4286606700753
5232,7279.732336374495
5233,7500.631632647482
5234,4516.09165970143
5235,4131.1155775792595
5236,6124.477744904846
5237,5353.699435527677
5238,5721.309340250619
5239,6833.505255153138
5240,5803.1256226832975
5241,6383.0872678355345
5242,4665.995424250383
5243,5375.409977592883
5244,4927.571795857005
5245,6592.979766282886
5246,6446.213513057371
5247,6637.245994874408
5248,6588.599136727459
5249,4694.234610296407
5250,6643.006871062871
5251,5885.91913836229
5252,5568.4121463804195
5253,6557.1331765411705
5254,6014.722722902791
5255,6661.138840824112
5256,6793.726755064733
5257,6194.188072838647
5258,6427.177542389375
5259,6940.814104624343
5260,6888.18345877153
5261,5430.980040758058
5262,3472.1088678324677
5263,4821.924877255994
5264,6258.261437297111
5265,5462.661838336173
5266,4288.25760858515
5267,5139.714562913975
5268,6015.165202906382
5269,6223.082810579584
5270,6254.373641467779
5271,5169.453984727361
5272,6351.360272689776
5273,5742.34257495297
5274,5182.910563463839
5275,4908.8732543627775
5276,6266.089280594114
5277,6163.8408059416015
5278,3166.633474589176
5279,6541.507475926308
5280,4137.0356634352775
5281,6830.382129967796
5282,6623.489635694457
5283,6573.125757611836
5284,11886.07273213406
5285,4343.09356005744
5286,4966.635886723977
5287,9045.416708752136
5288,6450.8403789142985
5289,7357.68489552006
5290,6911.482184309486
5291,5788.700018973581
5292,6395.099809030065
5293,5144.361985102984
5294,6176.830737364633
5295,6394.352994254657
5296,6506.3357059762875
5297,2572.688662162732
5298,6541.507475926308
5299,7366.120342161488
5300,9211.821929517058
5301,5124.2461440441175
5302,5674.007576607468
5303,5939.98338217245
5304,4691.906523317139
5305,2969.7072132419325
5306,5108.3521835661995
5307,6401.530501046691
5308,6527.28301948424
5309,5761.493303865231
5310,5246.358547602128
5311,6640.853748292443
5312,7260.704234434739
5313,6531.043927560672
5314,5751.548463347935
5315,6163.284733932632
5316,6953.573895021796
5317,5028.659047256452
5318,6495.110318732306
5319,5753.762635353949
5320,5783.046045216656
5321,3735.957530859739
5322,5664.572636524872
5323,4408.758230253384
5324,6570.942944547747
5325,6763.644525903804
5326,7202.160436872829
5327,6777.996720426932
5328,6335.040177667794
5329,6851.534838267391
5330,17109.95611533516
5331,8360.045235779762
5332,4077.539569061699
5333,2615.683078443183
5334,6370.650640857518
5335,7519.304572262028
5336,5285.038856573561
5337,12418.750304112558
5338,17672.437634920636
5339,5145.748914005267
5340,4757.922698145563
5341,7687.538629711864
5342,3856.6776529471867
5343,7137.027517605921
5344,5234.029074190234
5345,6579.245139376321
5346,0.0
5347,6540.8265355038275
5348,6578.36420339097
5349,6931.2025888101125
5350,7373.340379624561
5351,5744.081976367099
5352,6505.301601696767
5353,6053.308870220009
5354,5592.417134961488
5355,5063.329820151826
5356,6679.199435196647
5357,4689.739975124285
5358,5073.8736850515215
5359,5288.774872313462
5360,4877.659047636704
5361,4833.5801119029575
5362,6261.26453963524
5363,5647.541658815497
5364,6394.400534474997
5365,6428.298006663419
5366,6726.012053969325
5367,6083.272588294154
5368,3199.2427057792315
5369,5193.595989453583
5370,6590.631419629049
5371,5103.85841837264
5372,4826.315644176441
5373,6893.138764225846
5374,5511.4802834083375
5375,7851.345866596161
5376,6320.544779482968
5377,5935.63488235014
5378,4385.1146569218345
5379,5941.046629710257
5380,8088.904379915488
5381,5011.946642282318
5382,7905.97130340773
5383,12817.32670506017
5384,6795.947673364829
5385,5442.682741956823
5386,5800.600176024871
5387,4788.526586781307
5388,5783.6341302947285
5389,3307.481413812874
5390,5544.037429651041
5391,6975.2232672404625
5392,4756.681799674424
5393,12289.706983436852
5394,10324.327725030373
5395,5479.109519553304
5396,6072.970903308714
5397,4686.872732830254
5398,6579.245139376321
5399,4993.231251554535
5400,9934.725686486127
5401,6124.454719511639
5402,7562.55560289091
5403,4295.562568403166
5404,6597.339343731513
5405,4856.360046466327
5406,6407.374748861933
5407,5635.751695277212
5408,5345.5962132051245
5409,6179.4002104417095
5410,5896.299630844887
5411,7690.656999923002
5412,6780.871664744815
5413,6513.101059316542
5414,8208.560419178008
5415,6744.300899294625
5416,7624.091996025419
5417,4638.835262172918
5418,4401.309617159367
5419,6319.107820341442
5420,8038.439735448115
5421,6510.76320642735
5422,6980.948959928903
5423,6059.781442865067
5424,8153.490260820749
5425,6538.569268040892
5426,6815.25489069423
5427,6219.470778322637
5428,5657.49153330508
5429,11126.000913441847
5430,14613.757588203529
5431,5734.523336376933
5432,6408.281213583303
5433,7025.3294098884435
5434,6105.646615021347
5435,6816.05488571694
5436,5150.489095073612
5437,6002.940550973499
5438,6127.214028363362
5439,6102.13876353449
5440,3745.959980456822
5441,4923.853584564418
5442,4784.593006650318
5443,4984.404481073976
5444,6499.6940646485045
5445,4285.903133868032
5446,3670.1117972972925
5447,6544.964572220779
5448,3783.711151215096
5449,4109.807370616343
5450,4916.337804949848
5451,5133.879448313296
5452,6928.793141321604
5453,8021.602573461248
5454,6041.912189626368
5455,6052.843622393446
5456,6694.076181375953
5457,6816.05488571694
5458,6069.362607531815
5459,4526.899933052005
5460,4691.073411172297
5461,7748.311171670379
5462,5637.339224354002
5463,6249.214848876466
5464,5152.279800252958
5465,4100.6111402574825
5466,5851.917532426666
5467,5546.829195628187
5468,6210.128395479917
5469,6865.510082723215
5470,7034.155184699702
5471,10388.691873928308
5472,6198.611013368651
5473,7518.714989480617
5474,2830.4006496937673
5475,5105.115866721715
5476,5765.525487099162
5477,4072.8369044756146
5478,8380.751088873694
5479,4154.429157917477
5480,6042.699471383956
5481,6785.169877056809
5482,8969.90791754
5483,7154.322062378612
5484,4797.278836682133
5485,4168.277471715664
5486,6622.69627861733
5487,6837.864896895472
5488,4653.436593113967
5489,6248.834763735147
5490,6812.773830822429
5491,7130.896955931853
5492,5881.322561047718
5493,5150.950261301239
5494,6779.343045332724
5495,7157.3810391271345
5496,7304.421840997333
5497,6664.634613080627
5498,13309.080009129757
5499,6089.500484432916
5500,6597.048673853649
5501,3117.9518950225847
5502,5355.827566307025
5503,5192.570108699645
5504,6168.234964875246
5505,7095.831905974719
5506,6301.233963203281
5507,4766.750070173535
5508,6684.57474910434
5509,5242.783376771461
5510,7343.52490875838
5511,5975.689832250039
5512,6404.816548203394
5513,6989.691035512876
5514,4524.4406426515025
5515,6660.998091047975
5516,6048.804561065168
5517,4917.300257002818
5518,5982.947214645614
5519,5724.4919920743505
5520,8853.970770433556
5521,5894.1531610172715
5522,4402.379289228603
5523,6143.389541753726
5524,7490.753227517588
5525,6406.612859998178
5526,5065.365066000037
5527,6715.506730935442
5528,5017.113973185786
5529,5957.912448326428
5530,6005.330809978424
5531,8260.414096478846
5532,4971.421343709243
5533,6999.107777439265
5534,6015.341796828803
5535,4795.200810826923
5536,3453.922429966886
5537,4767.777546652828
5538,7796.46633008647
5539,6570.691224672109
5540,6995.062775776405
5541,8730.79181246192
5542,6769.361123391793
5543,6677.769067485429
5544,6694.318377501606
5545,6955.488219000267
5546,6732.926484966214
5547,6267.115303115246
5548,5157.227187980281
5549,7177.667421807531
5550,5120.682065579944
5551,3445.0273511755963
5552,9704.439485668263
5553,5959.50068437019
5554,6290.615031317715
5555,5497.114356310001
5556,1924.428456864349
5557,7215.163899533164
5558,5485.554135104503
5559,5837.506326901054
5560,5674.630306399071
5561,5745.610632800409
5562,6114.593224191509
5563,5474.687138850964
5564,6296.284875511028
5565,5553.979415950575
5566,4969.706957347355
5567,3486.051192921651
5568,3193.098814778234
5569,6095.321353074238
5570,16148.578642857137
5571,4575.448063090993
5572,6514.435554880247
5573,5567.83624019736
5574,4818.379325305822
5575,4049.540568565677
5576,5514.442361317654
5577,3579.680475655761
5578,6575.500931657409
5579,6608.348308379989
5580,3422.7918157983486
5581,6817.056277869959
5582,4030.0295457621432
5583,4303.262921714304
5584,6167.576225113154
5585,6718.0096268862135
5586,8335.88879990214
5587,4403.794692453557
5588,5637.51147786389
5589,4098.188083015939
5590,5949.667683464828
5591,12769.961702793631
5592,9084.049761904762
5593,6533.162690744182
5594,4616.453811920957
5595,6441.277770566795
5596,5325.919062423532
5597,4770.838271117565
5598,7448.28179244192
5599,4514.213503356516
5600,4799.844713648682
5601,6862.501447481524
5602,4451.7169626056075
5603,5097.7128884774465
5604,6198.655408904961
5605,6152.480789443311
5606,6508.482170918682
5607,3570.7645197503325
5608,5253.596943836916
5609,6788.401182461668
5610,7907.849293054453
5611,7208.698085065206
5612,6784.369695205332
5613,3736.7102473545633
5614,8167.028959009401
5615,5034.153057192709
5616,5606.173053907995
5617,6423.1907800808385
5618,6676.5996565499545
5619,5506.492253693192
5620,6548.363093307689
5621,6135.677022717881
5622,6319.525906452985
5623,4770.922654852034
5624,5752.143810046329
5625,6994.548235489585
5626,4276.767678335356
5627,6619.883345628245
5628,5031.532289624157
5629,4477.998610112578
5630,6784.369695205332
5631,4722.967620045487
5632,3258.535095284866
5633,6834.959005133321
5634,8624.976436507939
5635,7853.248085298983
5636,4551.066349362752
5637,6429.307345278194
5638,5571.469658516371
5639,6301.013067632956
5640,6207.6421157131135
5641,7558.4540196456655
5642,2808.419257144934
5643,4881.143652780084
5644,5635.944615394136
5645,5258.186255029144
5646,4253.264860695205
5647,6947.712208027964
5648,5885.035013691951
5649,6440.2783574385485
5650,6757.359705266964
5651,5723.492122367939
5652,6976.975726167288
5653,5855.328749811419
5654,5612.478421995756
5655,5536.264241169772
5656,6915.962544428513
5657,7664.278019727608
5658,3729.486662940085
5659,8610.615650170057
5660,5909.2080357533905
5661,6179.0574417017215
5662,4702.526561591827
5663,3268.6978693379206
5664,6145.786427237849
5665,4839.405886647231
5666,7288.176882741057
5667,5916.427695818766
5668,4863.195535887647
5669,7019.035706505874
5670,5162.5013244750135
5671,4645.587224927555
5672,6865.502538935721
5673,4549.224401519641
5674,6289.930114243559
5675,9299.896003742755
5676,6701.0894514430365
5677,5456.419577562055
5678,4376.051887657932
5679,4044.5731495490413
5680,2756.6252959234394
5681,6560.175087085414
5682,5269.112586915819
5683,7051.805780018893
5684,3745.1425869807244
5685,5571.511331832423
5686,5389.066192083232
5687,8021.803527951855
5688,5909.525858476851
5689,5167.716133597432
5690,3985.9682239773033
5691,6590.040336543779
5692,6227.544241809827
5693,6576.609403379788
5694,6857.400221389092
5695,8274.195583913473
5696,6544.304383374934
5697,6681.222024992262
5698,6602.8457221143
5699,4158.1686719208465
5700,5202.279369165581
5701,6746.73132881375
5702,7592.597237318904
5703,6171.4547831946375
5704,14879.098478873202
5705,4849.614104461736
5706,5272.636815761251
5707,5014.887159454879
5708,6870.061794800908
5709,8177.733051275381
5710,6810.011999052701
5711,6736.834269958918
5712,6933.12455776315
5713,6906.372529288645
5714,5973.83636904762
5715,4877.4826235337705
5716,5976.58788810005
5717,4840.273931396379
5718,4045.706053849212
5719,4091.1364405207
5720,6979.790356421396
5721,15555.850948717945
5722,6364.466012885273
5723,6212.086833269426
5724,5651.649155248618
5725,3854.4758014068684
5726,6523.294020978859
5727,3749.2342819243186
5728,7862.667411533318
5729,6736.834269958918
5730,6301.598367477773
5731,8387.606397602165
5732,12156.400567155066
5733,4441.577182354594
5734,5950.168902652335
5735,5016.948758820107
5736,5096.612147087161
5737,5863.14972373164
5738,6798.65244942086
5739,3978.0871185064025
5740,4229.6273937847445
5741,4981.005539758951
5742,4928.134273237762
5743,6568.427540211378
5744,7504.937273863882
5745,6230.632009609067
5746,6849.655142465091
5747,6360.577914947652
5748,5839.288432915531
5749,5130.235358604329
5750,3613.3105823521105
5751,6393.2397811498
5752,4180.881331439489
5753,7654.023039895459
5754,5546.484011988244
5755,4045.3905128057795
5756,6393.799486634674
5757,5089.52306563082
5758,4762.441994744312
5759,4979.968485931623
5760,5574.7626984796525
5761,6052.664620090202
5762,6895.939478497275
5763,6665.49259196919
5764,3653.199487714592
5765,5880.716629581357
5766,6072.254987349762
5767,5404.999303126187
5768,4645.655067187229
5769,6017.466290831632
5770,8723.147009293296
5771,6265.470453950997
5772,6384.75454342319
5773,6236.174478336532
5774,3945.724155162732
5775,6477.517494402091
5776,4857.431838521305
5777,10466.53466280858
5778,5650.337880273621
5779,4751.597434251044
5780,5123.612044400408
5781,5041.4777537962
5782,6569.738724753898
5783,15347.883188671505
5784,3597.1812204389485
5785,4957.613175465819
5786,8097.353572047907
5787,5790.4980245826855
5788,5742.764818572659
5789,6587.051590822763
5790,5499.192770746604
5791,5003.404321611362
5792,3970.5773820778804
5793,6245.050822325881
5794,4973.490290104512
5795,5739.0615987026285
5796,7270.2693060863485
5797,4889.9799645643925
5798,6222.773789185121
5799,6559.046365577535
5800,3312.2544353342737
5801,7405.899582360377
5802,6897.722760043227
5803,3766.1974292075097
5804,7188.987489564207
5805,6126.781369120817
5806,6591.020446964115
5807,9097.56525508825
5808,6718.414750042229
5809,7526.534157263431
5810,5085.509649108647
5811,4980.257777590351
5812,6268.982582654859
5813,3362.785452919643
5814,6461.993812345495
5815,3429.313862289579
5816,5753.134706694927
5817,4811.538801400594
5818,6686.282720231192
5819,5382.689286531402
5820,6409.825174202391
5821,5582.155323912415
5822,7058.546548960353
5823,5250.657188903614
5824,6974.038985985592
5825,5641.475615643768
5826,6572.451315849846
5827,6504.387428900823
5828,6219.850308746629
5829,3138.0645714275993
5830,5032.5765567513
5831,6514.737109513371
5832,4404.656863061216
5833,7068.912821431999
5834,5668.992009094924
5835,5391.32895704739
5836,8938.597530043853
5837,6579.24182142857
5838,3576.5678816600434
5839,8771.408308741957
5840,6476.2263290385845
5841,6708.910860790927
5842,7046.774870724936
5843,8321.449183749482
5844,6772.052313376292
5845,4831.292479117654
5846,5684.409605780213
5847,4789.389608146059
5848,5475.34688937566
5849,6296.627664337461
5850,4335.538397117107
5851,6396.488131018975
5852,6440.741162465294
5853,5196.308247284902
5854,6198.928128962886
5855,6421.907420248794
5856,5748.227551587259
5857,3386.786269895867
5858,6040.553202065315
5859,6164.31789890762
5860,6658.82172718514
5861,5955.342805010099
5862,5673.259618527781
5863,6971.254927320306
5864,5863.883480643142
5865,4316.510625340688
5866,6659.219022887926
5867,6614.32224741174
5868,7024.94951362664
5869,5040.772611228354
5870,3839.56558389837
5871,6424.757123512554
5872,7246.049729674386
5873,4951.222774938164
5874,6185.945958965574
5875,6691.013286126038
5876,5388.875804667545
5877,4745.671251339541
5878,3445.1157214292816
5879,5629.473628191943
5880,6711.091852743546
5881,5349.585280831256
5882,7577.402443461004
5883,6708.450957125568
5884,4408.681743474536
5885,6603.893736845596
5886,3266.3787697991716
5887,2990.839866481044
5888,6305.446100115572
5889,10345.151719421097
5890,6319.508517834648
5891,5116.540666693197
5892,3709.6801772290714
5893,6214.604864602612
5894,7059.462374341213
5895,4902.538248865283
5896,8542.592253752131
5897,4706.959342067419
5898,4034.130043860138
5899,4665.386510132443
5900,5108.334345104404
5901,5026.717467877639
5902,4369.519325264282
5903,6442.93532335086
5904,3883.7202915421117
5905,6656.46532678303
5906,5791.746581938678
5907,5023.296472011226
5908,4615.19333208199
5909,6912.818553863865
5910,4509.1929871214
5911,5151.577720821664
5912,7295.819219543593
5913,6591.9360153365005
5914,6659.218955031795
5915,3561.692876691526
5916,11029.039226943525
5917,5438.000463429823
5918,4417.133911319063
5919,7734.6303015510675
5920,6331.6503706904095
5921,6513.861249900445
5922,6240.125759405282
5923,6142.335327162294
5924,8360.32935778788
5925,10474.079585649944
5926,4039.7366168948274
5927,3871.8849161984
5928,6334.913218794641
5929,5777.9598655088
5930,5551.444601795349
5931,7042.215756912731
5932,7344.812748519908
5933,5336.390573197407
5934,3571.3995530901784
5935,5133.289206227956
5936,6845.469429328586
5937,4511.506614517101
5938,6093.575572952283
5939,3481.7908039378876
5940,6593.843891749829
5941,6050.416046809388
5942,6372.327628167913
5943,7123.104552824361
5944,6277.406820350213
5945,6189.376305016315
5946,6362.868269326376
5947,6757.19056304836
5948,7224.2640268103705
5949,6432.857702678428
5950,6711.091852743546
5951,4952.741808263287
5952,6353.016148852826
5953,6960.718962271649
5954,3948.920183656792
5955,10351.33852402716
5956,6750.687751284946
5957,4172.953763091414
5958,7087.62255566484
5959,5247.134287655915
5960,6275.497972168838
5961,6546.135469201009
5962,3588.7820948123954
5963,4050.767630704066
5964,6133.35115269635
5965,6691.254888934874
5966,9450.147653988848
5967,5299.331806604479
5968,5221.721417221619
5969,4574.22177599707
5970,6700.326842618384
5971,4335.118319472929
5972,9794.477992230277
5973,6426.455686861386
5974,10509.307905004644
5975,4012.909771277648
5976,5125.333670952264
5977,9667.656475723621
5978,6997.696965802583
5979,4104.163402233731
5980,6912.818553863865
5981,5402.214537092942
5982,4608.479135832764
5983,4658.46285554268
5984,4249.441107457608
5985,6286.784837796503
5986,4465.523767276577
5987,4241.1523249800075
5988,4405.60607931006
5989,7621.834428827856
5990,6382.819659557814
5991,20316.268154761907
5992,5767.72661031746
5993,3874.857888746038
5994,5702.649249246478
5995,7314.083765637325
5996,5011.183331277258
5997,6065.07817572846
5998,4882.248909600261
5999,6959.6299471604325
6000,5965.665075225148
6001,3785.4430913296487
6002,4664.824243250562
6003,5452.338867388825
6004,6314.629562008282
6005,5817.733837349768
6006,7852.441348447912
6007,3687.7913554772263
6008,3851.457820528889
6009,4178.1313408298
6010,7626.6539561679665
6011,8945.969183756644
6012,7308.771532383012
6013,5806.148418847071
6014,3612.717672722206
6015,5474.570963671841
6016,3562.224164721085
6017,6488.608308995845
6018,8164.120133812962
6019,7104.681426424233
6020,4450.935017232649
6021,3951.2684629387622
6022,4347.473188988798
6023,4888.277366299705
6024,8586.449104231515
6025,5243.474445475312
6026,4318.8043824472625
6027,4083.402882952196
6028,6326.138733588197
6029,3439.0833740700746
6030,5635.645682372254
6031,3166.096932298229
6032,5457.93811271156
6033,5566.767672315457
6034,4793.6231779677155
6035,6745.848297979796
6036,5874.446690842546
6037,4102.260149377177
6038,5966.510183267052
6039,5412.509223365233
6040,8735.03628703828
6041,5008.923883219078
6042,6456.0710874085
6043,6852.864957154533
6044,7211.383410673743
6045,5814.01825761227
6046,7360.586371548541
6047,3577.975660145268
6048,5752.69663880916
6049,5232.642193912016
6050,5323.769497325635
6051,6091.0722578996665
6052,5819.111368979019
6053,4978.103502964451
6054,5736.701611282053
6055,6180.464643529944
6056,7521.691567029182
6057,4916.028711920537
6058,8827.057214552355
6059,3712.2299570218665
6060,4931.583309398983
6061,7003.247896471508
6062,4185.886015502543
6063,4754.550258542577
6064,5035.749515118829
6065,5563.5695776130915
6066,4225.689563733865
6067,4315.797709437355
6068,5802.772254765951
6069,6217.010750602025
6070,5331.087733086733
6071,4470.8267920494545
6072,5842.696870337037
6073,9905.31228216963
6074,6108.703745624699
6075,4684.280566285566
6076,4954.004577344003
6077,5747.41274625929
6078,5928.61367913416
6079,7211.512039986737
6080,4326.2599614309265
6081,5458.122313940025
6082,5379.385124157958
6083,5595.006515796093
6084,6009.455473041435
6085,5353.530590838861
6086,4978.990633802522
6087,3837.64524759478
6088,6195.696580158562
6089,7479.401384346577
6090,4501.029280982222
6091,3981.8465217735247
6092,5375.226689124007
6093,4827.806049556533
6094,5513.113706225987
6095,6840.949830527246
6096,5771.4424410564825
6097,6575.641446230933
6098,4322.587907941516
6099,5352.950742950821
6100,4708.373015765606
6101,5873.874267651604
6102,6599.145700891594
6103,6637.673511336752
6104,5944.908466296943
6105,4622.574628782886
6106,6332.57234423282
6107,5885.91913836229
6108,5476.1457475658135
6109,5624.208745340922
6110,5567.236970896588
6111,6311.774547735205
6112,6651.051374051085
6113,5765.462227522657
6114,5371.418663077305
6115,6314.041891459446
6116,5427.246061989119
6117,5454.963910052795
6118,3480.607319467027
6119,4852.993840068907
6120,6258.261437297111
6121,4891.509633169784
6122,4182.2997589488605
6123,5139.714562913975
6124,6006.500026222634
6125,6202.7672358893005
6126,5652.864524965029
6127,5169.453984727361
6128,6083.701544959905
6129,5640.526045931229
6130,5055.467297875263
6131,4285.3590280414155
6132,6266.089280594114
6133,5789.876145290287
6134,3176.254046873146
6135,5549.451502987611
6136,3759.309626242257
6137,5996.305130142481
6138,6578.448947049768
6139,6554.4115772401055
6140,7401.0328748649135
6141,4345.67810965137
6142,4460.237874477902
6143,8865.668599324528
6144,5646.944941564689
6145,6363.024520949376
6146,6897.83908431284
6147,4695.785070456986
6148,4966.2542620389695
6149,5101.0144044968065
6150,6283.9266147539365
6151,6394.352994254657
6152,5795.7529918317105
6153,2422.7146810177082
6154,5457.725618596663
6155,6674.430219091422
6156,7034.9192327063265
6157,4704.394194244069
6158,5481.632432079783
6159,5604.0518451429725
6160,4797.452156087312
6161,2960.6268690872607
6162,5108.3521835661995
6163,5327.293999885593
6164,5353.5500781014725
6165,5755.770677718441
6166,5246.358547602128
6167,6645.111798887687
6168,6596.965787030437
6169,5543.149645524332
6170,3703.6499771047866
6171,6163.284733932632
6172,5911.551265835598
6173,4697.675133113191
6174,6434.001451173927
6175,4295.598001605079
6176,5184.97561224101
6177,2922.1140170018875
6178,5795.332820881017
6179,3913.936737929116
6180,6299.819299828469
6181,5760.019447792865
6182,6748.043443813131
6183,6895.948448509661
6184,5304.741367584326
6185,5746.370594326934
6186,17042.964846458297
6187,8451.464439454952
6188,4085.780519598382
6189,2250.6968544188167
6190,5094.418486553046
6191,7336.637291289946
6192,5096.475317822631
6193,12318.625894438655
6194,16561.04252731092
6195,5099.845632487973
6196,4744.377969960507
6197,6529.757909089627
6198,3833.6033715490526
6199,7009.887682000993
6200,5177.581618953867
6201,6129.008882605483
6202,4717.592476190476
6203,5833.358473765992
6204,4948.369851857732
6205,6246.455567980005
6206,6829.820039208766
6207,4961.082143231022
6208,5659.566053431943
6209,6042.984970209262
6210,4810.881475575215
6211,5063.329820151826
6212,5638.823319428158
6213,4288.968035447663
6214,4978.628841597758
6215,5207.060978488369
6216,4873.406873576997
6217,4817.363587692722
6218,6249.604775669859
6219,5647.541658815497
6220,6049.438266379932
6221,5547.867510193592
6222,6142.01293601102
6223,4802.9298460407645
6224,2801.0641503263682
6225,5144.093143848865
6226,6590.631419629049
6227,4672.398399433437
6228,4838.425917840947
6229,6812.378932155153
6230,5371.639942346382
6231,7818.249063479572
6232,6068.232810352454
6233,5557.421745983398
6234,4342.261323801411
6235,4669.995756181567
6236,7850.89681866389
6237,4380.294186846317
6238,6564.343573497679
6239,12905.709726451323
6240,6406.671794998785
6241,6451.386189067239
6242,4705.516960423047
6243,4769.745681878088
6244,5741.367787964501
6245,3260.254640181343
6246,5367.972846910198
6247,7894.536620468185
6248,4638.1579046332845
6249,12610.963149021265
6250,10418.28030162007
6251,4306.278345481846
6252,5695.501160778946
6253,4723.2522612288
6254,6144.267564146541
6255,4972.8186025622035
6256,9408.543708739307
6257,5281.367128673695
6258,7568.837419525257
6259,4293.814199721417
6260,6144.267564146541
6261,4408.888364509408
6262,6377.84396208214
6263,5108.380695045711
6264,4704.037155929665
6265,5682.931940219726
6266,5940.835039222554
6267,6231.088742977965
6268,6488.031957463768
6269,4661.767326397279
6270,7966.421204386268
6271,5789.876145290287
6272,7652.8079574432
6273,4591.58762896663
6274,4161.599312010653
6275,5179.4371343409175
6276,6437.942519643365
6277,5535.885868933489
6278,5911.291125170482
6279,5217.539960601263
6280,7220.8969935782325
6281,4027.221712232111
6282,6789.370813498344
6283,6105.382470936221
6284,5704.125964217036
6285,10349.23429817051
6286,14990.463787042829
6287,5657.209869288101
6288,6030.370955626964
6289,7045.860399136862
6290,6105.646615021347
6291,6511.086188113499
6292,4946.292467086153
6293,6002.940550973499
6294,4637.461903637995
6295,5718.166879674626
6296,3715.9463787321124
6297,4967.862551816447
6298,3960.407251360783
6299,4776.627564085554
6300,6499.6940646485045
6301,4311.9744450051485
6302,3600.9843069956237
6303,4657.248638596888
6304,3486.133260423204
6305,3802.4466176875285
6306,4709.442339487356
6307,5089.528602084375
6308,5921.410283259257
6309,5849.354798580716
6310,6286.660034543847
6311,5093.116695490485
6312,5593.807533485288
6313,6690.623384973603
6314,6316.422279380751
6315,4008.8749097240448
6316,4553.113344275952
6317,6728.545666646585
6318,5825.840485819525
6319,6118.721262755376
6320,3088.5196759703163
6321,4146.415610300918
6322,5686.619652204199
6323,5242.94251710752
6324,4185.076189284862
6325,6011.160634137386
6326,5844.895031043897
6327,10492.428995779755
6328,5072.938027593033
6329,7003.506189699293
6330,2835.0764222049766
6331,4864.262748197294
6332,5672.487894849986
6333,3338.378585401677
6334,7115.699560823783
6335,4114.530299532842
6336,6129.725204639856
6337,6189.38952292709
6338,9203.455807197593
6339,7448.700505051601
6340,4642.420418485169
6341,4086.638777324895
6342,7209.926771843986
6343,5921.410283259257
6344,4809.124742784517
6345,4062.927364856767
6346,5713.770490724722
6347,7405.270970059334
6348,3854.3150338257647
6349,5150.950261301239
6350,5632.143700836558
6351,6421.485383129164
6352,9650.370828693282
6353,4885.02458487253
6354,13531.050866272622
6355,5709.592171570677
6356,5207.112031509795
6357,3098.254146417359
6358,5067.230447113341
6359,4914.3909433476
6360,4197.682701134378
6361,5867.789443514822
6362,4078.624590169541
6363,4768.117418762411
6364,5150.414830936964
6365,5712.2548463462335
6366,7241.838255444607
6367,5176.496668962218
6368,6298.962270298953
6369,5942.797505850909
6370,4242.924244489015
6371,6406.946261395369
6372,5941.174095289325
6373,4781.917504093214
6374,5031.249522107378
6375,5853.246070354413
6376,8467.810414122834
6377,5411.260291057179
6378,4437.430954021613
6379,6212.1113773225525
6380,6470.336020936105
6381,5940.192092088988
6382,5006.082634181252
6383,6207.624518015033
6384,4980.973168514409
6385,5625.07522725021
6386,5052.42516495295
6387,6872.61519333689
6388,4984.994223867219
6389,6064.730167875818
6390,4868.661122606028
6391,3930.7602654173947
6392,3350.2643301111616
6393,4114.461107462623
6394,7024.025159198965
6395,6958.540001039871
6396,8092.570441477308
6397,10380.110018925277
6398,5527.0745858684495
6399,5557.553910033862
6400,6137.3355764063635
6401,6468.160888526866
6402,6207.624518015033
6403,5359.182436106137
6404,5157.227187980281
6405,6260.93130736198
6406,5112.160663121734
6407,3445.0273511755963
6408,9438.711047872235
6409,4571.518390764957
6410,6052.9231311322255
6411,5153.48873524316
6412,2061.0452401934326
6413,7117.801050904432
6414,5087.132561148911
6415,4497.913473676723
6416,5832.2590609498975
6417,5107.320277156073
6418,6111.674625883753
6419,5472.846812494345
6420,5500.630627401854
6421,4351.40821917482
6422,3946.012166435017
6423,3491.4022351519793
6424,3184.4118813810537
6425,5711.349469214375
6426,15711.155270146519
6427,4544.510915949534
6428,4450.942340404285
6429,5533.313956672564
6430,4802.761239336366
6431,4082.23219947936
6432,4365.7448375961
6433,3598.390817490518
6434,6111.988179060352
6435,4978.53460220695
6436,3374.8512923649064
6437,5753.669812163861
6438,4011.4462877995024
6439,4340.434499473742
6440,5783.604341253289
6441,6164.755709444032
6442,8308.781036435115
6443,4331.26500533598
6444,5548.694606671568
6445,3913.57166471227
6446,4612.312008353902
6447,12782.48420526044
6448,8421.708303625082
6449,5547.991008439222
6450,4282.4717225887525
6451,4209.327001371522
6452,4950.264664054303
6453,4770.838271117565
6454,9053.298254981702
6455,4530.57165032614
6456,4923.58529756201
6457,5493.487220758436
6458,4082.2616623337485
6459,5122.312007921897
6460,6222.970332777243
6461,5696.249908497379
6462,5331.230573502989
6463,3462.1918621564273
6464,5166.184372578173
6465,5564.2674890967955
6466,7738.074984143077
6467,7017.337645405347
6468,5553.335975699751
6469,3693.1874778575952
6470,6970.115484053052
6471,4972.7552254859465
6472,5806.077866891594
6473,6115.466485161898
6474,6148.732054368052
6475,5506.492253693192
6476,4963.906220198301
6477,6010.600820381218
6478,6063.798864423922
6479,4902.683516424699
6480,5751.964548086352
6481,5664.74492584226
6482,4091.105404917557
6483,7397.816459176793
6484,4834.470160582952
6485,4351.04810717408
6486,6758.939509509685
6487,4787.841871340839
6488,3283.0691486582086
6489,6537.260197083462
6490,7557.887116897597
6491,7863.669822392187
6492,4548.3243739869795
6493,6089.480638263861
6494,5489.1230640327385
6495,6182.489922795928
6496,4911.53081427596
6497,6405.204827105474
6498,2771.706113040551
6499,4870.346677238823
6500,5188.4149527804
6501,5500.170703163045
6502,4201.673060709712
6503,5849.345256503552
6504,5832.453677015799
6505,6048.101288138199
6506,6653.318505823817
6507,4895.337432077268
6508,5902.211644209309
6509,4797.447416546597
6510,5602.667528593022
6511,5589.204972747586
6512,5749.624597510597
6513,6831.236237818139
6514,4009.0782329997096
6515,8331.943590050127
6516,6029.015545029455
6517,6172.800354851878
6518,4390.22208187899
6519,3292.0572936010144
6520,5228.5921409335015
6521,4829.678688945115
6522,6197.33311748212
6523,5608.624448327514
6524,4839.903227698811
6525,6368.546918994649
6526,5173.437966099152
6527,4511.12736472949
6528,6737.426388763532
6529,4525.322094069201
6530,6140.334242817513
6531,8642.41303791976
6532,6730.957816226262
6533,5788.287452284125
6534,4277.501065527202
6535,3481.6150501673033
6536,2779.0165557652967
6537,6443.722270197003
6538,4572.767733486588
6539,6231.718700673438
6540,3593.2111291284114
6541,5328.158880079221
6542,5325.768701926268
6543,8019.629501963953
6544,4057.0021425762206
6545,4690.692592931783
6546,3905.683511567371
6547,6590.040336543779
6548,4740.2426310268065
6549,5714.391783891837
6550,6581.148655756747
6551,8282.897067148273
6552,5714.9383174143495
6553,6384.358744124745
6554,5751.91280035865
6555,4074.8251006021596
6556,4560.053873554112
6557,6822.3522436984695
6558,7404.82589595496
6559,6342.503254978108
6560,14050.628086016059
6561,4813.868903673349
6562,4707.756459982724
6563,5099.578458844734
6564,6448.606797737046
6565,6477.639536291258
6566,5655.989563936106
6567,5764.070801495911
6568,6197.33311748212
6569,6634.302955162408
6570,5229.3270749506355
6571,4270.582426155892
6572,5933.778378053742
6573,3902.281774321787
6574,4059.970154124838
6575,3979.8869761836313
6576,6867.648793480473
6577,14300.619928571428
6578,6113.052532671927
6579,5354.610512679193
6580,5446.706594214132
6581,3382.3291982522296
6582,5536.0051067482555
6583,3441.281403690628
6584,7484.688977628685
6585,5581.167229182982
6586,5639.306865325845
6587,6826.398883079457
6588,11641.692017371519
6589,4399.566746765568
6590,5928.428149033034
6591,3206.5501522832683
6592,5094.843816517018
6593,6116.060598082133
6594,7185.390498503353
6595,3912.577387293896
6596,3775.9608693475784
6597,5176.874566397859
6598,4774.37327060744
6599,5812.318888148499
6600,5041.556053552383
6601,6043.673503165765
6602,5848.4729312235895
6603,6360.577914947652
6604,5620.694798636708
6605,5071.3748997239145
6606,3590.0743632381736
6607,6228.893274723606
6608,4114.279629116268
6609,6388.773798202479
6610,5789.999160633307
6611,3971.6850827335984
6612,5889.764926706982
6613,4743.941470336434
6614,3928.481957767943
6615,4811.365150123476
6616,5135.338804971166
6617,6021.1038507689345
6618,6866.741234621735
6619,5327.498931894151
6620,3700.5994380073757
6621,5880.716629581357
6622,5900.488670670025
6623,4444.31271281711
6624,4641.915362503821
6625,6139.100105503388
6626,7544.515145343046
6627,5437.059737436362
6628,5660.151558298762
6629,6236.174478336532
6630,3866.6108098390296
6631,6268.041386974428
6632,4746.742311782296
6633,10496.147488213262
6634,5391.627439665009
6635,4618.807008562091
6636,4141.89704014672
6637,3646.635709466967
6638,6580.565727366647
6639,15763.14948174503
6640,3582.1732702749914
6641,3930.891461623087
6642,7233.9531857090105
6643,5589.2234522309855
6644,5736.851187392286
6645,5950.289854471398
6646,4894.246448925091
6647,4389.884192255373
6648,3930.0763571100183
6649,6245.050822325881
6650,4922.125038622393
6651,5725.936783474182
6652,5393.463236220812
6653,4266.245913534399
6654,5767.656270484767
6655,4922.199484620295
6656,3323.591872695762
6657,7687.594521447572
6658,6541.224147941136
6659,3766.1974292075097
6660,5687.099885445035
6661,5118.457782282541
6662,5104.517376616121
6663,7421.084409141884
6664,5277.34194435903
6665,7134.273819808024
6666,5085.509649108647
6667,4011.513619479067
6668,6373.306164575139
6669,3149.5996483146337
6670,6255.636545803228
6671,3451.625995819305
6672,5087.547843318369
6673,4804.016162017741
6674,5884.176960036432
6675,5390.802706444822
6676,5674.800701793009
6677,5412.7385054146125
6678,5845.651164626165
6679,4901.100059319488
6680,6640.994136131294
6681,5700.725118431006
6682,6128.141025417631
6683,6286.569174969537
6684,6054.157474228515
6685,3018.0690673595805
6686,5027.974674398359
6687,6365.546578828915
6688,4408.116865523663
6689,7548.457548723224
6690,5287.1272725204435
6691,5269.272412314346
6692,8755.42623375349
6693,6439.103809523807
6694,3537.0636713352524
6695,16338.653931535628
6696,6596.203636599484
6697,4703.586760554903
6698,6483.344582411033
6699,8268.44325316016
6700,4887.217827672226
6701,4690.7676211911885
6702,5638.631419115663
6703,4768.026975072904
6704,5070.265363484913
6705,5784.768152926019
6706,4104.04900222225
6707,5731.20591630925
6708,5427.246061989119
6709,5622.9085378380305
6710,5238.832560586214
6711,6289.5358313026
6712,5623.213584977862
6713,3438.6546074560447
6714,5996.094278146944
6715,5751.8606767601905
6716,6011.692866732746
6717,5768.63436449419
6718,5515.043365360933
6719,6924.4687195448905
6720,5700.69448459538
6721,4185.353995860062
6722,4749.463895731274
6723,5486.751621521519
6724,5902.992419257638
6725,4212.876885866409
6726,3823.355996515386
6727,6408.270245714877
6728,7107.454355536815
6729,4850.785492165881
6730,6140.527719701995
6731,5970.62853080668
6732,5418.507390912571
6733,4072.2222311241894
6734,3438.0543228993943
6735,5364.537489189071
6736,5476.314200427415
6737,5339.437580886036
6738,7684.329619681289
6739,6847.443485134681
6740,4329.378732227238
6741,6440.082088568764
6742,3625.903911356605
6743,3019.9415725286467
6744,6365.182481753861
6745,10382.79254084967
6746,6010.47292546194
6747,5116.540666693197
6748,3701.9258753019294
6749,6097.604374369677
6750,7114.22579029997
6751,4744.265118349181
6752,6302.094130330223
6753,4713.392556536556
6754,3997.5872451300133
6755,4570.720646045612
6756,4268.281559772882
6757,4998.952261205967
6758,3966.777088510396
6759,4380.552336572206
6760,3837.5308752467977
6761,6510.734912207163
6762,5309.605393162317
6763,4236.530495660321
6764,4613.032400418829
6765,5442.701051627638
6766,4245.907398916098
6767,5143.115212885156
6768,5833.414771978233
6769,6229.553702210938
6770,4753.783419926752
6771,3483.573128425844
6772,10166.062957438002
6773,5103.035258653502
6774,4261.332972116605
6775,6037.533149845055
6776,6231.446597600688
6777,6276.70844657451
6778,4877.6050810765155
6779,6145.149104500557
6780,7172.877084871082
6781,10716.778795047865
6782,3774.114468087405
6783,3782.557527666872
6784,4084.115431426203
6785,5873.972068564466
6786,5286.532376071672
6787,6577.42570865966
6788,7068.509912252479
6789,5067.88375697659
6790,3528.636381037982
6791,4947.379022571247
6792,7343.201731252
6793,3994.021491169863
6794,5191.401895036197
6795,3585.103015685749
6796,6178.736435468505
6797,6069.316855675544
6798,6111.949120422662
6799,7149.147882483022
6800,5905.029879602271
6801,3410.070728184739
6802,5428.726045824478
6803,6108.1201672314955
6804,6826.047903333182
6805,6098.711891099261
6806,6070.274133918633
6807,4797.595003529154
6808,5888.678064577378
6809,6634.412709312172
6810,3907.3440944128297
6811,9620.4158587138
6812,5476.116997533138
6813,3549.3990265849243
6814,5252.878135378827
6815,5269.024456666874
6816,6132.2578663712075
6817,6243.54099836739
6818,3560.4928210028716
6819,3621.8051908950383
6820,5304.3631560362755
6821,6468.232048398133
6822,8918.704873261024
6823,4735.868824300507
6824,5234.04041943112
6825,4601.775337061674
6826,5382.32871328933
6827,4304.145913375738
6828,8006.5598409400045
6829,6271.716445329233
6830,10473.71575993817
6831,3690.3692577888846
6832,5128.057376742397
6833,9500.858951303597
6834,7042.450966226955
6835,3992.9624769341676
6836,8124.832381653637
6837,5372.895157084675
6838,4390.3739520068975
6839,4186.446076354497
6840,3976.869987719568
6841,6027.084314956778
6842,4273.170635100143
6843,4182.31186329134
6844,4384.815494517383
6845,7035.5777730802865
6846,6176.004278592891
6847,19001.849499999997
6848,5032.026050751879
6849,3874.857888746038
6850,5790.807415913143
6851,7301.6109618496685
6852,5007.67563286456
6853,6067.579240241661
6854,4877.031909600261
6855,7001.813097857863
6856,5969.2979591611975
6857,3538.8390894808967
6858,4668.346002733893
6859,5452.338867388825
6860,6317.130626521482
6861,5815.527452214633
6862,7852.441348447912
6863,3687.7913554772263
6864,3846.1057932384406
6865,4174.152738769093
6866,7635.472153832371
6867,8929.02208322345
6868,7451.751484763963
6869,5806.148418847071
6870,3500.8728053232994
6871,5474.570963671841
6872,3652.9529572115566
6873,6491.109373509044
6874,8230.722301631731
6875,7132.104157055854
6876,4453.320422225008
6877,3981.746283285083
6878,4147.4287408114
6879,4888.277366299705
6880,8792.120131960395
6881,5281.845365434422
6882,4297.464407977404
6883,4084.7054976986856
6884,6362.892800158485
6885,3444.3133740700746
6886,5635.645682372254
6887,3153.450010942724
6888,5457.93811271156
6889,5575.000621033407
6890,4816.37937255138
6891,6749.9630144300145
6892,5876.947755355745
6893,4145.364676571041
6894,5966.510183267052
6895,5412.509223365233
6896,8491.65570273189
6897,4863.654060892398
6898,6464.66337636954
6899,7027.821904305255
6900,7211.383410673743
6901,5814.01825761227
6902,7325.478683368815
6903,3609.0565015561738
6904,5755.197703322359
6905,5232.642193912016
6906,5323.769497325635
6907,6100.550580963047
6908,5830.761190407589
6909,4978.103502964451
6910,5736.701611282053
6911,6180.464643529944
6912,7425.456063061607
6913,4919.539780858087
6914,8829.558279065555
6915,3748.9842614788813
6916,4931.583309398983
6917,7003.247896471508
6918,4198.197754368382
6919,4771.396535251978
6920,5035.749515118829
6921,5563.5695776130915
6922,4221.917190764293
6923,4348.0181006947905
6924,5802.772254765951
6925,6219.390786444319
6926,5359.026544156132
6927,4485.552487134924
6928,5842.696870337037
6929,10018.846364602698
6930,6111.204810137899
6931,4700.778452729695
6932,4954.004577344003
6933,5747.41274625929
6934,5940.03116974398
6935,7211.512039986737
6936,4326.2599614309265
6937,5458.122313940025
6938,5392.907419251277
6939,5602.334371651948
6940,6037.686692818898
6941,5353.530590838861
6942,4964.986197137016
6943,3854.8333666423987
6944,6305.335111559626
6945,7479.401384346577
6946,4501.029280982222
6947,3981.8465217735247
6948,5375.226689124007
6949,4867.597002704096
6950,5515.6147707391865
6951,6836.424830527246
6952,5593.615653124433
6953,6609.467217313736
6954,4351.325799198953
6955,5352.950742950821
6956,4708.373015765606
6957,5876.375332164804
6958,6759.3339040924675
6959,6644.661273003419
6960,5944.908466296943
6961,4626.722643251497
6962,6332.57234423282
6963,5885.91913836229
6964,5473.562540907169
6965,5624.208745340922
6966,5627.498593912463
6967,6314.275612248404
6968,6651.051374051085
6969,5765.462227522657
6970,5371.418663077305
6971,6314.041891459446
6972,5427.246061989119
6973,5452.352798941685
6974,3501.772560099005
6975,4927.336979030286
6976,6258.261437297111
6977,4869.274189724341
6978,4148.356240051091
6979,5139.714562913975
6980,6049.299752220086
6981,6202.7672358893005
6982,5652.864524965029
6983,5169.453984727361
6984,6086.2026094731045
6985,5642.356651104952
6986,5055.467297875263
6987,4322.293652522174
6988,6266.089280594114
6989,5789.876145290287
6990,3205.7783880033867
6991,5551.952567500811
6992,3759.309626242257
6993,5996.305130142481
6994,6638.607767225207
6995,6563.979077240106
6996,7401.0328748649135
6997,4345.67810965137
6998,4469.784988540731
6999,8834.319580950483
7000,5646.944941564689
7001,6338.0776572456725
7002,6897.83908431284
7003,4669.0495605212645
7004,4972.007529969781
7005,5109.225102909505
7006,6283.9266147539365
7007,6394.352994254657
7008,5798.25405634491
7009,2422.7146810177082
7010,5460.226683109862
7011,6699.818809481809
7012,7070.980011020221
7013,4718.72153490341
7014,5509.427522205391
7015,5604.0518451429725
7016,4788.860055612167
7017,2960.6268690872607
7018,5108.3521835661995
7019,5327.293999885593
7020,5353.5500781014725
7021,5755.770677718441
7022,5246.358547602128
7023,6645.111798887687
7024,6596.965787030437
7025,5543.149645524332
7026,3703.6499771047866
7027,6163.284733932632
7028,5911.551265835598
7029,4702.383704214738
7030,6449.90283077889
7031,4304.61269672703
7032,5184.97561224101
7033,2789.7316713133337
7034,5844.406351338606
7035,3949.440705562563
7036,6302.320364341669
7037,5760.019447792865
7038,6798.975608315295
7039,6805.80264438153
7040,5304.741367584326
7041,5746.370594326934
7042,16963.391407162642
7043,8209.050976563996
7044,4033.827036991418
7045,2255.665604418817
7046,5094.418486553046
7047,7350.373627411199
7048,5096.475317822631
7049,12041.31014554866
7050,16507.209793183938
7051,5102.346697001172
7052,4744.377969960507
7053,6093.790266787443
7054,3833.6033715490526
7055,6811.941407016193
7056,4927.852382825585
7057,6131.509947118683
7058,0.0
7059,5833.358473765992
7060,4948.369851857732
7061,6253.47004573176
7062,6836.807800875432
7063,4551.224662902247
7064,5659.566053431943
7065,6042.984970209262
7066,4810.881475575215
7067,5063.329820151826
7068,5638.823319428158
7069,4288.968035447663
7070,4978.628841597758
7071,5233.872020155036
7072,4873.406873576997
7073,4835.8258968634955
7074,6247.230132812716
7075,5647.541658815497
7076,6049.438266379932
7077,5547.867510193592
7078,6192.629708764629
7079,4813.9687323770395
7080,2831.806933780146
7081,5144.093143848865
7082,6590.631419629049
7083,4672.398399433437
7084,4838.425917840947
7085,6923.859274327892
7086,5355.57904375747
7087,7898.3002166168635
7088,6070.733874865654
7089,5548.018647977517
7090,4301.253548685597
7091,4686.493642625696
7092,7852.20974444968
7093,4384.408831832767
7094,6691.465164063303
7095,12900.863900746299
7096,6398.70634045333
7097,5251.814242389236
7098,4701.912017894311
7099,4769.745681878088
7100,5741.367787964501
7101,3248.933213743018
7102,5362.209236320251
7103,7894.536620468185
7104,4644.199915292513
7105,13310.296387116501
7106,10308.465004001027
7107,4297.436252504304
7108,5695.501160778946
7109,4734.371569103525
7110,6146.768628659741
7111,4972.8186025622035
7112,9434.518371435825
7113,5276.357166667617
7114,7565.325258696939
7115,4293.814199721417
7116,6146.768628659741
7117,4362.192038391368
7118,6368.702297343148
7119,5088.522413982569
7120,4733.548686792135
7121,5446.536258407835
7122,5943.515150333664
7123,6236.968803019372
7124,6495.628624779878
7125,4661.767326397279
7126,7970.895544213108
7127,5789.876145290287
7128,7786.104254368494
7129,4614.372742528572
7130,4161.599312010653
7131,5179.4371343409175
7132,6437.942519643365
7133,5535.885868933489
7134,5817.08433222244
7135,5217.539960601263
7136,7220.8969935782325
7137,4022.9605342872487
7138,6886.515142926111
7139,6112.979138252331
7140,5704.125964217036
7141,10399.246544874453
7142,14419.358863221492
7143,5657.209869288101
7144,6037.358717293632
7145,7074.030827552076
7146,6105.646615021347
7147,6525.561432665381
7148,4951.298083988684
7149,6002.940550973499
7150,4642.587710306733
7151,5718.166879674626
7152,3715.9463787321124
7153,4965.641263301041
7154,3978.2573090778988
7155,4781.336135187102
7156,6499.6940646485045
7157,4311.9744450051485
7158,3599.0359899054984
7159,4657.248638596888
7160,3493.261706104179
7161,3802.4466176875285
7162,4727.383085316705
7163,5110.3139963213
7164,5921.410283259257
7165,5849.354798580716
7166,6294.2567018599575
7167,5102.263829344533
7168,5593.807533485288
7169,6698.220052289713
7170,6326.192478759275
7171,4008.8749097240448
7172,4577.426284502431
7173,6726.460907931122
7174,5833.4371531356355
7175,6118.721262755376
7176,3085.2782480644223
7177,4257.4182641774805
7178,5645.48102763028
7179,5259.89751710752
7180,4192.949814284862
7181,6011.160634137386
7182,5844.895031043897
7183,10563.447402183681
7184,5100.789824979608
7185,7011.8247452548485
7186,2838.766249386185
7187,4964.319203095422
7188,5672.487894849986
7189,3338.378585401677
7190,7124.5940749831125
7191,4114.530299532842
7192,6137.321871955966
7193,6196.9861902432
7194,9245.364385123206
7195,6842.453752064187
7196,4642.420418485169
7197,4080.4813014998635
7198,7244.636701122628
7199,5921.410283259257
7200,4711.815032787196
7201,4058.6661869119043
7202,5713.770490724722
7203,7237.428196426893
7204,3854.3150338257647
7205,5150.950261301239
7206,5632.143700836558
7207,6421.485383129164
7208,9669.518450531059
7209,4890.777852803341
7210,13719.85136627262
7211,5688.4510044371555
7212,5212.865299440606
7213,3059.6608419716995
7214,5102.341181694693
7215,4895.908982749331
7216,4197.682701134378
7217,5880.36451023901
7218,4078.624590169541
7219,4768.117418762411
7220,5150.414830936964
7221,5719.851513662344
7222,7241.838255444607
7223,5197.82074139543
7224,6303.927270298953
7225,5942.797505850909
7226,4242.924244489015
7227,6414.542928711479
7228,5957.404996190226
7229,4860.591009831854
7230,5139.374204106909
7231,5873.553571003857
7232,8335.04046049094
7233,5411.260291057179
7234,4502.4857479472485
7235,6255.074683055329
7236,6470.336020936105
7237,5947.788759405098
7238,5006.082634181252
7239,6215.221185331143
7240,4980.973168514409
7241,5592.001810583544
7242,5052.42516495295
7243,6872.61519333689
7244,4991.246912727378
7245,6057.3529668910705
7246,4868.661122606028
7247,3958.3476848136547
7248,3358.775185849652
7249,3955.2853369282225
7250,7024.025159198965
7251,6963.858964700371
7252,8106.95915825959
7253,10391.69935799258
7254,5527.0745858684495
7255,5565.150577349972
7256,6144.932243722474
7257,6475.757555842976
7258,6215.221185331143
7259,5356.332826769528
7260,5157.227187980281
7261,6268.52797467809
7262,5134.430679461602
7263,3445.0273511755963
7264,9489.820666792464
7265,4571.518390764957
7266,6060.519798448336
7267,5148.001971279517
7268,2096.2381107975793
7269,7125.397718220542
7270,5064.837966925819
7271,4640.969225467018
7272,5841.587222518881
7273,5069.404698325182
7274,6126.389508688078
7275,5472.846812494345
7276,5482.957716773834
7277,4351.40821917482
7278,3910.393238376158
7279,3527.0341304082012
7280,3184.4118813810537
7281,5711.349469214375
7282,15679.860079670325
7283,4544.510915949534
7284,4450.942340404285
7285,5622.706935721295
7286,4802.761239336366
7287,4082.23219947936
7288,4387.688483899992
7289,3599.7233616273966
7290,6105.755202869876
7291,4978.53460220695
7292,3378.689031495341
7293,5753.669812163861
7294,4013.4363480502757
7295,4340.434499473742
7296,5783.604341253289
7297,6207.474926309835
7298,8300.808661527653
7299,4331.26500533598
7300,5559.489145133107
7301,3913.57166471227
7302,4612.312008353902
7303,12733.951612507844
7304,8098.709864064643
7305,5547.991008439222
7306,4304.1666910521835
7307,4209.327001371522
7308,4954.463571109026
7309,4770.838271117565
7310,7903.2730201806935
7311,4616.87483854368
7312,4925.0937250054885
7313,5565.765501785151
7314,4082.2616623337485
7315,5122.312007921897
7316,6297.046611821144
7317,5696.249908497379
7318,5338.991442330462
7319,3462.068433570145
7320,5166.184372578173
7321,5564.2674890967955
7322,7729.5336017561785
7323,6977.493435084255
7324,5553.335975699751
7325,3693.1874778575952
7326,6970.115484053052
7327,4990.508244392291
7328,5813.674534207704
7329,6117.958717543754
7330,6156.328721684162
7331,5506.492253693192
7332,4963.906220198301
7333,6018.197487697328
7334,6067.396890737412
7335,4924.7109782993575
7336,5751.964548086352
7337,5650.064874861869
7338,4091.105404917557
7339,7393.280329299098
7340,4834.470160582952
7341,4351.04810717408
7342,6758.939509509685
7343,4756.548774987647
7344,3355.991275130102
7345,6554.930073268798
7346,7508.199331183311
7347,7915.763672372169
7348,4550.821318431424
7349,6097.077305579971
7350,5492.043064032739
7351,6196.294684700689
7352,4911.53081427596
7353,6281.448154975851
7354,2773.376946373884
7355,4879.570313461732
7356,5188.4149527804
7357,5500.170703163045
7358,4213.344283653436
7359,5849.345256503552
7360,5832.453677015799
7361,6055.6979554543095
7362,6646.998877732531
7363,4899.5363391319925
7364,5902.211644209309
7365,4797.447416546597
7366,5574.773370042756
7367,5611.675537512409
7368,5749.624597510597
7369,6958.2155787143265
7370,3518.045945850689
7371,8327.502399573936
7372,6120.397279059255
7373,6228.191174794589
7374,4420.760363704101
7375,3344.842563298147
7376,5228.5921409335015
7377,4829.678688945115
7378,6197.33311748212
7379,5615.392623881607
7380,4844.93673981949
7381,6368.546918994649
7382,5178.267213733228
7383,4438.332840851483
7384,6745.023056079642
7385,4419.493363899424
7386,6147.930910133623
7387,8773.183258962228
7388,6751.282661321907
7389,5795.884119600235
7390,4251.897735003012
7391,3507.95882698879
7392,2725.247643143523
7393,6455.361160413046
7394,4570.534272702275
7395,6247.707724372907
7396,3557.884362762353
7397,5312.507975317316
7398,5325.768701926268
7399,8144.157324860654
7400,4057.0021425762206
7401,4699.613867298254
7402,4028.3824514288617
7403,6590.040336543779
7404,4740.2426310268065
7405,5740.301638025263
7406,6512.352256742835
7407,8326.510987961681
7408,5714.9383174143495
7409,6384.358744124745
7410,5751.91280035865
7411,4074.8251006021596
7412,4560.475605308574
7413,6822.3522436984695
7414,7413.225935055645
7415,6347.822218638608
7416,14042.26657735805
7417,4813.868903673349
7418,4690.438665471624
7419,5003.383252478461
7420,6448.606797737046
7421,6477.639536291258
7422,5655.989563936106
7423,5764.070801495911
7424,6197.33311748212
7425,6673.751288495741
7426,5337.427734307359
7427,4230.169341663449
7428,5933.778378053742
7429,3919.251716975869
7430,4065.0234700314004
7431,3987.862091984382
7432,6835.493535342947
7433,14143.439535714284
7434,6120.649199988037
7435,5362.207179995303
7436,5449.787032409946
7437,3390.3481246994234
7438,5536.0051067482555
7439,3298.818267222558
7440,7472.266233389909
7441,5581.167229182982
7442,5646.903532641955
7443,6833.995550395567
7444,11738.817496003998
7445,4511.9144020479525
7446,5889.234631328344
7447,3213.3056481356657
7448,5094.843816517018
7449,6123.657265398243
7450,7185.390498503353
7451,3908.5332031885314
7452,3775.9608693475784
7453,5179.1495153991345
7454,4770.315054644999
7455,5839.39933680293
7456,5041.556053552383
7457,6051.2701704818755
7458,5869.3563785480965
7459,6360.577914947652
7460,5589.725786839878
7461,5071.3748997239145
7462,3590.0743632381736
7463,6236.489942039716
7464,4117.407874730303
7465,6415.194556278709
7466,5789.999160633307
7467,3891.372377839443
7468,5897.361594023092
7469,4618.401125175923
7470,3950.425604071834
7471,4813.859816790142
7472,5166.865847225017
7473,6021.1038507689345
7474,6753.646567955068
7475,5327.498931894151
7476,3719.882903975214
7477,5880.716629581357
7478,5911.242670670026
7479,4444.31271281711
7480,4663.744051764852
7481,6146.696772819498
7482,7552.111812659156
7483,5499.288328043199
7484,5667.748225614872
7485,6236.174478336532
7486,3866.6108098390296
7487,6275.638054290538
7488,4746.742311782296
7489,10517.038777292362
7490,5386.399102451724
7491,4618.807008562091
7492,4184.070262368944
7493,3619.8218317840137
7494,6580.565727366647
7495,15898.80372238083
7496,3543.8350233243377
7497,3829.3542189198424
7498,7264.850168971591
7499,5595.161168482167
7500,5740.1594555902175
7501,5950.289854471398
7502,4894.246448925091
7503,4543.857347315728
7504,3924.459408464845
7505,6245.050822325881
7506,4931.046312988864
7507,5725.936783474182
7508,5393.463236220812
7509,4274.162183375669
7510,5767.656270484767
7511,4947.709922931984
7512,3412.472657287314
7513,7719.6934123116125
7514,6533.84694695639
7515,3767.403906964838
7516,5687.099885445035
7517,5039.2687082435
7518,5104.517376616121
7519,7422.719044062518
7520,5277.34194435903
7521,7167.297581225163
7522,5085.509649108647
7523,4014.79088418495
7524,6378.625128235639
7525,3048.8846803595643
7526,6263.233213119338
7527,3328.7027553704584
7528,5002.059659670098
7529,4804.016162017741
7530,5884.176960036432
7531,5397.147706444823
7532,5682.397369109119
7533,5412.7385054146125
7534,5845.651164626165
7535,4910.02133368596
7536,6546.083095520364
7537,5776.4700142715665
7538,6132.157108750965
7539,6294.165842285647
7540,6035.131196908648
7541,2996.7740720911265
7542,5029.836341065025
7543,6373.143246145025
7544,4407.0728655236635
7545,7570.364116283477
7546,5287.1272725204435
7547,4825.326006016859
7548,8712.842393410763
7549,6032.783142857142
7550,3492.1076685388653
7551,16349.133237481572
7552,6603.800303915594
7553,4703.586760554903
7554,6483.344582411033
7555,7786.294608261383
7556,4887.217827672226
7557,4710.479037092435
7558,5638.631419115663
7559,4768.026975072904
7560,5142.720609762322
7561,5784.768152926019
7562,4031.5519622298384
7563,6249.30918492189
7564,5427.246061989119
7565,5623.531319854144
7566,5238.832560586214
7567,6297.13249861871
7568,5623.213584977862
7569,3437.8286973524255
7570,5996.094278146944
7571,5751.8606767601905
7572,6004.315665747999
7573,5760.095506685332
7574,5591.996418975644
7575,6924.4687195448905
7576,5700.69448459538
7577,4185.353995860062
7578,4749.463895731274
7579,5486.751621521519
7580,5902.992419257638
7581,4218.697153840265
7582,3823.355996515386
7583,6929.119681933463
7584,7130.301348865625
7585,4850.785492165881
7586,6140.527719701995
7587,5979.26132397556
7588,5403.155565086745
7589,4081.897684028125
7590,3406.7916089039377
7591,5359.3091519757845
7592,5476.314200427415
7593,5339.437580886036
7594,7448.576318063173
7595,6879.350842091628
7596,4334.108959499966
7597,6441.694348760757
7598,3687.580300245494
7599,3023.9804799360536
7600,6372.052950707205
7601,11655.387857142854
7602,6010.47292546194
7603,5116.540666693197
7604,3712.3844644809956
7605,6097.604374369677
7606,6716.208106076641
7607,4750.870330587923
7608,6309.497434552646
7609,4725.460919631794
7610,4000.792618032111
7611,4581.773871134242
7612,4241.967826208648
7613,5002.606034810236
7614,3966.777088510396
7615,4380.552336572206
7616,3844.0985811291507
7617,6518.331579523273
7618,5269.107898854294
7619,4265.566111067941
7620,4613.032400418829
7621,5442.701051627638
7622,4251.178315049419
7623,5145.6346966591045
7624,5833.414771978233
7625,6237.1503695270485
7626,4753.783419926752
7627,3486.7471568678275
7628,10261.033167889087
7629,5070.014722631469
7630,4297.237678433315
7631,6037.533149845055
7632,6485.185754284022
7633,6284.30511389062
7634,4885.892409165093
7635,6147.060013591466
7636,7186.2724334755085
7637,10840.015643948964
7638,3782.3922409187626
7639,3785.4440494060027
7640,4079.8542534813405
7641,5503.474582854705
7642,5286.445709405005
7643,6413.042003381013
7644,7071.465013161881
7645,5067.88375697659
7646,3520.74541449188
7647,4936.966961166301
7648,7335.824530267253
7649,3994.021491169863
7650,5191.401895036197
7651,3582.65231214628
7652,6248.525301354425
7653,6149.022449710336
7654,6119.545787738773
7655,7149.147882483022
7656,5912.626546918381
7657,3410.070728184739
7658,5428.726045824478
7659,6141.13529909832
7660,6850.459960263875
7661,6106.308558415371
7662,6070.274133918633
7663,4638.050723084283
7664,5904.0300947967135
7665,6650.221470753896
7666,3907.3440944128297
7667,9609.72860381184
7668,5476.116997533138
7669,3672.115801643952
7670,5252.878135378827
7671,5252.792683425186
7672,6099.006568524829
7673,6251.1376656835
7674,3601.5143231673733
7675,3621.347704470644
7676,5304.3631560362755
7677,6469.773916553369
7678,8942.69877930993
7679,4771.950944523758
7680,5261.372984268715
7681,4743.816713626994
7682,5388.180588747206
7683,4304.145913375738
7684,8006.5598409400045
7685,6279.313112645343
7686,10705.03431761697
7687,3690.3692577888846
7688,5276.185584192199
7689,9643.623760827408
7690,7081.951388958622
7691,3992.9624769341676
7692,8188.937113710896
7693,5396.853921915198
7694,4427.933025728864
7695,4094.0041349180947
7696,4017.211442265023
7697,6034.680982272888
7698,4321.590728971599
7699,4182.31186329134
7700,4384.815494517383
7701,7042.607567303195
7702,6183.600945909001
7703,18935.50899999999
7704,5173.310086466165
7705,3902.382145403682
7706,5890.418242958985
7707,7301.6109618496685
7708,5275.354062176603
7709,6083.912703337847
7710,5121.313164608446
7711,7020.412261264352
7712,5969.2979591611975
7713,3583.0926521337033
7714,4672.639336067226
7715,5452.338867388825
7716,6323.114357530441
7717,5825.613125014055
7718,7856.061348447912
7719,3693.841188911508
7720,3846.1057932384406
7721,4189.023447018368
7722,7781.887945034642
7723,9197.792694834567
7724,8002.007467099566
7725,5806.148418847071
7726,3653.858283570303
7727,5474.570963671841
7728,3723.095043090675
7729,6506.943104518004
7730,8243.693634965064
7731,7138.087888064812
7732,4469.558254866799
7733,3991.4011582850826
7734,4230.235508699311
7735,4888.277366299705
7736,8901.824822116487
7737,5392.14195373637
7738,4310.610900554258
7739,4136.709776854021
7740,6645.4987885470655
7741,3467.7315801632476
7742,5635.645682372254
7743,3189.588103639897
7744,5457.93811271156
7745,5575.000621033407
7746,4838.341989223053
7747,6801.220478354978
7748,5879.965772078991
7749,4275.232928437464
7750,5966.510183267052
7751,5412.509223365233
7752,8425.006046538649
7753,4984.371124922068
7754,6468.978140330034
7755,7182.82279364792
7756,7336.772614034615
7757,5814.01825761227
7758,7383.189710875245
7759,3688.3816112667246
7760,5769.630791046739
7761,5232.642193912016
7762,5323.769497325635
7763,6101.20746407993
7764,5861.289998543898
7765,4978.103502964451
7766,5736.701611282053
7767,6348.018653555007
7768,7445.7947440071885
7769,4919.539780858087
7770,8848.344819598322
7771,3826.915855927657
7772,4936.986642732317
7773,7080.790288304142
7774,4276.766646707927
7775,4827.311761201028
7776,5046.329278953157
7777,5563.5695776130915
7778,4252.48241222641
7779,4422.661183658239
7780,5802.772254765951
7781,6291.945795011255
7782,5458.039962357755
7783,4602.69642308429
7784,5842.696870337037
7785,10395.130096988903
7786,6117.1885411468575
7787,4756.596104847352
7788,4954.004577344003
7789,5747.41274625929
7790,6017.897123168561
7791,7211.512039986737
7792,4346.411083068631
7793,5458.122313940025
7794,5462.3710926864
7795,5665.114937153524
7796,6037.686692818898
7797,5353.530590838861
7798,4963.597863803683
7799,3854.8333666423987
7800,6426.131199650791
7801,7481.121611619305
7802,4501.029280982222
7803,4111.127377877354
7804,5375.226689124007
7805,4976.4881640427575
7806,5521.598501748146
7807,6871.305651040067
7808,5626.71225700416
7809,6819.6978921620685
7810,4437.281427861326
7811,5352.950742950821
7812,4708.373015765606
7813,5882.359063173763
7814,6994.045275350354
7815,6644.661273003419
7816,5944.908466296943
7817,4678.31446609429
7818,6332.57234423282
7819,5885.91913836229
7820,5495.351235092357
7821,5624.208745340922
7822,5642.18806186118
7823,6320.259343257364
7824,6667.2951931287735
7825,5779.756524938992
7826,5371.418663077305
7827,6340.31700268327
7828,5427.246061989119
7829,5508.129715608353
7830,3553.035289650806
7831,5002.21166979812
7832,6258.261437297111
7833,4884.343454135369
7834,4148.03822072742
7835,5139.714562913975
7836,6122.001814543565
7837,6202.7672358893005
7838,5652.864524965029
7839,5169.453984727361
7840,6092.186340482064
7841,5701.798922221362
7842,5066.0470617095925
7843,4380.135271810408
7844,6266.089280594114
7845,5789.876145290287
7846,3262.95459506052
7847,5563.77308518996
7848,3763.956092105711
7849,5996.305130142481
7850,6692.042014311453
7851,6747.138499218805
7852,7401.0328748649135
7853,4345.67810965137
7854,4518.217765946904
7855,9276.374686688312
7856,5659.575193137017
7857,6338.0776572456725
7858,6897.83908431284
7859,4675.753514009637
7860,4978.67456396361
7861,5196.6728271158545
7862,6283.9266147539365
7863,6394.352994254657
7864,5804.237787353869
7865,2458.8062155583375
7866,5466.210414118821
7867,6889.923688833512
7868,7133.1970180747685
7869,4957.123569418733
7870,5571.648261239507
7871,5604.0518451429725
7872,4875.300937558443
7873,2962.940589160926
7874,5114.372128598716
7875,5327.293999885593
7876,5353.5500781014725
7877,5803.331712826481
7878,5246.358547602128
7879,6661.355617965373
7880,6589.349456637905
7881,5543.149645524332
7882,3703.6499771047866
7883,6163.284733932632
7884,5921.348230870564
7885,4745.580485398842
7886,6720.003363435598
7887,4304.61269672703
7888,5199.278950832699
7889,2796.6504534771207
7890,5990.381242138724
7891,3959.173626807984
7892,6308.304095350629
7893,5769.1614452155445
7894,6919.9410585317455
7895,7053.998387673163
7896,5304.741367584326
7897,5746.370594326934
7898,17007.56379084243
7899,8416.46740868977
7900,4162.340975000443
7901,2266.8652131726003
7902,5094.418486553046
7903,7704.926099243598
7904,5109.072551317889
7905,11920.352725000002
7906,17058.146170168064
7907,5131.679490341292
7908,4748.013227933024
7909,6252.236514076569
7910,3841.4535169871733
7911,6777.096067437885
7912,5094.775280351702
7913,6137.493678127643
7914,0.0
7915,6043.824863215497
7916,4948.369851857732
7917,6325.095298302529
7918,6836.807800875432
7919,4561.526277517112
7920,5659.566053431943
7921,6042.984970209262
7922,4818.95348134722
7923,5063.329820151826
7924,5638.823319428158
7925,4292.5593742283045
7926,4984.143663026329
7927,5251.898853488369
7928,4873.406873576997
7929,4850.333064988826
7930,6278.770816983615
7931,5647.541658815497
7932,6049.438266379932
7933,5547.867510193592
7934,6778.940260150592
7935,5009.08382429375
7936,2831.806933780146
7937,5146.728278706986
7938,6599.465026095047
7939,4672.829718060888
7940,4847.847352284052
7941,6863.437846726055
7942,5355.57904375747
7943,7972.826205103235
7944,6076.717605874613
7945,5548.018647977517
7946,4370.907270530973
7947,4734.274444094001
7948,8009.983381777344
7949,4393.242400014585
7950,6499.849024047704
7951,13406.967801280154
7952,6478.72549896799
7953,5303.578462416981
7954,4701.912017894311
7955,4769.745681878088
7956,5741.367787964501
7957,3346.5812854519318
7958,5433.646815486826
7959,7904.337681871693
7960,4689.618750941688
7961,13287.962839497459
7962,10879.303711950482
7963,4302.723419781471
7964,5734.072399479665
7965,4768.999269963368
7966,6152.7523596687
7967,4977.834200455636
7968,9510.365641418091
7969,5265.131184524758
7970,7879.145190159565
7971,4299.986658737811
7972,6152.7523596687
7973,4442.943358321438
7974,6368.702297343148
7975,5109.46145738008
7976,4847.043112213561
7977,5814.709054791718
7978,5996.68696885338
7979,6258.321741000009
7980,6506.092619939781
7981,4661.767326397279
7982,8098.748625866608
7983,5789.876145290287
7984,8437.91259042809
7985,4635.247457423151
7986,4165.1906507912945
7987,5179.4371343409175
7988,6437.942519643365
7989,5535.885868933489
7990,5850.983892845032
7991,5217.539960601263
7992,7220.8969935782325
7993,4022.9605342872487
7994,7129.687868233683
7995,6129.312601348517
7996,5704.125964217036
7997,10496.017896983813
7998,15118.82504608523
7999,5657.209869288101
8000,6048.595332555952
8001,7219.1575304272355
8002,6105.646615021347
8003,6539.948247697805
8004,5003.134248417813
8005,6002.940550973499
8006,4686.1175006722315
8007,5718.166879674626
8008,3716.3799225686316
8009,4965.547090161335
8010,4084.3283330884947
8011,4824.532916371206
8012,6525.420648558111
8013,4318.348156753389
8014,3602.4301185819695
8015,4657.248638596888
8016,3573.070909706132
8017,3809.8036199739713
8018,4772.833093729206
8019,5170.23014893069
8020,5921.410283259257
8021,5849.354798580716
8022,6300.240432868916
8023,5121.5757853144205
8024,5593.807533485288
8025,6704.203783298672
8026,6326.192478759275
8027,4008.8749097240448
8028,4602.677411316793
8029,7122.7667043120255
8030,5843.29150673037
8031,6118.721262755376
8032,3094.0770119882454
8033,4264.254945104397
8034,5761.155636341983
8035,5236.99751710752
8036,4222.117883731335
8037,6011.160634137386
8038,5844.895031043897
8039,10625.91817862445
8040,5100.789824979608
8041,7023.4264926317255
8042,2856.072312256606
8043,5078.738776495878
8044,5672.487894849986
8045,3338.378585401677
8046,7140.749139159424
8047,4114.530299532842
8048,6143.305602964925
8049,6202.969921252159
8050,9408.161253549577
8051,6870.012479503414
8052,4648.254519719736
8053,4148.184131641804
8054,7244.636701122628
8055,5921.410283259257
8056,5086.267081485664
8057,4058.6661869119043
8058,5746.480210155123
8059,7373.15529798863
8060,3854.3150338257647
8061,5150.950261301239
8062,5632.143700836558
8063,6425.029826743337
8064,9800.757464888233
8065,4897.444886797171
8066,13749.798921828175
8067,5754.5388244012
8068,5219.532333434436
8069,3064.4599253050324
8070,5118.693566354257
8071,4895.908982749331
8072,4197.682701134378
8073,6089.046769990868
8074,4078.624590169541
8075,4768.117418762411
8076,5150.414830936964
8077,5725.835244671302
8078,7251.499755444607
8079,5220.906165573444
8080,6303.927270298953
8081,5942.797505850909
8082,4242.924244489015
8083,6427.422170568565
8084,6300.145380436102
8085,5064.14782494679
8086,5164.681217499767
8087,5871.877469734335
8088,9319.085775521133
8089,5425.563629648868
8090,4544.87973778675
8091,6316.5907291532485
8092,6493.819127046026
8093,5953.772490414058
8094,5009.849525372962
8095,6221.2049163401025
8096,4980.973168514409
8097,5649.263903379637
8098,5052.42516495295
8099,6880.151272889111
8100,4994.48405558452
8101,6069.959640964334
8102,4868.661122606028
8103,4053.860929089463
8104,3385.6591704387683
8105,3929.5834909925848
8106,7024.025159198965
8107,6963.858964700371
8108,8119.8553217816025
8109,10572.433430265626
8110,5527.0745858684495
8111,5571.134308358932
8112,6150.9159747314325
8113,6481.741286851935
8114,6221.2049163401025
8115,5356.332826769528
8116,5157.227187980281
8117,6295.374853217177
8118,5137.82234612827
8119,3496.9337848306936
8120,9663.106969090391
8121,4571.518390764957
8122,6066.503529457295
8123,5185.7005476580935
8124,1883.8407539955213
8125,7137.209012254711
8126,5137.351866006138
8127,4835.865763716472
8128,5861.356151940538
8129,5116.284914506661
8130,6158.793821860353
8131,5477.0132929807705
8132,5467.172948423361
8133,4375.14200963043
8134,3912.8471646582097
8135,3560.506297970368
8136,3189.9641155801883
8137,5711.349469214375
8138,16387.189642857138
8139,4590.82815165124
8140,4450.942340404285
8141,5802.9391438894545
8142,4802.761239336366
8143,4082.23219947936
8144,4445.032775710027
8145,3671.841915366146
8146,6134.076234615907
8147,4978.53460220695
8148,3382.697157463333
8149,5753.669812163861
8150,4011.0722449625605
8151,4372.006198882797
8152,5783.604341253289
8153,6272.039474930305
8154,8613.438937984398
8155,4334.2610886166385
8156,5578.583083729596
8157,3916.9033892209354
8158,4734.710924150323
8159,13100.359972443517
8160,8893.692831274333
8161,5547.991008439222
8162,4350.876749944231
8163,4209.327001371522
8164,4962.29928539474
8165,4770.838271117565
8166,8181.412791630939
8167,4797.7602268724895
8168,5052.68766579795
8169,5639.4165022835705
8170,4091.4780782789144
8171,5122.312007921897
8172,6431.014272540587
8173,5696.249908497379
8174,5338.991442330462
8175,3503.9873522296252
8176,5167.929372578173
8177,5564.2674890967955
8178,7784.3658564765055
8179,7178.852797801867
8180,5553.335975699751
8181,3714.198666209727
8182,6970.115484053052
8183,5025.353251318942
8184,5826.473500702432
8185,6234.36782288158
8186,6162.312452693121
8187,5506.492253693192
8188,4963.906220198301
8189,6034.530950793514
8190,6115.8294525400615
8191,4968.689291770003
8192,5758.736562604355
8193,5630.387351359566
8194,4091.105404917557
8195,7419.923027736468
8196,4816.975005315998
8197,4356.52937061494
8198,6758.939509509685
8199,4768.0233173119395
8200,3400.09701589307
8201,6615.092512750392
8202,7963.675545469025
8203,8074.7606248272095
8204,4560.819003616609
8205,6103.061036588931
8206,5501.284875456532
8207,6196.294684700689
8208,4913.74564813672
8209,6285.451666880614
8210,2776.663885726984
8211,4890.030456318875
8212,5188.4149527804
8213,5514.913728665094
8214,4239.762172678826
8215,5858.7519832829075
8216,5849.535247560354
8217,6061.681686463268
8218,6887.044365157266
8219,4899.5363391319925
8220,5902.211644209309
8221,4797.447416546597
8222,5620.420024149789
8223,5714.723120589519
8224,5779.334951163233
8225,6977.003224471124
8226,3550.2842460582597
8227,8318.614399573937
8228,6250.429111310336
8229,6261.210759841763
8230,4477.413938073906
8231,3387.6234168430697
8232,5228.5921409335015
8233,4815.4028128767395
8234,6197.33311748212
8235,5673.918248004711
8236,4850.556453445356
8237,6368.546918994649
8238,5312.581930380152
8239,4441.144217900663
8240,6751.0067870886005
8241,4426.943022061212
8242,6153.914641142582
8243,8816.98471042743
8244,6994.2670861602555
8245,5801.867850609194
8246,4246.3254269644995
8247,3597.602086267664
8248,2832.0925028859756
8249,6577.306682073537
8250,4596.7601273122045
8251,6264.114484432445
8252,3593.9147133285455
8253,5333.482308650648
8254,5328.999839800021
8255,8009.801746704482
8256,4063.005892576221
8257,4750.583852918433
8258,4065.99619260272
8259,6590.040336543779
8260,4740.2426310268065
8261,6037.002275016732
8262,6793.696109337052
8263,8554.970859227125
8264,5733.016035320379
8265,6384.358744124745
8266,5751.91280035865
8267,4078.6176215055048
8268,4564.540740932443
8269,6822.3522436984695
8270,7420.264066375533
8271,6347.822218638608
8272,14351.383565453287
8273,4813.868903673349
8274,4699.987124011123
8275,5094.882947075529
8276,6448.606797737046
8277,6477.639536291258
8278,5655.989563936106
8279,5764.070801495911
8280,6197.33311748212
8281,6695.852859289297
8282,5485.318147005772
8283,4212.70536695827
8284,5938.128243645141
8285,3941.763829141264
8286,4081.4406380426954
8287,4010.4095999670967
8288,7134.111392981318
8289,14374.99270238095
8290,6126.632930996997
8291,5368.190911004262
8292,5527.602378040012
8293,3400.7885155662957
8294,5536.0051067482555
8295,3338.7248683074035
8296,7896.706497740043
8297,5581.167229182982
8298,5652.887263650914
8299,6845.719248805672
8300,12060.118366883122
8301,4669.043236285185
8302,6005.354343734359
8303,3214.6315648023324
8304,5096.59720911984
8305,6129.640996407202
8306,7201.07028682802
8307,3919.356948394665
8308,3779.0744213837775
8309,5020.856228216964
8310,4776.416832422777
8311,5864.871722630641
8312,5041.556053552383
8313,6057.253901490834
8314,6259.852359384739
8315,6360.577914947652
8316,5651.249174646586
8317,5071.3748997239145
8318,3609.1606338280417
8319,6242.473673048675
8320,4117.095199291706
8321,6431.460858716239
8322,5789.999160633307
8323,3877.7743735943345
8324,5903.345325032051
8325,4859.533386210894
8326,4047.6918850422157
8327,4835.301816790143
8328,5264.3910747722475
8329,6037.615664293527
8330,6760.8265377237085
8331,5327.498931894151
8332,3743.043204519004
8333,5880.716629581357
8334,6045.458842645424
8335,4489.392805774565
8336,4726.528939980235
8337,6152.6805038284565
8338,7558.095543668115
8339,6215.730912454592
8340,5673.731956623831
8341,6236.174478336532
8342,3866.6108098390296
8343,6281.621785299498
8344,4793.457904486463
8345,10667.452954111253
8346,5386.399102451724
8347,4623.806396687149
8348,4233.206540493624
8349,3699.305898820842
8350,6617.06549083163
8351,15898.80372238083
8352,3728.8197121009275
8353,3836.858358961145
8354,7527.8855344471185
8355,5789.215831589451
8356,5745.3623360075535
8357,5950.289854471398
8358,4897.63073017509
8359,4644.332158324982
8360,3940.2438629616877
8361,6245.050822325881
8362,5007.42627554321
8363,5749.418842745271
8364,5393.463236220812
8365,4332.546718242243
8366,5809.219171041501
8367,5022.202025275843
8368,3456.578398050281
8369,7942.209984235594
8370,6539.8306779653485
8371,3862.39821827321
8372,5687.099885445035
8373,5070.371475099425
8374,5104.517376616121
8375,7647.199118148748
8376,5277.34194435903
8377,7288.311270027429
8378,5085.509649108647
8379,4082.6516845869733
8380,6378.625128235639
8381,3023.7928241588406
8382,6269.216944128297
8383,3302.0098859658874
8384,4984.896887905227
8385,4804.016162017741
8386,5884.176960036432
8387,5401.363581444822
8388,5688.3811001180775
8389,5412.7385054146125
8390,5845.651164626165
8391,4977.399399901282
8392,6623.733112925923
8393,5849.791378637082
8394,6164.942226361505
8395,6300.149573294607
8396,6080.157594743976
8397,3222.252412580105
8398,5053.696640084634
8399,6387.455448561609
8400,4432.255220021018
8401,7570.364116283477
8402,5287.1272725204435
8403,5069.64536940837
8404,8866.907646817277
8405,6329.897166666665
8406,3546.533268868002
8407,16513.918237481572
8408,6631.039167604017
8409,4703.586760554903
8410,6692.970268578988
8411,8418.987961058481
8412,4887.217827672226
8413,4801.698114260901
8414,5638.631419115663
8415,4810.409137017938
8416,5435.305941067068
8417,5784.768152926019
8418,4115.799697401706
8419,6380.405664096739
8420,5427.246061989119
8421,5447.8501021129305
8422,5238.832560586214
8423,6303.116229627669
8424,5765.765271107428
8425,3471.75734428521
8426,6014.29099985038
8427,5751.8606767601905
8428,6016.922339821263
8429,5836.772511248108
8430,5671.49877666001
8431,6942.08367653403
8432,5700.69448459538
8433,4210.179927560949
8434,4749.463895731274
8435,5486.751621521519
8436,5958.130916284394
8437,4271.450691600805
8438,3835.6033594359283
8439,6626.076811637081
8440,7169.282610634451
8441,4860.858997882167
8442,6140.527719701995
8443,6050.917056449965
8444,5345.717928926335
8445,4094.797946926724
8446,3836.6285781405977
8447,5359.3091519757845
8448,5476.314200427415
8449,5347.422204469186
8450,8030.219745980427
8451,6832.18133611127
8452,4355.372302092558
8453,6482.626796602305
8454,3713.541939134383
8455,3112.566556716797
8456,6449.13103807213
8457,12382.8653015873
8458,6010.47292546194
8459,5116.540666693197
8460,3781.0373752859946
8461,6116.931878344142
8462,6903.746531319092
8463,4715.322764653856
8464,6495.67116359284
8465,4742.5368575092325
8466,4014.096326365445
8467,4581.773871134242
8468,4294.86764406578
8469,5002.606034810236
8470,4047.0057481623517
8471,4380.552336572206
8472,3900.9562186127123
8473,6523.902995368566
8474,5439.304526187871
8475,4316.395476453336
8476,4611.683173146102
8477,5442.701051627638
8478,4431.011860871543
8479,5173.165432831368
8480,5833.414771978233
8481,6243.134100536008
8482,4753.783419926752
8483,3522.8555755273082
8484,10722.05715106283
8485,5050.7468202390555
8486,4356.04373356473
8487,6037.533149845055
8488,6976.219537251052
8489,6290.288844899579
8490,5005.306443704393
8491,6189.262377898954
8492,7366.3200999961355
8493,11084.365928389681
8494,3784.220285841676
8495,3788.615027666872
8496,4079.8542534813405
8497,5463.371405460211
8498,5351.491855206168
8499,6298.247370709556
8500,7100.035735656707
8501,5074.129275986274
8502,3552.259131833022
8503,5094.699547051606
8504,7335.824530267253
8505,4060.877882544841
8506,5191.401895036197
8507,3746.5910739794513
8508,6402.878314213564
8509,6183.753673061225
8510,6125.529518747731
8511,7202.651810825624
8512,5938.131453057007
8513,3410.070728184739
8514,5428.726045824478
8515,6255.931909953935
8516,6844.400960263874
8517,6112.29228942433
8518,6070.274133918633
8519,4856.335858638312
8520,5920.9012617031085
8521,6656.205201762856
8522,3955.326487137094
8523,9656.417790665364
8524,5476.116997533138
8525,3737.959562004932
8526,5284.963675881577
8527,5372.092959962441
8528,6103.49211413127
8529,6257.121396692459
8530,3717.9261866845754
8531,3651.036356990464
8532,5304.3631560362755
8533,6542.597350652829
8534,8945.983362058316
8535,4814.569665758664
8536,5564.658488080044
8537,4758.9931138471275
8538,5394.071443101561
8539,4304.145913375738
8540,8024.887698082861
8541,6285.2968436543015
8542,11606.25040352412
8543,3690.3692577888846
8544,5327.031561065178
8545,9647.901487017885
8546,7121.558907448533
8547,3996.030522677442
8548,8283.094140534224
8549,5438.785405006985
8550,4498.1825727213445
8551,4139.637465839309
8552,4289.891767763599
8553,6040.664713281847
8554,4330.554062304932
8555,4186.028331265732
8556,4396.812574178565
8557,7063.5353900155405
8558,6189.58467691796
8559,19977.921785714283
8560,5385.742598370928
8561,4029.105222924127
8562,5900.300116071644
8563,7301.6109618496685
8564,5339.715348277689
8565,6095.581898884124
8566,5189.1566191156835
8567,7278.971001984923
8568,5973.641867040296
8569,3646.8695590812567
8570,4910.669652041754
8571,5452.338867388825
8572,6323.114357530441
8573,5830.403164618016
8574,7875.576888354014
8575,3709.4036410048698
8576,3846.1057932384406
8577,4193.9145177861765
8578,7850.589118948223
8579,10372.085322047635
8580,8100.055967099568
8581,5806.148418847071
8582,3718.7476315108834
8583,5474.570963671841
8584,3846.233756111833
8585,6526.379991107071
8586,8273.265431376914
8587,7223.337915369846
8588,4476.259562056342
8589,4001.511760817762
8590,4337.553215398427
8591,4909.70013027486
8592,9176.179879101768
8593,5576.798108387781
8594,4313.935898468318
8595,4126.378228586705
8596,6731.88246190368
8597,3615.63618005919
8598,5635.645682372254
8599,3200.2837171967544
8600,5457.93811271156
8601,5575.000621033407
8602,4838.341989223053
8603,6914.954916666666
8604,5879.965772078991
8605,4646.311394180851
8606,5966.510183267052
8607,5412.509223365233
8608,8437.660822179674
8609,5318.332357140079
8610,6534.724567333077
8611,7403.040838739532
8612,7336.772614034615
8613,5814.01825761227
8614,7446.193936994331
8615,3774.89780929013
8616,5772.849715238794
8617,5232.642193912016
8618,5323.769497325635
8619,6101.20746407993
8620,5972.049366278617
8621,4978.103502964451
8622,5736.701611282053
8623,6362.010965243318
8624,7498.464351078656
8625,4919.539780858087
8626,8855.203622440175
8627,3993.4680403664374
8628,4955.732710480473
8629,7148.91504228621
8630,4366.481106600975
8631,4926.391146760696
8632,5055.264180662559
8633,5563.5695776130915
8634,4370.246692643683
8635,4641.138372226408
8636,5802.772254765951
8637,6350.466674356658
8638,5535.809429330642
8639,4834.248724037488
8640,5847.1646200377945
8641,10408.054182017973
8642,6117.1885411468575
8643,4766.520352447577
8644,4954.004577344003
8645,5747.41274625929
8646,6048.7259373428715
8647,7211.512039986737
8648,4365.436796095503
8649,5458.122313940025
8650,5554.956611106872
8651,5946.8882886841475
8652,6037.686692818898
8653,5357.075952832979
8654,5033.422956406958
8655,3906.28921806434
8656,6426.131199650791
8657,7548.732714037551
8658,4509.640467898842
8659,4192.813075978638
8660,5375.226689124007
8661,4993.163339434494
8662,5521.598501748146
8663,6891.987575968797
8664,5654.689656443937
8665,6846.9861904208265
8666,4670.921725054837
8667,5356.496104944939
8668,4715.13206203657
8669,5882.359063173763
8670,7237.90510187239
8671,6644.661273003419
8672,5944.908466296943
8673,4717.06326293664
8674,6332.57234423282
8675,5885.91913836229
8676,5549.113331316177
8677,5624.208745340922
8678,5740.725369377327
8679,6320.259343257364
8680,6656.971708528975
8681,5779.756524938992
8682,5371.418663077305
8683,6369.792513774848
8684,5427.246061989119
8685,5524.9245140460125
8686,3602.0563071220213
8687,5074.223985820972
8688,6258.261437297111
8689,4951.000416603708
8690,4163.038336797228
8691,5139.714562913975
8692,6138.204562697015
8693,6202.7672358893005
8694,5652.864524965029
8695,5169.453984727361
8696,6092.186340482064
8697,5709.739070062875
8698,5066.0470617095925
8699,4596.223757653423
8700,6266.089280594114
8701,5789.876145290287
8702,3452.3196165107297
8703,5563.77308518996
8704,3767.399234962854
8705,5996.305130142481
8706,6704.498631738728
8707,6747.138499218805
8708,7401.0328748649135
8709,4345.67810965137
8710,4619.189022207556
8711,9910.418982142859
8712,5659.575193137017
8713,6342.450081488097
8714,6895.066313914359
8715,4675.753514009637
8716,4978.67456396361
8717,5274.29972586454
8718,6289.535720436264
8719,6394.352994254657
8720,5804.237787353869
8721,2462.627694072034
8722,5466.210414118821
8723,6948.95487343346
8724,7322.667624431068
8725,5119.510759894923
8726,5981.8772012492955
8727,5604.0518451429725
8728,4869.349937558443
8729,2978.010799427977
8730,5133.824392449489
8731,5327.293999885593
8732,5359.83131619671
8733,5842.194325319206
8734,5246.358547602128
8735,6651.032133365575
8736,6583.033005025001
8737,5543.149645524332
8738,3703.6499771047866
8739,6163.284733932632
8740,5921.348230870564
8741,4754.394065468708
8742,7101.202542953972
8743,4324.543541455199
8744,5199.278950832699
8745,3056.352313239864
8746,6034.515716256415
8747,3952.267168474651
8748,6308.304095350629
8749,5769.1614452155445
8750,7199.32061011905
8751,7629.197910597415
8752,5304.741367584326
8753,5746.370594326934
8754,17388.75004530967
8755,8487.503493854603
8756,4604.504752402052
8757,2275.102172121697
8758,5094.418486553046
8759,7945.423398921647
8760,5138.536875250516
8761,12169.669613095244
8762,17639.678571428572
8763,5206.101574345098
8764,4758.638116821912
8765,6265.376415426517
8766,3841.4535169871733
8767,7621.040361020976
8768,5112.623435468682
8769,6137.493678127643
8770,0.0
8771,6365.320366588345
8772,4948.369851857732
8773,6386.258838442062
8774,6836.807800875432
8775,5323.377315934067
8776,5659.566053431943
8777,6050.514186786725
8778,4824.182925791665
8779,5063.329820151826
8780,5665.139757220492
8781,4294.056322641002
8782,4984.143663026329
8783,5255.400076778967
8784,4896.082151480253
8785,4903.975530015514
8786,6278.770816983615
8787,5647.541658815497
8788,6049.438266379932
8789,5547.867510193592
8790,7106.037605132671
8791,5415.874412262221
8792,2856.7798677519963
8793,5155.453251739229
8794,6599.465026095047
8795,4701.039300782807
8796,4858.472241172942
8797,6981.270775205722
8798,5349.256880767273
8799,8332.981042184936
8800,6076.717605874613
8801,5548.018647977517
8802,4389.149449038399
8803,4744.198691694227
8804,8045.186443988744
8805,4393.242400014585
8806,7452.354098214286
8807,14540.868575167242
8808,6489.828798647303
8809,5357.361771050969
8810,4709.190868399362
8811,4773.2910438722065
8812,5741.367787964501
8813,3499.782314032094
8814,5511.694349808158
8815,7911.170258783586
8816,4710.2918582596385
8817,13187.075900103522
8818,11804.14509767806
8819,4306.992001652817
8820,5863.162905910116
8821,4790.656855376748
8822,6152.7523596687
8823,4977.834200455636
8824,9700.753581093444
8825,5265.131184524758
8826,8148.390033502265
8827,4312.396503993357
8828,6152.7523596687
8829,4400.377938047268
8830,6368.702297343148
8831,5109.46145738008
8832,4871.403864528376
8833,6034.7786783396905
8834,6031.3108269119875
8835,6263.061628123754
8836,6519.607356781885
8837,4661.767326397279
8838,8112.881028575063
8839,5789.876145290287
8840,8521.46
8841,4587.945156314777
8842,4165.1906507912945
8843,5179.4371343409175
8844,6437.942519643365
8845,5535.885868933489
8846,5957.849963373919
8847,5238.416287548631
8848,7220.8969935782325
8849,4034.236089842804
8850,7201.365695128056
8851,6140.981796894794
8852,5704.125964217036
8853,10729.165903294484
8854,16648.38650864413
8855,5657.209869288101
8856,6073.441348073904
8857,7271.817130537845
8858,6105.646615021347
8859,6564.05902500873
8860,5011.479127014018
8861,6002.940550973499
8862,4724.278819791157
8863,5718.166879674626
8864,3716.3799225686316
8865,5008.425719206151
8866,4143.153674567326
8867,4851.385067869643
8868,6525.420648558111
8869,4358.5832576329385
8870,3602.4301185819695
8871,4657.248638596888
8872,3582.290969755353
8873,3809.8036199739713
8874,4811.443157200356
8875,5229.759415705622
8876,5921.410283259257
8877,5849.354798580716
8878,6300.240432868916
8879,5304.992709282203
8880,5593.807533485288
8881,6732.006640441528
8882,6336.145492320701
8883,4008.8749097240448
8884,4789.484653793089
8885,7461.571004761906
8886,5851.954057071692
8887,6118.721262755376
8888,3157.3772365200903
8889,4315.974899693273
8890,5937.963492833731
8891,5303.6511502346575
8892,4259.139538444672
8893,6011.160634137386
8894,5844.895031043897
8895,10708.069805813971
8896,5100.789824979608
8897,7042.133853742837
8898,2967.8836654672295
8899,5111.014485134731
8900,5672.487894849986
8901,3338.378585401677
8902,7222.694825386965
8903,4114.530299532842
8904,6143.305602964925
8905,6202.969921252159
8906,10201.20780987989
8907,6967.549187510473
8908,4648.254519719736
8909,4298.409562584282
8910,7244.636701122628
8911,5921.410283259257
8912,5198.412350114508
8913,4063.7989354499164
8914,5746.480210155123
8915,7538.39160398766
8916,3854.3150338257647
8917,5150.950261301239
8918,5632.143700836558
8919,6425.029826743337
8920,9927.710912225362
8921,4897.444886797171
8922,14058.872166666668
8923,5849.615341651343
8924,5219.532333434436
8925,3119.678339756653
8926,5142.8129490098
8927,4901.355672374787
8928,4197.682701134378
8929,6209.30654820511
8930,4078.624590169541
8931,4768.117418762411
8932,5150.414830936964
8933,5759.869469226956
8934,7534.780340736702
8935,5310.9427490163025
8936,6317.919581987266
8937,5942.797505850909
8938,4246.839270899913
8939,6427.422170568565
8940,6947.543624237222
8941,5248.615848502738
8942,5288.2974274268545
8943,5876.020793263747
8944,10099.62538861637
8945,5425.563629648868
8946,4559.996372990832
8947,6423.56980473642
8948,6600.564312378432
8949,5953.772490414058
8950,5009.849525372962
8951,6221.2049163401025
8952,4980.973168514409
8953,5649.12714563738
8954,5052.42516495295
8955,6880.151272889111
8956,5040.691735549871
8957,6069.959640964334
8958,4868.661122606028
8959,4099.0156156191415
8960,3405.109966241719
8961,3970.500823536375
8962,7029.991531446789
8963,6963.858964700371
8964,8134.039744325488
8965,10942.080446461001
8966,5527.0745858684495
8967,5571.134308358932
8968,6150.9159747314325
8969,6481.741286851935
8970,6221.2049163401025
8971,5381.634222930631
8972,5157.227187980281
8973,6295.374853217177
8974,5184.766244265888
8975,3668.8604274495306
8976,10497.114092682348
8977,4571.518390764957
8978,6067.474944226102
8979,5307.87563468336
8980,1908.1286097492443
8981,7137.209012254711
8982,5430.818766625049
8983,4854.547208160917
8984,5861.356151940538
8985,5274.754886600498
8986,6167.629116977991
8987,5487.778051638779
8988,5616.394860243154
8989,4375.14200963043
8990,3969.7604537173756
8991,3585.077721458392
8992,3202.8908404653175
8993,5711.349469214375
8994,16723.196166666665
8995,4718.037361279162
8996,4450.942340404285
8997,5957.034383743115
8998,4802.761239336366
8999,4082.23219947936
9000,4491.671476856625
9001,3724.207012967885
9002,6189.975461766444
9003,4978.53460220695
9004,3386.121222579612
9005,5754.271075677375
9006,4011.0722449625605
9007,4397.077175062107
9008,5783.604341253289
9009,6320.064088620045
9010,9736.334280462186
9011,4334.2610886166385
9012,5598.384700612714
9013,3916.9033892209354
9014,5160.0248675251505
9015,14079.550358902541
9016,9172.981234126984
9017,5547.991008439222
9018,4406.329502781724
9019,4209.327001371522
9020,5063.561335223059
9021,4770.838271117565
9022,8538.245478568359
9023,5049.3359059563545
9024,5487.196432995951
9025,5650.808967221517
9026,4103.624533305369
9027,5122.312007921897
9028,6735.296342138137
9029,5696.249908497379
9030,5338.991442330462
9031,3511.5929042153457
9032,5210.574434276739
9033,5564.2674890967955
9034,7822.488781125293
9035,7397.716690556683
9036,5553.335975699751
9037,3714.198666209727
9038,6970.115484053052
9039,5136.330407044054
9040,5826.473500702432
9041,6345.61994707764
9042,6171.147747810759
9043,5506.492253693192
9044,4963.906220198301
9045,6046.200146339792
9046,6178.885458647368
9047,4987.348035356095
9048,5767.588327672221
9049,5636.294018026233
9050,4091.105404917557
9051,7433.15316616393
9052,4816.975005315998
9053,4336.641912212724
9054,6758.939509509685
9055,4773.6980706264885
9056,3403.2203242468786
9057,6828.644306901087
9058,8195.702778388279
9059,8087.237608618557
9060,4561.0643809751
9061,6103.061036588931
9062,5597.56515146794
9063,6362.369174865768
9064,4913.74564813672
9065,6580.159801364934
9066,2779.330719060317
9067,5027.954909025215
9068,5188.4149527804
9069,5514.913728665094
9070,4239.762172678826
9071,5858.7519832829075
9072,5850.684426131783
9073,6061.681686463268
9074,7019.928635886682
9075,4990.963896410923
9076,5902.211644209309
9077,4802.227655940536
9078,5620.420024149789
9079,5767.304498333177
9080,5792.723922637366
9081,7002.358136721509
9082,3569.326542810113
9083,8323.706066240604
9084,6292.264319102545
9085,6344.849225149461
9086,4545.865984885951
9087,3384.498762476146
9088,5228.5921409335015
9089,4830.704062876739
9090,6197.33311748212
9091,5704.602236794375
9092,4853.991749712209
9093,6368.546918994649
9094,5473.209061091704
9095,4435.27858117955
9096,6758.154384435627
9097,4431.898355394545
9098,6153.914641142582
9099,8872.374974849849
9100,7015.963131100088
9101,5801.867850609194
9102,4360.1505436757
9103,3609.5998264173886
9104,2850.535656805585
9105,6677.764305143575
9106,4599.5983063661715
9107,6264.114484432445
9108,3593.9147133285455
9109,5413.884062064595
9110,5328.999839800021
9111,8546.942703525734
9112,4063.005892576221
9113,4760.620710994997
9114,4346.26902977578
9115,6599.825871730727
9116,4740.2426310268065
9117,6224.434078936555
9118,6965.961256618997
9119,8578.434700942502
9120,5746.405006794512
9121,6384.358744124745
9122,5751.91280035865
9123,4078.6176215055048
9124,4564.540740932443
9125,6822.3522436984695
9126,7414.67642287003
9127,6347.822218638608
9128,14795.03053622087
9129,4813.868903673349
9130,4713.395532505408
9131,5492.32966906547
9132,6448.606797737046
9133,6477.639536291258
9134,5655.989563936106
9135,5764.070801495911
9136,6197.33311748212
9137,6731.1462724037065
9138,5515.80196518759
9139,4288.373390295135
9140,5959.079190896689
9141,3965.94406158964
9142,4174.029816756372
9143,4038.9200106181856
9144,7260.195128813257
9145,14850.504785714289
9146,6126.632930996997
9147,5369.472661004262
9148,5572.908805407371
9149,3485.0289556358352
9150,5536.0051067482555
9151,3357.372628205494
9152,7932.182179462804
9153,5581.167229182982
9154,5652.887263650914
9155,6931.348758762323
9156,12094.841640692644
9157,5167.129648304857
9158,6128.562561918502
9159,3231.0614081998233
9160,5197.0208533163795
9161,6134.236270736142
9162,7238.4553192477415
9163,3919.356948394665
9164,3826.857252249227
9165,5059.00473505926
9166,4798.078105724432
9167,5841.335678743493
9168,5041.556053552383
9169,6057.253901490834
9170,6233.810457446337
9171,6360.577914947652
9172,5651.249174646586
9173,5071.3748997239145
9174,3609.1606338280417
9175,6242.473673048675
9176,4122.3985326250395
9177,6461.605247279077
9178,5789.999160633307
9179,4273.256364147273
9180,5903.345325032051
9181,4906.749021673928
9182,4081.379986277232
9183,4835.301816790143
9184,5362.361720444368
9185,6059.200137635456
9186,6771.34899952337
9187,5327.498931894151
9188,3874.8242916913396
9189,5913.6810843598105
9190,6191.757587922377
9191,4531.973373203153
9192,4736.1007524638435
9193,6157.2757781573955
9194,7599.076348320727
9195,6731.302434556035
9196,5673.731956623831
9197,6236.174478336532
9198,3879.3642097341385
9199,6281.621785299498
9200,4864.834716262665
9201,11010.66976570722
9202,5386.399102451724
9203,4633.861487196344
9204,4242.833539789055
9205,3753.779511324531
9206,6635.327207275792
9207,15948.586796441428
9208,3728.8197121009275
9209,3881.291237240217
9210,7592.273478068666
9211,6038.709193971497
9212,5789.211853078611
9213,5950.289854471398
9214,4926.517847583997
9215,4837.860818192891
9216,3940.2438629616877
9217,6245.050822325881
9218,5011.8301644321
9219,5768.277677616837
9220,5393.463236220812
9221,4343.249689254846
9222,5809.219171041501
9223,5049.399097171267
9224,3471.028787761346
9225,8252.497581141339
9226,6539.8306779653485
9227,3887.3109471698463
9228,5687.099885445035
9229,5192.779493966221
9230,5104.517376616121
9231,8257.829608646158
9232,5277.34194435903
9233,7363.339674709804
9234,5085.509649108647
9235,4078.3487161665053
9236,6378.625128235639
9237,3069.435524956913
9238,6269.216944128297
9239,3617.568666083917
9240,5994.262588504088
9241,4804.016162017741
9242,5884.176960036432
9243,5406.269659445743
9244,5688.3811001180775
9245,5412.7385054146125
9246,5845.651164626165
9247,4981.803288790171
9248,7137.637286576824
9249,5861.183435355942
9250,6192.6941797623285
9251,6300.149573294607
9252,6785.231991532189
9253,3186.4748072059465
9254,5064.442511296755
9255,6387.455448561609
9256,5662.735226050987
9257,7643.13773479942
9258,5299.7442311430605
9259,5834.169024170274
9260,9319.48060250277
9261,6026.228380952381
9262,3546.533268868002
9263,16842.099250069445
9264,6638.529800657238
9265,4703.586760554903
9266,6844.28716787335
9267,8672.532464521186
9268,4902.582134417573
9269,4858.946227189061
9270,5638.631419115663
9271,4913.952783965211
9272,5481.134258527385
9273,5784.768152926019
9274,4136.882101825713
9275,6041.251640810668
9276,5427.246061989119
9277,5490.367208775806
9278,5238.832560586214
9279,6311.378329627669
9280,6171.000166008398
9281,3490.9749450178106
9282,6014.29099985038
9283,5751.8606767601905
9284,6016.922339821263
9285,5899.001183507879
9286,5746.076180872597
9287,6951.923523686929
9288,5700.69448459538
9289,4219.472927560949
9290,4749.463895731274
9291,5486.751621521519
9292,5958.130916284394
9293,4568.0775006738295
9294,3861.1830191976373
9295,6956.384985068027
9296,7242.824409763675
9297,4925.990579462056
9298,6140.527719701995
9299,6050.917056449965
9300,5407.896248727783
9301,4126.851694448231
9302,3774.406985646123
9303,5359.3091519757845
9304,5476.314200427415
9305,5347.422204469186
9306,8745.445529036713
9307,6762.726611618248
9308,4509.074531274142
9309,6482.626796602305
9310,3722.23760580105
9311,3170.7706849108695
9312,6547.069140038248
9313,12420.633634920634
9314,6010.47292546194
9315,5116.540666693197
9316,3781.0373752859946
9317,6116.931878344142
9318,7158.109234836546
9319,4740.97059798719
9320,6464.435878734671
9321,4873.416711855537
9322,4099.055566773699
9323,4717.136630640394
9324,4644.743997980421
9325,5048.784751607798
9326,4049.8757427744213
9327,4380.552336572206
9328,3908.518101064774
9329,6523.902995368566
9330,5547.55011963828
9331,4347.534473949305
9332,4611.683173146102
9333,5442.701051627638
9334,4616.3178914900645
9335,5326.023291211434
9336,5833.414771978233
9337,6243.134100536008
9338,4753.783419926752
9339,3525.7491275130287
9340,11619.912362502915
9341,5335.375915449599
9342,4402.3794453464125
9343,6037.533149845055
9344,8003.887447361818
9345,6290.288844899579
9346,5034.68774242313
9347,6250.569327039369
9348,7371.314193864042
9349,11316.570361493928
9350,3815.099118384799
9351,3802.0103026664083
9352,4084.9870020193525
9353,6243.564546585323
9354,5394.143355206168
9355,6341.738794891832
9356,7123.773087227522
9357,5078.489654774153
9358,3585.7166022704755
9359,5414.801679290636
9360,7335.824530267253
9361,4094.047595229065
9362,5191.401895036197
9363,3752.756664355005
9364,6655.066540404043
9365,6242.829016865869
9366,6125.529518747731
9367,7221.546628535441
9368,5961.171829677801
9369,3410.070728184739
9370,5428.726045824478
9371,6260.280443618278
9372,6849.19957419891
9373,6112.29228942433
9374,6070.274133918633
9375,4854.133584533018
9376,5940.118980646466
9377,6656.205201762856
9378,3955.326487137094
9379,9697.445384237277
9380,5476.116997533138
9381,3913.5287427063267
9382,5284.963675881577
9383,5490.230426602552
9384,6158.776734796982
9385,6257.121396692459
9386,3931.4723777056274
9387,3785.030165810373
9388,5304.3631560362755
9389,6664.284843811001
9390,9578.841073125915
9391,4811.887930858674
9392,5923.086437837828
9393,4827.156128324955
9394,5394.071443101561
9395,4307.081825374899
9396,8024.887698082861
9397,6285.2968436543015
9398,11707.681113991295
9399,3701.3843077888846
9400,5351.241854105469
9401,9721.687201303599
9402,7276.247270963679
9403,3996.030522677442
9404,8821.97055607912
9405,5711.3774917026
9406,4506.569683832455
9407,4332.153673022166
9408,4434.004092549923
9409,6040.664713281847
9410,4350.961068501279
9411,4204.089569091753
9412,4399.748486177727
9413,7213.614038738541
9414,6189.58467691796
9415,20643.136357142856
9416,5595.767931704263
9417,0.0
9418,0.0
9419,0.0
9420,0.0
9421,0.0
9422,0.0
9423,0.0
9424,0.0
9425,0.0
9426,0.0
9427,0.0
9428,0.0
9429,0.0
9430,0.0
9431,0.0
9432,0.0
9433,0.0
9434,0.0
9435,0.0
9436,0.0
9437,0.0
9438,0.0
9439,0.0
9440,0.0
9441,0.0
9442,0.0
9443,0.0
9444,0.0
9445,0.0
9446,0.0
9447,0.0
9448,0.0
9449,0.0
9450,0.0
9451,0.0
9452,0.0
9453,0.0
9454,0.0
9455,0.0
9456,0.0
9457,0.0
9458,0.0
9459,0.0
9460,0.0
9461,0.0
9462,0.0
9463,0.0
9464,0.0
9465,0.0
9466,0.0
9467,0.0
9468,0.0
9469,0.0
9470,0.0
9471,0.0
9472,0.0
9473,0.0
9474,0.0
9475,0.0
9476,0.0
9477,0.0
9478,0.0
9479,0.0
9480,0.0
9481,0.0
9482,0.0
9483,0.0
9484,0.0
9485,0.0
9486,0.0
9487,0.0
9488,0.0
9489,0.0
9490,0.0
9491,0.0
9492,0.0
9493,0.0
9494,0.0
9495,0.0
9496,0.0
9497,0.0
9498,0.0
9499,0.0
9500,0.0
9501,0.0
9502,0.0
9503,0.0
9504,0.0
9505,0.0
9506,0.0
9507,0.0
9508,3236.635559523809
9509,0.0
9510,0.0
9511,0.0
9512,0.0
9513,0.0
9514,0.0
9515,0.0
9516,0.0
9517,0.0
9518,0.0
9519,0.0
9520,0.0
9521,0.0
9522,0.0
9523,0.0
9524,0.0
9525,0.0
9526,0.0
9527,0.0
9528,0.0
9529,0.0
9530,0.0
9531,0.0
9532,0.0
9533,0.0
9534,0.0
9535,0.0
9536,0.0
9537,0.0
9538,0.0
9539,0.0
9540,0.0
9541,0.0
9542,0.0
9543,0.0
9544,0.0
9545,0.0
9546,0.0
9547,0.0
9548,0.0
9549,0.0
9550,0.0
9551,0.0
9552,0.0
9553,0.0
9554,0.0
9555,0.0
9556,0.0
9557,0.0
9558,0.0
9559,0.0
9560,0.0
9561,0.0
9562,0.0
9563,0.0
9564,0.0
9565,0.0
9566,0.0
9567,0.0
9568,0.0
9569,0.0
9570,0.0
9571,0.0
9572,0.0
9573,0.0
9574,0.0
9575,0.0
9576,2253.268892857143
9577,0.0
9578,0.0
9579,0.0
9580,0.0
9581,0.0
9582,0.0
9583,0.0
9584,0.0
9585,0.0
9586,0.0
9587,0.0
9588,0.0
9589,0.0
9590,0.0
9591,0.0
9592,0.0
9593,0.0
9594,0.0
9595,0.0
9596,0.0
9597,0.0
9598,0.0
9599,0.0
9600,0.0
9601,0.0
9602,0.0
9603,0.0
9604,0.0
9605,0.0
9606,0.0
9607,0.0
9608,0.0
9609,0.0
9610,0.0
9611,0.0
9612,0.0
9613,0.0
9614,0.0
9615,0.0
9616,0.0
9617,17739.431742063494
9618,28921.902595238098
9619,0.0
9620,0.0
9621,0.0
9622,0.0
9623,0.0
9624,0.0
9625,0.0
9626,7400.540976190475
9627,0.0
9628,0.0
9629,0.0
9630,0.0
9631,0.0
9632,0.0
9633,0.0
9634,0.0
9635,0.0
9636,0.0
9637,0.0
9638,0.0
9639,0.0
9640,0.0
9641,0.0
9642,0.0
9643,0.0
9644,0.0
9645,4163.620787878787
9646,0.0
9647,0.0
9648,0.0
9649,0.0
9650,0.0
9651,0.0
9652,0.0
9653,0.0
9654,0.0
9655,2714.751634055484
9656,0.0
9657,0.0
9658,0.0
9659,0.0
9660,0.0
9661,0.0
9662,0.0
9663,0.0
9664,0.0
9665,0.0
9666,0.0
9667,0.0
9668,0.0
9669,0.0
9670,0.0
9671,0.0
9672,0.0
9673,8018.394118881118
9674,0.0
9675,0.0
9676,0.0
9677,0.0
9678,0.0
9679,0.0
9680,0.0
9681,0.0
9682,0.0
9683,0.0
9684,0.0
9685,0.0
9686,0.0
9687,0.0
9688,0.0
9689,0.0
9690,9155.189574297015
9691,0.0
9692,0.0
9693,0.0
9694,0.0
9695,0.0
9696,0.0
9697,0.0
9698,0.0
9699,0.0
9700,0.0
9701,0.0
9702,0.0
9703,0.0
9704,0.0
9705,0.0
9706,0.0
9707,0.0
9708,0.0
9709,0.0
9710,0.0
9711,0.0
9712,0.0
9713,0.0
9714,0.0
9715,0.0
9716,0.0
9717,0.0
9718,0.0
9719,0.0
9720,0.0
9721,0.0
9722,0.0
9723,0.0
9724,0.0
9725,0.0
9726,0.0
9727,0.0
9728,0.0
9729,0.0
9730,0.0
9731,0.0
9732,0.0
9733,0.0
9734,0.0
9735,0.0
9736,0.0
9737,0.0
9738,0.0
9739,0.0
9740,0.0
9741,0.0
9742,0.0
9743,0.0
9744,0.0
9745,0.0
9746,0.0
9747,0.0
9748,0.0
9749,0.0
9750,0.0
9751,0.0
9752,1595.6008492063497
9753,0.0
9754,0.0
9755,0.0
9756,0.0
9757,0.0
9758,0.0
9759,0.0
9760,0.0
9761,0.0
9762,0.0
9763,0.0
9764,0.0
9765,0.0
9766,4433.584611111111
9767,0.0
9768,0.0
9769,0.0
9770,0.0
9771,0.0
9772,0.0
9773,0.0
9774,0.0
9775,0.0
9776,0.0
9777,0.0
9778,0.0
9779,0.0
9780,0.0
9781,0.0
9782,0.0
9783,0.0
9784,0.0
9785,0.0
9786,0.0
9787,0.0
9788,0.0
9789,0.0
9790,0.0
9791,0.0
9792,0.0
9793,0.0
9794,0.0
9795,0.0
9796,0.0
9797,0.0
9798,0.0
9799,0.0
9800,0.0
9801,0.0
9802,0.0
9803,0.0
9804,0.0
9805,0.0
9806,0.0
9807,0.0
9808,0.0
9809,7893.287227106227
9810,0.0
9811,0.0
9812,0.0
9813,0.0
9814,0.0
9815,0.0
9816,0.0
9817,0.0
9818,0.0
9819,2773.1546626344357
9820,0.0
9821,0.0
9822,0.0
9823,4399.647182539682
9824,0.0
9825,0.0
9826,0.0
9827,0.0
9828,0.0
9829,0.0
9830,0.0
9831,0.0
9832,0.0
9833,0.0
9834,0.0
9835,0.0
9836,0.0
9837,0.0
9838,0.0
9839,0.0
9840,0.0
9841,0.0
9842,0.0
9843,0.0
9844,0.0
9845,0.0
9846,0.0
9847,0.0
9848,0.0
9849,0.0
9850,19107.10697619048
9851,0.0
9852,0.0
9853,0.0
9854,0.0
9855,0.0
9856,0.0
9857,0.0
9858,0.0
9859,0.0
9860,0.0
9861,0.0
9862,0.0
9863,0.0
9864,6122.527040826974
9865,0.0
9866,0.0
9867,0.0
9868,0.0
9869,0.0
9870,0.0
9871,0.0
9872,0.0
9873,0.0
9874,0.0
9875,0.0
9876,0.0
9877,0.0
9878,0.0
9879,0.0
9880,0.0
9881,0.0
9882,0.0
9883,0.0
9884,0.0
9885,0.0
9886,0.0
9887,0.0
9888,0.0
9889,0.0
9890,0.0
9891,0.0
9892,0.0
9893,0.0
9894,0.0
9895,0.0
9896,0.0
9897,0.0
9898,0.0
9899,0.0
9900,0.0
9901,0.0
9902,0.0
9903,0.0
9904,0.0
9905,0.0
9906,0.0
9907,0.0
9908,0.0
9909,0.0
9910,0.0
9911,0.0
9912,0.0
9913,0.0
9914,0.0
9915,0.0
9916,0.0
9917,0.0
9918,0.0
9919,0.0
9920,0.0
9921,0.0
9922,0.0
9923,0.0
9924,0.0
9925,0.0
9926,0.0
9927,0.0
9928,0.0
9929,0.0
9930,0.0
9931,0.0
9932,0.0
9933,0.0
9934,0.0
9935,0.0
9936,0.0
9937,0.0
9938,0.0
9939,13428.140938644687
9940,0.0
9941,0.0
9942,0.0
9943,0.0
9944,0.0
9945,0.0
9946,0.0
9947,0.0
9948,0.0
9949,0.0
9950,0.0
9951,0.0
9952,0.0
9953,0.0
9954,0.0
9955,0.0
9956,0.0
9957,0.0
9958,0.0
9959,0.0
9960,0.0
9961,0.0
9962,0.0
9963,0.0
9964,0.0
9965,0.0
9966,0.0
9967,0.0
9968,0.0
9969,0.0
9970,0.0
9971,0.0
9972,0.0
9973,0.0
9974,0.0
9975,0.0
9976,0.0
9977,0.0
9978,0.0
9979,0.0
9980,0.0
9981,0.0
9982,0.0
9983,3214.6929484126986
9984,16128.688309523815
9985,0.0
9986,0.0
9987,0.0
9988,0.0
9989,0.0
9990,0.0
9991,0.0
9992,0.0
9993,0.0
9994,0.0
9995,0.0
9996,0.0
9997,0.0
9998,0.0
9999,0.0
10000,0.0
10001,0.0
10002,0.0
10003,0.0
10004,0.0
10005,0.0
10006,0.0
10007,0.0
10008,0.0
10009,0.0
10010,0.0
10011,0.0
10012,11706.377720862476
10013,0.0
10014,0.0
10015,0.0
10016,0.0
10017,0.0
10018,0.0
10019,0.0
10020,0.0
10021,0.0
10022,0.0
10023,0.0
10024,0.0
10025,0.0
10026,0.0
10027,0.0
10028,0.0
10029,0.0
10030,0.0
10031,0.0
10032,0.0
10033,0.0
10034,0.0
10035,0.0
10036,0.0
10037,0.0
10038,0.0
10039,0.0
10040,0.0
10041,0.0
10042,0.0
10043,0.0
10044,0.0
10045,0.0
10046,0.0
10047,0.0
10048,0.0
10049,0.0
10050,0.0
10051,0.0
10052,0.0
10053,0.0
10054,0.0
10055,0.0
10056,0.0
10057,0.0
10058,0.0
10059,0.0
10060,0.0
10061,0.0
10062,0.0
10063,0.0
10064,0.0
10065,0.0
10066,0.0
10067,0.0
10068,0.0
10069,0.0
10070,0.0
10071,0.0
10072,0.0
10073,0.0
10074,0.0
10075,0.0
10076,0.0
10077,0.0
10078,0.0
10079,0.0
10080,0.0
10081,0.0
10082,2190.04880083659
10083,0.0
10084,0.0
10085,0.0
10086,2186.5016689222643
10087,0.0
10088,0.0
10089,0.0
10090,0.0
10091,0.0
10092,0.0
10093,0.0
10094,0.0
10095,0.0
10096,0.0
10097,0.0
10098,0.0
10099,0.0
10100,0.0
10101,0.0
10102,0.0
10103,0.0
10104,0.0
10105,0.0
10106,0.0
10107,0.0
10108,0.0
10109,0.0
10110,0.0
10111,0.0
10112,0.0
10113,0.0
10114,0.0
10115,0.0
10116,0.0
10117,0.0
10118,0.0
10119,0.0
10120,0.0
10121,0.0
10122,0.0
10123,0.0
10124,0.0
10125,0.0
10126,0.0
10127,0.0
10128,0.0
10129,0.0
10130,0.0
10131,0.0
10132,0.0
10133,0.0
10134,0.0
10135,0.0
10136,0.0
10137,1632.9976887428022
10138,0.0
10139,0.0
10140,0.0
10141,0.0
10142,0.0
10143,0.0
10144,0.0
10145,0.0
10146,0.0
10147,0.0
10148,0.0
10149,0.0
10150,0.0
10151,0.0
10152,11125.515015873016
10153,0.0
10154,0.0
10155,0.0
10156,0.0
10157,0.0
10158,0.0
10159,0.0
10160,0.0
10161,0.0
10162,0.0
10163,0.0
10164,0.0
10165,0.0
10166,0.0
10167,0.0
10168,0.0
10169,0.0
10170,0.0
10171,0.0
10172,0.0
10173,0.0
10174,0.0
10175,0.0
10176,0.0
10177,0.0
10178,0.0
10179,0.0
10180,0.0
10181,0.0
10182,0.0
10183,0.0
10184,0.0
10185,0.0
10186,0.0
10187,0.0
10188,0.0
10189,0.0
10190,0.0
10191,0.0
10192,0.0
10193,0.0
10194,0.0
10195,0.0
10196,0.0
10197,0.0
10198,0.0
10199,0.0
10200,0.0
10201,0.0
10202,0.0
10203,0.0
10204,0.0
10205,0.0
10206,0.0
10207,0.0
10208,0.0
10209,0.0
10210,0.0
10211,0.0
10212,0.0
10213,0.0
10214,0.0
10215,0.0
10216,3148.981321428572
10217,0.0
10218,0.0
10219,0.0
10220,0.0
10221,0.0
10222,0.0
10223,0.0
10224,0.0
10225,0.0
10226,0.0
10227,0.0
10228,0.0
10229,0.0
10230,0.0
10231,0.0
10232,0.0
10233,0.0
10234,0.0
10235,0.0
10236,0.0
10237,0.0
10238,0.0
10239,0.0
10240,0.0
10241,0.0
10242,0.0
10243,0.0
10244,0.0
10245,0.0
10246,0.0
10247,0.0
10248,0.0
10249,0.0
10250,0.0
10251,0.0
10252,0.0
10253,0.0
10254,0.0
10255,0.0
10256,0.0
10257,13303.947986263738
10258,4847.744793226382
10259,0.0
10260,0.0
10261,0.0
10262,0.0
10263,0.0
10264,0.0
10265,0.0
10266,0.0
10267,0.0
10268,0.0
10269,0.0
10270,0.0
10271,0.0
10272,0.0
10273,4260.898820882219
10274,4339.406815447039
10275,5572.52539656984
10276,3470.354798684543
10277,5442.703007374393
10278,4927.26975484174
10279,6077.0096379602655
10280,6128.265266569742
10281,5133.802566661447
10282,3945.459468681555
10283,7118.459038983874
10284,5736.951233976108
10285,4771.846434296748
10286,6127.654637204554
10287,7168.776869871058
10288,3221.783501993374
10289,5634.473399849175
10290,5917.378846917717
10291,8544.412926316538
10292,8067.436877423299
10293,8211.942164674027
10294,4050.520138340508
10295,7827.155868267652
10296,2274.506662861153
10297,8336.818255528173
10298,9088.124192048184
10299,9355.202116316419
10300,5854.542691013543
10301,3477.3552642915597
10302,5153.9549600326445
10303,7240.677365490897
10304,9335.409908910533
10305,5081.413994713744
10306,5712.069318074511
10307,4920.130329230822
10308,7001.568762631119
10309,2727.161579514756
10310,8259.9596275322
10311,4269.650562259316
10312,7577.22214985224
10313,7552.554228849247
10314,4593.289796345137
10315,10524.658476817045
10316,5896.370745318177
10317,5233.148911001274
10318,5413.532836076811
10319,8309.311852808318
10320,9749.207307480017
10321,5705.973339457389
10322,5775.666640799883
10323,9513.96451309751
10324,7781.842162601206
10325,7901.02333875943
10326,6961.173425183343
10327,2235.044591932462
10328,2969.203299018487
10329,4612.055973819975
10330,7799.343624948446
10331,8330.199899675463
10332,8303.37646496243
10333,4854.331066565303
10334,6382.987236587294
10335,7485.928652505535
10336,5563.580189752888
10337,4825.123248002506
10338,6676.884386087315
10339,4011.0069199663544
10340,4470.915852946663
10341,7477.534672401975
10342,4741.246232153432
10343,5703.771247207724
10344,3468.528235766093
10345,7806.887633753933
10346,6032.993394753202
10347,6603.324275135555
10348,6267.772758175365
10349,7109.25261449952
10350,5655.304429642417
10351,3821.2799188651593
10352,6928.83989296575
10353,11344.428223213556
10354,5148.317979102404
10355,5344.374610290476
10356,7931.094475728289
10357,6090.92829430625
10358,8014.538119033183
10359,9858.106961137033
10360,2354.6136833798278
10361,8150.780899616628
10362,5309.173685535577
10363,5770.849824289729
10364,6259.085209727666
10365,3107.299672339614
10366,5346.927240803396
10367,5048.695851133127
10368,7923.521151982535
10369,7743.736732441705
10370,4354.178550414345
10371,4936.041874899916
10372,7211.922970412888
10373,6776.792016533852
10374,5141.037060883875
10375,7028.520146255809
10376,4317.911023274505
10377,6321.93416158167
10378,6000.107705024733
10379,3160.7592554327975
10380,5559.489011953759
10381,5865.076476615568
10382,6563.028818497783
10383,8127.5191001290805
10384,8035.37672163395
10385,4160.866104486566
10386,8149.754196395675
10387,5379.089622153205
10388,3951.3678929717053
10389,7916.693269759904
10390,7045.974275606004
10391,5496.910671204061
10392,8129.900831737571
10393,6197.659376192306
10394,7701.780521532467
10395,5758.42879763107
10396,7664.580432179792
10397,4744.318965568233
10398,2833.2251012031256
10399,6590.7333143601045
10400,5044.390264802501
10401,5889.951442641236
10402,3996.9496717278107
10403,5178.201521760496
10404,6591.251570282679
10405,5175.802962819487
10406,6308.183323430874
10407,4781.852853730543
10408,5863.264474064801
10409,7055.70261831574
10410,3727.6662786757574
10411,6484.73395839315
10412,5044.390264802501
10413,7810.686069684698
10414,3708.2840123103656
10415,5700.289358423944
10416,4514.318624902347
10417,6830.382129967796
10418,6994.599003715668
10419,6902.398190272838
10420,13209.657631790176
10421,4196.458323260786
10422,5864.678861325773
10423,11538.422466810965
10424,6450.8403789142985
10425,7855.61182608302
10426,6757.145948703647
10427,5706.527572808944
10428,7770.292403661887
10429,4568.077465917908
10430,5067.283949602922
10431,5322.627919457708
10432,5302.614413862284
10433,3051.660826433834
10434,4923.217035733431
10435,7897.651810890454
10436,9800.787800988039
10437,6090.757970809551
10438,6100.005504527022
10439,5954.202905981972
10440,2460.807013565438
10441,3900.370357607071
10442,4460.933350924408
10443,7790.423782533601
10444,7091.989135818268
10445,5563.732248593666
10446,5207.7931676260305
10447,8038.727325304827
10448,8342.943872696225
10449,7940.628689241569
10450,7591.995858559041
10451,5548.924901276422
10452,7095.921239385247
10453,4141.784090999095
10454,5743.8659669141125
10455,6873.688063519791
10456,6818.111094219689
10457,3113.4929624764277
10458,5773.087139949054
10459,5017.893884553612
10460,7533.376434480932
10461,6763.644525903804
10462,7675.209162572984
10463,8351.690008882155
10464,7660.6747674182825
10465,6859.284044251768
10466,17728.094613049423
10467,9740.810261393035
10468,4198.209241986239
10469,3697.8705743322935
10470,7898.743110940042
10471,8773.902381419235
10472,4376.697241410518
10473,9732.146964285717
10474,17306.188066252595
10475,5209.833457747289
10476,2900.225314207911
10477,10073.01861093426
10478,4230.597284697353
10479,6534.051845269595
10480,3463.1117474118255
10481,5861.940715279422
10482,4726.077571428573
10483,6940.872632376866
10484,7928.505862689405
10485,5881.605403087001
10486,8740.931834258436
10487,5904.522327637914
10488,7926.763707357589
10489,6994.532431836563
10490,5699.972857239178
10491,5207.7931676260305
10492,6921.342779087241
10493,4874.082694332548
10494,6183.093572225302
10495,3965.859429011997
10496,3164.742660861149
10497,5335.6130236831505
10498,4543.617495062822
10499,5045.289202609242
10500,6381.032204114748
10501,8014.487145460411
10502,8320.759213170537
10503,4568.5334621992515
10504,4805.603379433111
10505,4706.556035533731
10506,5458.833820776195
10507,6822.5197130561255
10508,4004.814061510433
10509,7449.3429812232735
10510,5557.0692350838835
10511,9256.564671041328
10512,5807.957084398891
10513,5932.362668064426
10514,3445.4075726104943
10515,5344.374610290476
10516,8331.95212113434
10517,5727.199635173031
10518,5985.907988352106
10519,11677.000451260978
10520,7211.180323933504
10521,4893.7261817077615
10522,5880.376988859096
10523,3107.5880416635728
10524,4482.217734789661
10525,5133.739607906963
10526,4285.851095340394
10527,5881.605403087001
10528,4747.527947507177
10529,9076.171571428571
10530,10500.443578449725
10531,7545.207377558268
10532,6300.35921392645
10533,4501.066613193401
10534,5861.940715279422
10535,5046.369873379575
10536,10219.260252469168
10537,6069.740108050845
10538,9476.5010768246
10539,3931.4062327650504
10540,5861.940715279422
10541,5751.27010129375
10542,5108.254212094701
10543,6106.62161118506
10544,5436.256067496495
10545,6969.999460633824
10546,5832.65190457801
10547,8586.566614018522
10548,6022.173441980957
10549,8143.497653464142
10550,8816.623910831657
10551,8070.546395187446
10552,9171.842690476193
10553,3593.349983783784
10554,5256.23501010607
10555,7577.850537488973
10556,8831.316065555036
10557,7778.607023204198
10558,7172.452560339286
10559,7628.309946143564
10560,8741.923112311997
10561,7851.1729852343515
10562,7947.81082096122
10563,5492.570182307619
10564,5483.390399885114
10565,12586.768776351577
10566,16690.619034364176
10567,6482.130119772645
10568,7357.333463162781
10569,7313.984535602092
10570,5609.617080019164
10571,6022.173441980957
10572,2995.9394213513856
10573,5506.911015971315
10574,7795.906035762448
10575,6186.964323868485
10576,4017.8061876523093
10577,5480.552401719494
10578,5896.835449864238
10579,4886.555945911492
10580,5165.723254634613
10581,2859.836280654501
10582,3225.003858475652
10583,7258.276281350442
10584,3890.7020499515147
10585,4485.630120262076
10586,6002.431684672267
10587,5372.517286063315
10588,8186.1826797665735
10589,9284.04352232878
10590,5095.0061104920305
10591,7642.371391421296
10592,7889.014062096894
10593,6346.257141169218
10594,5874.201142121278
10595,3377.9563720020938
10596,5747.14803781696
10597,12209.88371171119
10598,5602.62823877381
10599,7210.936924965234
10600,6324.352998080045
10601,4146.834773739421
10602,6016.306114877929
10603,6215.7074486268175
10604,7523.8588529038825
10605,8295.40181994221
10606,8250.492651962277
10607,8651.29404626937
10608,4590.696301131685
10609,12158.751890911657
10610,2176.609520594802
10611,3724.5504262167124
10612,5762.083521252115
10613,4415.3409667098385
10614,10161.84224161666
10615,2691.7981373134508
10616,5331.973454920582
10617,5182.823709010187
10618,7895.443154422839
10619,9084.7234328746
10620,5006.186013769052
10621,3082.1528030460304
10622,6274.678747590695
10623,8167.96164893426
10624,4648.393130249426
10625,7629.65145857445
10626,6975.176205316412
10627,6250.130098184546
10628,7191.799771681229
10629,4917.368575342854
10630,7978.869895368686
10631,5705.38860862126
10632,7803.636007721383
10633,8004.565880476584
10634,18353.62949206349
10635,6409.979842496201
10636,7928.463745513907
10637,2517.724329219937
10638,6504.646352136894
10639,5546.563693750179
10640,7613.8154729440585
10641,6341.006539263773
10642,7847.755617225744
10643,3823.1217548600607
10644,8164.590731354245
10645,5812.407185796195
10646,9107.7284890248
10647,6950.099138453149
10648,6969.670112120951
10649,7846.006094291532
10650,4956.824419929059
10651,7040.031456814267
10652,7180.1146735387
10653,6251.997018338145
10654,7007.897332349552
10655,4074.0789181034943
10656,9697.467599426389
10657,6858.534336873768
10658,4046.677484764849
10659,5481.190508377951
10660,6104.4190920816045
10661,5992.177934642469
10662,4197.181287370806
10663,5853.408407809105
10664,5152.280218213605
10665,5846.405865139507
10666,7041.9479637044205
10667,9816.780249528589
10668,5565.00929115662
10669,5433.767543036721
10670,7062.214447379096
10671,5959.894272586354
10672,3117.551303481794
10673,4918.186839319062
10674,8454.149726038759
10675,5551.803457238656
10676,8510.61508716807
10677,6583.018857272771
10678,8012.30086992713
10679,5691.757050953626
10680,5853.408407809105
10681,8724.984084242833
10682,5866.518037601275
10683,6610.69356962514
10684,5216.711383799234
10685,5234.896305148753
10686,5254.118978329203
10687,2170.8983969414026
10688,11908.215606172309
10689,7028.592034371229
10690,6363.185446750773
10691,5215.609520490228
10692,1552.7493545871198
10693,6236.315292211292
10694,6081.061077492733
10695,7437.352019374707
10696,3875.684323631437
10697,7390.115916686056
10698,4838.72103569707
10699,4271.451962064414
10700,10405.524002450524
10701,6518.408389129447
10702,5338.167808051604
10703,3639.228279393012
10704,4100.995099181801
10705,6085.745981234274
10706,13090.882238095235
10707,5235.1712308468
10708,7313.251004620122
10709,5648.063715980874
10710,3930.558130194503
10711,3671.182211552108
10712,6454.200360660156
10713,3407.909033576638
10714,11319.990058026124
10715,7819.78865153523
10716,3165.5120149925037
10717,6798.661000726965
10718,2743.9981514575275
10719,3781.3355987526174
10720,6167.576225113154
10721,7827.877446549284
10722,8905.894999132028
10723,2797.3704923486816
10724,5399.581966900825
10725,4492.38650306316
10726,6981.843447730252
10727,17760.106560973054
10728,13951.64995238095
10729,7741.408133569087
10730,3091.7094671144564
10731,7813.196327344905
10732,4454.286782765149
10733,3171.839487707141
10734,6243.945873045413
10735,5133.881645228713
10736,5736.664483915282
10737,7745.640921445896
10738,5101.043251734594
10739,4529.156285682026
10740,6771.596379463103
10741,6163.1372585409445
10742,6925.104466248039
10743,3008.5855861610694
10744,5552.542015185933
10745,7941.7588159210945
10746,8215.395849983994
10747,6455.602531537361
10748,8040.015539726112
10749,2436.9721631331063
10750,9049.198807725445
10751,5322.636704642564
10752,3263.692703450936
10753,5343.408617058144
10754,4672.8896739990505
10755,4863.963195933856
10756,7862.074793306765
10757,4536.152652007205
10758,6369.748658201157
10759,4839.403855190284
10760,5927.671639496906
10761,8527.841420269093
10762,4710.231697874311
10763,7986.54452197865
10764,6004.431697176685
10765,2639.975950590686
10766,8126.988965041033
10767,3739.942925154383
10768,3847.53683651104
10769,6254.71855623135
10770,11295.7541984127
10771,9197.468257124281
10772,4435.734129672376
10773,5306.302230096446
10774,6789.0124859189855
10775,6782.782752113255
10776,7338.396049029324
10777,8425.243677665776
10778,3188.4016877842187
10779,5835.19792750309
10780,6830.62190180531
10781,5192.780927513492
10782,2827.484485753304
10783,8075.427218959272
10784,5897.693133119134
10785,5306.302230096446
10786,5376.684540068705
10787,7751.275949540007
10788,8229.926638799872
10789,5820.3159983852365
10790,5273.960108822138
10791,4989.379084218864
10792,7741.489945944586
10793,5044.118263988747
10794,2571.668920571066
10795,6297.752755995797
10796,7219.92405552481
10797,6250.955709537655
10798,5251.28794098338
10799,3567.176593586997
10800,7246.465616273952
10801,3666.7075314930494
10802,8523.444236138983
10803,5361.043725525777
10804,4842.522567365965
10805,8280.487050005806
10806,4202.140623412078
10807,4764.421790320154
10808,8391.413622128915
10809,2901.3755867014856
10810,6373.803484018526
10811,9573.915417691622
10812,7100.542497901368
10813,3056.64958179754
10814,5020.6359815009555
10815,3822.597346228383
10816,2617.5204526061807
10817,5665.138792222913
10818,6233.908300309675
10819,5498.370060268233
10820,4917.585361662379
10821,5344.2026384583805
10822,4864.34988162732
10823,10960.940246031745
10824,6898.299658290899
10825,5817.548148637612
10826,4357.896752737677
10827,5685.157010717008
10828,7593.391363188291
10829,5934.158268585056
10830,7547.608672697266
10831,8716.580842004892
10832,7810.402531232772
10833,7976.504797699561
10834,7745.533004630712
10835,4279.401495420218
10836,5265.169590650025
10837,8045.33159225763
10838,6736.7575262590635
10839,5793.758424868511
10840,14937.220029505366
10841,3910.277733956381
10842,6417.189050089819
10843,4278.543270226028
10844,8099.029274073242
10845,9970.130890371072
10846,6830.8095639877665
10847,7935.3530271375585
10848,8158.788360520273
10849,7509.164111265626
10850,7840.096055555556
10851,5189.820900009457
10852,2791.435796279412
10853,5210.404394816832
10854,4251.425864246998
10855,3218.56466839998
10856,7461.064283805654
10857,18060.34761904762
10858,5515.167721065394
10859,5292.495083755776
10860,5078.8100102071
10861,4766.901046850709
10862,7695.453031422356
10863,2279.8647161304975
10864,5859.207420938749
10865,7944.84446093327
10866,5256.847880066065
10867,9963.040743554071
10868,11592.718018481522
10869,3939.8663000430383
10870,5305.494177970723
10871,6158.8834972216755
10872,4968.2081978035185
10873,4504.127233006323
10874,8079.547686260742
10875,4148.983859739448
10876,4709.221553751668
10877,4989.005572675041
10878,5350.854469327243
10879,4920.383815652308
10880,8373.793808608272
10881,5290.248579567031
10882,8149.907142505768
10883,5600.209095788306
10884,5371.9730455886
10885,5107.199835795581
10886,4612.709651422133
10887,4770.887069121934
10888,4817.744498052737
10889,9456.33754752093
10890,5522.031820455224
10891,3874.0017142857146
10892,6218.160952303953
10893,5934.129417414287
10894,6061.539975666322
10895,5172.2647667501205
10896,6178.58562334752
10897,7760.453632928248
10898,7091.192589642136
10899,7769.776956863589
10900,3887.414232270428
10901,4054.1237910104323
10902,6618.599636165808
10903,6440.339164640929
10904,5104.7911687561245
10905,4816.423207513831
10906,12122.605277242421
10907,7631.194017733087
10908,4735.6875703911755
10909,4645.52346058684
10910,4671.218885372221
10911,5579.9953874107405
10912,5148.924853750224
10913,9732.998066915043
10914,5762.714836366683
10915,4842.0877482968735
10916,4364.876392187781
10917,2326.6672287201554
10918,4489.853700749517
10919,17230.663191455635
10920,2279.1445540437444
10921,5197.799620051993
10922,5656.275849851252
10923,7143.702565498653
10924,5771.364106468327
10925,7986.970951579693
10926,5666.1713927661585
10927,6553.797930670024
10928,3225.6476020554237
10929,5368.315321991437
10930,4060.856302878363
10931,5543.224671066282
10932,7983.334930336815
10933,4448.005400186252
10934,6296.854554769058
10935,7793.296877228297
10936,3835.1593846770334
10937,5817.3294957479675
10938,4932.433716957633
10939,2809.8708579874237
10940,8485.322089885698
10941,7042.714846185404
10942,7881.529597385795
10943,9722.576192916173
10944,7919.76297728146
10945,7754.88322528462
10946,5201.245644168321
10947,3658.982308247583
10948,5808.101850296501
10949,3568.218870577226
10950,5971.016026368304
10951,2491.6690893557916
10952,6009.85939589066
10953,3204.358822859643
10954,7974.604372785345
10955,4556.385062271494
10956,4933.60207354637
10957,5433.32257908429
10958,7058.546548960353
10959,5412.027344677178
10960,8143.128121171563
10961,5646.947095384264
10962,6290.544293396989
10963,6495.459118231414
10964,6972.69024133163
10965,3688.2356720566986
10966,4773.4944859709785
10967,5761.3170220367
10968,4669.992702361837
10969,8732.64243780542
10970,6979.998481118238
10971,5861.2137754884
10972,9057.93665023624
10973,7530.5196428571435
10974,2266.284716546879
10975,9338.43034426166
10976,5989.55885451763
10977,7850.236469307906
10978,7498.657826219489
10979,6758.1692341463895
10980,8681.84933288364
10981,5243.296951191648
10982,4678.91048040016
10983,3427.425173053609
10984,6771.769569325285
10985,6644.044542590336
10986,2976.3433553925147
10987,9321.154616503416
10988,7184.090375352584
10989,5352.334128124241
10990,7209.318542283308
10991,4309.969106180208
10992,6991.227954501308
10993,3074.3061937299626
10994,5296.8649256278595
10995,5034.828048051685
10996,3880.726200512342
10997,6535.14932134869
10998,7322.651601194683
10999,7845.124216294071
11000,5875.788919268151
11001,3922.036266539892
11002,7888.92378256802
11003,7751.37765389452
11004,7236.11836436561
11005,3537.416793710889
11006,3306.6958881996256
11007,8810.0800662384
11008,6251.395854401908
11009,3879.805373718894
11010,7186.075859607023
11011,8042.406570249653
11012,6653.61218086257
11013,5172.331840253347
11014,2262.915526732856
11015,5649.450588560019
11016,7892.565058461975
11017,5371.299194531685
11018,9006.747030614928
11019,6565.902705238787
11020,3513.2861546393165
11021,6020.02523390521
11022,3133.744528948175
11023,1243.814329588865
11024,6928.277010637169
11025,11198.074404761905
11026,5291.446462063935
11027,4923.642904303605
11028,3310.3505780129576
11029,5104.014103069777
11030,8934.356204545458
11031,6894.001016431271
11032,9908.7543166597
11033,4889.491969532771
11034,4735.773244041888
11035,3393.635274825399
11036,6761.260153842438
11037,3490.7903402942525
11038,2842.555668436947
11039,7520.861929550284
11040,3887.0950710504403
11041,7033.669710809024
11042,4903.195713035091
11043,5891.223523770936
11044,5042.105031158646
11045,8079.801012788242
11046,4682.868568247392
11047,3993.229031185224
11048,8479.477323290263
11049,7439.480400346052
11050,7965.227997143517
11051,2177.58103045791
11052,5976.812013568549
11053,5821.731540436635
11054,5005.670909439721
11055,8665.722595358891
11056,9479.562054112552
11057,6492.070792473204
11058,7388.971935071995
11059,5110.837541153576
11060,7920.5466951153885
11061,10345.74323546594
11062,3384.521078638296
11063,4018.291305140205
11064,7486.115383672691
11065,6373.340595345172
11066,5482.764239069922
11067,9571.053254497992
11068,6846.001322522946
11069,6425.862964330431
11070,2739.4339469229362
11071,6333.871103433699
11072,5369.533935399916
11073,3342.1710022887414
11074,7273.486729738056
11075,3255.8002845045266
11076,7277.876403754398
11077,5528.331280772948
11078,4513.146112002771
11079,6452.98462295725
11080,4871.917039094537
11081,7615.226122837597
11082,7788.215604357558
11083,4956.120647120579
11084,7840.909433712278
11085,5605.169514824894
11086,7928.593456582142
11087,5132.289886619069
11088,4357.416989827733
11089,7652.967678229295
11090,2894.7596622411033
11091,10417.261315112903
11092,7824.987729204972
11093,5506.775851282957
11094,8169.557943473222
11095,4576.340734616476
11096,4585.973724970664
11097,5673.5230986504175
11098,3866.1048232959834
11099,2886.5226410687956
11100,7119.571455840719
11101,6464.706467855255
11102,11101.567640977386
11103,5992.469655254375
11104,6049.621894187426
11105,4784.965380378911
11106,7808.187910481186
11107,3155.0765561869707
11108,9934.61500050994
11109,5086.428733005943
11110,12647.984063492062
11111,5660.705133378334
11112,6061.998838713376
11113,8023.483761904764
11114,7765.872101078042
11115,3297.6667753448396
11116,8091.441618116219
11117,6815.349164163674
11118,6185.029736120009
11119,6232.680946319838
11120,5621.144355206196
11121,4138.496643077672
11122,5212.6056290121305
11123,3734.8970945125366
11124,3100.488653381841
11125,8244.337063809693
11126,5075.065494790376
11127,23767.392023809523
11128,8493.42419047619
11129,5007.236079055027
11130,7999.545295442997
11131,8370.946373792844
11132,6556.8465258008355
11133,7713.869755737539
11134,6493.798414005204
11135,8208.908458370512
11136,7791.356631905428
11137,6254.103565266748
11138,6355.036520434401
11139,7683.878364071523
11140,7733.295832512077
11141,7679.77690923601
11142,8323.094693516967
11143,6286.860136466954
11144,5397.03500167396
11145,6718.9305429372935
11146,10574.667056287979
11147,11213.801901749926
11148,10890.845520443347
11149,8410.491993867205
11150,4553.840086717066
11151,7553.741879544532
11152,5503.309961065625
11153,7722.394897636674
11154,14942.338961789295
11155,10482.304478810544
11156,6343.859625634855
11157,5528.979680669528
11158,5024.545853868786
11159,6728.067421188794
11160,11789.782045724849
11161,7369.062980237686
11162,5858.950341591045
11163,5999.40580548948
11164,7750.382107553975
11165,4861.707180155998
11166,7601.153121938406
11167,5916.309759010211
11168,7709.345106764838
11169,7713.114977848208
11170,7742.553698830304
11171,8099.227743698921
11172,6544.007666079199
11173,5220.404871931986
11174,7045.795339648527
11175,7573.862816776792
11176,13062.866683706858
11177,6720.033115918415
11178,8560.398992379523
11179,7475.004318052658
11180,9430.79023120432
11181,7615.697868303122
11182,11571.547144580905
11183,6057.4526123772885
11184,5184.981201831357
11185,6611.842946726639
11186,6682.628787727843
11187,8023.584504062018
11188,8267.229803138489
11189,6408.020590336941
11190,7279.32721828651
11191,7177.175925440309
11192,11392.94234696186
11193,5370.319051265653
11194,8216.941682530456
11195,5319.876938691758
11196,6700.918169340916
11197,9314.54484841725
11198,5815.572886971877
11199,7085.3647337315015
11200,7248.557331968655
11201,7698.5598732111985
11202,6129.0273703047205
11203,5932.413786747613
11204,7639.049631815698
11205,7551.254233892837
11206,7876.559629906081
11207,5253.058944806722
11208,7293.836561809394
11209,13123.84979761413
11210,7621.853671175802
11211,5291.753665292198
11212,7693.576368590659
11213,6992.348738647315
11214,6376.235311210145
11215,8069.661028902166
11216,6866.528858642192
11217,7721.904336361714
11218,6561.584033881758
11219,7674.181756371005
11220,6545.170159162429
11221,6185.639761395309
11222,7427.081147645989
11223,6207.60905853123
11224,8331.93972380701
11225,9317.256093481325
11226,5540.141212319289
11227,5441.753385725509
11228,7121.428150180568
11229,6738.536457885153
11230,6344.791025748326
11231,10492.844214473233
11232,7122.58724955807
11233,8365.738350182904
11234,6322.497919652787
11235,5422.053198420377
11236,6977.972456632842
11237,7735.645259339088
11238,8856.963257102052
11239,9733.712447496708
11240,7758.199998697736
11241,6312.608334947132
11242,8262.152625299736
11243,7418.603289438645
11244,8526.2900846134
11245,7759.164998762089
11246,7207.179639235845
11247,7892.6102186718535
11248,8424.99633226344
11249,7713.766288036692
11250,7549.495371149584
11251,7661.637333200371
11252,7926.7045994384625
11253,6299.331324599092
11254,5343.403296772314
11255,6109.0383425444525
11256,7593.728531378247
11257,7491.489689867094
11258,5900.320773303643
11259,7357.969677127138
11260,7027.743739382336
11261,6706.520471244407
11262,7314.8194908334
11263,7068.960908902234
11264,7552.476726522772
11265,7666.263855349996
11266,7028.871046151868
11267,5962.8953948912085
11268,7418.382765618537
11269,7623.461192553618
11270,4513.503237597106
11271,7598.886713539434
11272,5739.813191621781
11273,7813.857611767872
11274,8414.524577610495
11275,6820.600675410469
11276,12420.019499363238
11277,6481.920460719779
11278,5572.430075891441
11279,11853.659444180423
11280,7467.254126067094
11281,8937.409740722627
11282,7471.769585717365
11283,6225.278665314056
11284,7550.5850624341365
11285,6230.311041987081
11286,8834.508902870602
11287,7815.997768698927
11288,6254.0490993634
11289,3737.816325287273
11290,7454.146756356104
11291,10121.251258181685
11292,10579.535902393967
11293,7598.346739856503
11294,7804.641092416834
11295,7081.92808850562
11296,5965.855232110998
11297,3865.8557384285778
11298,5669.8184353456045
11299,7539.680236749088
11300,7556.090012890543
11301,7285.777760778974
11302,7204.693313320762
11303,8424.99633226344
11304,10082.704841855799
11305,7660.038173361769
11306,6461.73661164063
11307,7414.611529939512
11308,8538.723988154306
11309,6932.0378910377785
11310,8381.302097172478
11311,6691.126321685044
11312,6831.689052141385
11313,5039.962909836601
11314,7737.035277124989
11315,5889.425944634016
11316,7761.773464223177
11317,7741.930409993931
11318,9590.458611402808
11319,8360.872835881404
11320,7523.229216981903
11321,8602.325883534742
11322,19853.659267007137
11323,11376.299208190032
11324,5771.606329335059
11325,3619.0566208720675
11326,7049.132575163477
11327,10470.229372757756
11328,7245.843293513958
11329,13625.21579704201
11330,20975.528
11331,4951.297739193428
11332,5818.10913145696
11333,8261.558638425218
11334,5646.300237064671
11335,9787.682451674853
11336,7388.813155117004
11337,7674.7110537253975
11338,4404.599083904382
11339,8179.964523017261
11340,7708.8844584211065
11341,7655.584156889047
11342,10580.649316141671
11343,6714.986648808396
11344,7544.922232989214
11345,7847.956889016375
11346,6137.004570861219
11347,7076.292534927833
11348,8357.274142349319
11349,6510.30809862762
11350,7038.131222311566
11351,7519.513097512914
11352,6965.443819415103
11353,6175.859294498924
11354,8067.275690909788
11355,7362.3528993600785
11356,7867.199786684185
11357,5735.023261262424
11358,8135.476870291017
11359,6248.741941700749
11360,4360.066682665653
11361,6793.622963090231
11362,7484.0668881885995
11363,6648.925477002339
11364,5438.542307841274
11365,9453.76014872775
11366,7407.130785205905
11367,9670.47672010644
11368,7338.419501764763
11369,7644.3500596741615
11370,5952.475747440677
11371,5289.715522278777
11372,8051.999095345493
11373,6577.629554465491
11374,8549.962151933783
11375,14750.860680654856
11376,7764.075838628803
11377,7308.363082548979
11378,5825.996744718622
11379,6792.703428882458
11380,7835.711727502102
11381,5012.008002545055
11382,6749.824963443735
11383,7757.704079450001
11384,5992.430159451148
11385,16017.201357142852
11386,13837.986445165945
11387,5408.138563830214
11388,7733.064216206687
11389,5827.314250168978
11390,7709.600828166918
11391,6465.221188204854
11392,13640.537763175038
11393,9934.305169188932
11394,9497.527316022895
11395,6214.403076408349
11396,7709.600828166918
11397,5202.178525697282
11398,9674.345302617636
11399,7257.832551336019
11400,6703.241310730826
11401,6056.8119126199335
11402,6684.640921610641
11403,9397.591859305672
11404,7728.954614553207
11405,6063.654255733552
11406,7536.211652533222
11407,7655.221734248311
11408,10816.533056739669
11409,5749.455421024606
11410,5772.430158605858
11411,7577.164293818668
11412,11218.565847468823
11413,7658.044492892847
11414,7742.186063459529
11415,7690.356865559538
11416,9698.91814983765
11417,5502.192156650996
11418,8530.67212568873
11419,6580.7663114720035
11420,7721.333057905783
11421,14967.644942054694
11422,18447.90629915198
11423,7370.18470840497
11424,7965.225364635365
11425,9250.320430625352
11426,7529.155233219939
11427,7742.9332715574255
11428,6469.988268603645
11429,7485.501389795676
11430,7657.473551692696
11431,7721.333057905783
11432,4898.119618709215
11433,6718.638482478323
11434,5945.947994709604
11435,6454.8612153894765
11436,7705.574210922446
11437,5796.029783316197
11438,5721.5220505128955
11439,7579.03714914303
11440,4855.3809010492
11441,5417.1058851315465
11442,6076.758643189457
11443,7249.658768679172
11444,7711.50593405362
11445,7986.984398317407
11446,7222.6044423959775
11447,6295.376558362186
11448,7681.935596597426
11449,7807.483897644968
11450,8424.431000139984
11451,6395.5963080925485
11452,6514.3012353479835
11453,9041.002574624832
11454,7560.612505665748
11455,7605.938023757796
11456,6063.473935225156
11457,6575.663532647154
11458,8611.077532598247
11459,7482.969330982492
11460,6630.287617823817
11461,7736.79081804404
11462,7717.831442365144
11463,11375.171878328203
11464,7795.059369086375
11465,11367.100215795494
11466,4780.104308935525
11467,6436.219612081609
11468,7468.193393279039
11469,5099.17398059213
11470,7329.411440126507
11471,5949.5147643130285
11472,6786.147076959446
11473,7747.383966413256
11474,11332.522960448316
11475,8256.914107142855
11476,6019.61233834507
11477,6892.5107072340725
11478,8153.6252347467935
11479,7698.315373409083
11480,6611.476287082689
11481,5513.568721044326
11482,7404.261669470289
11483,10089.986022019631
11484,5047.556277932906
11485,7329.163143662619
11486,7726.681345126715
11487,7801.858210529791
11488,8354.686049652002
11489,7677.467085624834
11490,15718.130511302736
11491,7555.206273842899
11492,7677.467085624834
11493,5508.462783422578
11494,6560.307370571943
11495,6485.531610824241
11496,5818.972608702065
11497,7702.511135712521
11498,5933.88768074626
11499,5435.491485017268
11500,7576.780194269266
11501,7475.420516599937
11502,8226.593293257285
11503,6011.3196448650715
11504,8114.907514505956
11505,7932.579571873666
11506,6434.99675485105
11507,8339.66184543642
11508,6913.887123293193
11509,6087.107159549858
11510,5528.609775524226
11511,5958.583733184959
11512,11432.546226342447
11513,6415.9558847596145
11514,5707.683086083045
11515,8277.328072606282
11516,8717.462499267325
11517,7687.601989079607
11518,7431.021781489772
11519,7690.657646269372
11520,7378.2445384578805
11521,6647.739658305283
11522,6589.875942701366
11523,9043.936253424641
11524,6825.984607455212
11525,6729.9410770041
11526,7587.824664011721
11527,5913.689068771931
11528,5465.772167814372
11529,6202.613909405463
11530,8370.263251667031
11531,8130.62314939262
11532,7782.430037330399
11533,12194.804320076935
11534,7685.319594732302
11535,7630.5552069909
11536,7662.994898944992
11537,8383.473421416782
11538,7688.810393270925
11539,7817.210877460016
11540,7118.901447744455
11541,8451.8377735383
11542,6197.2837136826865
11543,4203.569662798585
11544,12299.139095283606
11545,6016.421332043584
11546,7246.070713149562
11547,6779.8307125867705
11548,3940.786051910373
11549,12611.729537201654
11550,6199.121393902172
11551,7574.540750177617
11552,5619.04689335172
11553,7082.126879207316
11554,6626.585706237151
11555,8155.192476394939
11556,6820.191686122369
11557,5248.028495630477
11558,5733.306082712299
11559,5851.008965551647
11560,4248.962998284068
11561,7734.056435580144
11562,18067.59894289599
11563,5862.644481137543
11564,5504.034947132618
11565,7635.71266755169
11566,5577.598537307527
11567,5764.114601162412
11568,5501.029451110933
11569,5783.853617184867
11570,9991.701625428197
11571,7857.380997973159
11572,5324.528735531523
11573,7734.056435580144
11574,6300.997145708605
11575,5905.748166398703
11576,7734.056435580144
11577,7754.939116239411
11578,9734.640383881402
11579,6864.937909103155
11580,7222.268946375253
11581,5874.087689548511
11582,7007.903461759656
11583,15360.481934152203
11584,10244.89659971845
11585,7628.059834252382
11586,6353.515973338737
11587,5444.083472886414
11588,5979.996127676845
11589,6079.946275469786
11590,8251.262829959795
11591,6414.271690392059
11592,6593.167073299341
11593,7480.195711920207
11594,5926.144396181166
11595,7196.474733667744
11596,7859.33879506624
11597,7633.86250530345
11598,7553.1381784771465
11599,5263.3713425625865
11600,6274.719545958718
11601,8006.284359357593
11602,9774.916387989708
11603,9896.599026897033
11604,7671.188241284026
11605,5617.951419261454
11606,8714.870493406861
11607,7018.135997055018
11608,5057.598987448349
11609,7739.614157420537
11610,7688.810393270925
11611,7139.070994049038
11612,7601.886172361493
11613,6591.211496716589
11614,8366.919013313873
11615,5955.540395540647
11616,7042.108031683149
11617,8217.679580643826
11618,6402.387622860202
11619,9188.794791931658
11620,7263.344400401836
11621,6222.31139376151
11622,7731.331144319079
11623,6548.838815853483
11624,4096.786064954975
11625,8675.121669408389
11626,10961.630237815936
11627,10815.341299675612
11628,5850.790745751596
11629,7608.178846781379
11630,7228.08996694289
11631,7331.893663340776
11632,6550.036569193663
11633,8728.107054838834
11634,3640.4661195203553
11635,7250.13884683784
11636,7606.927615742914
11637,6654.779337284012
11638,6060.813163479412
11639,6956.185049455919
11640,9058.015661699192
11641,7588.667610013521
11642,8838.056473543145
11643,7914.862918246509
11644,7648.625871183965
11645,6000.082720115996
11646,7152.57896760123
11647,7085.34688775679
11648,8292.69547793139
11649,9984.33947103693
11650,5284.913651376613
11651,10079.1131643324
11652,8526.110163646003
11653,7854.307175622088
11654,6102.75578166159
11655,4030.488030327824
11656,6697.8993641832985
11657,7156.842341274645
11658,7648.625871183965
11659,7691.553970738522
11660,7190.533478270858
11661,7937.386903792583
11662,7329.129797575792
11663,7376.923667800179
11664,10012.294474896276
11665,6331.93936190256
11666,9597.195764463
11667,11922.471836033885
11668,7998.640653341153
11669,5435.489069917406
11670,6385.403069265032
11671,5293.654398126618
11672,4283.7691275913785
11673,9085.673630420648
11674,6336.388194785371
11675,8890.762576198718
11676,5508.135175072942
11677,7862.376275056598
11678,7509.451002942716
11679,11183.453236167225
11680,5457.657266718335
11681,6707.305053204556
11682,7146.488721628941
11683,7587.523717786623
11684,6157.115826492908
11685,7889.351785883926
11686,7701.260563742781
11687,8437.424278707873
11688,8055.10165594107
11689,7677.467085624834
11690,7628.27258392911
11691,6207.981341688155
11692,5383.000927228444
11693,7841.661152182054
11694,9837.003677213594
11695,6670.4536818810775
11696,17146.40294777664
11697,7051.1684015433875
11698,6537.930685119447
11699,6677.333485768377
11700,7806.985270907139
11701,9028.696307760034
11702,7948.415900858399
11703,7755.784302657757
11704,7781.579215954626
11705,8256.389761530245
11706,7143.375211565875
11707,6408.373969372943
11708,6096.153215467754
11709,5804.140161509448
11710,4701.464497430297
11711,6397.042953847553
11712,10017.186953455886
11713,18877.14480834225
11714,7666.361136074285
11715,7475.783783475441
11716,8381.172390537797
11717,5247.715556238546
11718,8088.041568110091
11719,4711.913350945393
11720,9625.28261485314
11721,7551.408348199981
11722,7551.408348199981
11723,13776.562323512599
11724,13745.402307907782
11725,6998.4240607767515
11726,7713.447244248674
11727,4239.745454277703
11728,7100.603457527411
11729,7473.379236202145
11730,8757.732837255202
11731,5275.722666172821
11732,5546.129310123344
11733,6739.008090610534
11734,6005.477913450307
11735,9575.427618751102
11736,8016.0382840803095
11737,7385.703233620306
11738,7559.706976300541
11739,7961.585823400779
11740,8548.854375895455
11741,6331.994063548664
11742,5657.6418605980825
11743,7578.533239844793
11744,5798.369237919225
11745,7661.958376586898
11746,7236.700497514282
11747,5428.4439452847155
11748,7868.387013334824
11749,7061.667104271315
11750,5495.275599006172
11751,7403.77190763818
11752,7986.233111807885
11753,8112.1544770886085
11754,8445.35047638295
11755,7580.894744931548
11756,4128.6953115092765
11757,6369.29798626541
11758,7452.408541620852
11759,5443.949816014904
11760,7106.457573958102
11761,7773.351935867995
11762,13233.413372117288
11763,8171.719342834416
11764,7560.911087857895
11765,7858.066963008689
11766,4996.136618521687
11767,7650.267658802486
11768,7044.622931365407
11769,13151.151388192058
11770,7066.001859165956
11771,6182.123389352619
11772,6195.06184895857
11773,5202.886415471461
11774,7333.185012847984
11775,17718.307276330852
11776,5059.671185135208
11777,5607.2664342445
11778,10452.852312896295
11779,7266.379239254515
11780,7390.586155408615
11781,7567.189932198703
11782,6719.54661990819
11783,6204.595862475016
11784,5260.078196136321
11785,8338.333762969873
11786,6386.176204830871
11787,7289.490362550511
11788,7897.35244706345
11789,4830.261284762194
11790,7556.728835799792
11791,7493.35043420861
11792,4899.401883480799
11793,8139.750001681615
11794,8030.06310201324
11795,4952.639095512999
11796,7650.615068940808
11797,7131.290774727232
11798,6379.301105949586
11799,9887.739389013968
11800,7570.594318738077
11801,9529.96237492239
11802,6820.1300932347585
11803,6103.691725565612
11804,7763.802456556112
11805,4726.774636213266
11806,7661.958376586898
11807,4770.394250693751
11808,6842.144438334719
11809,6249.022906717828
11810,7567.189932198703
11811,6195.9098112996835
11812,7570.546058886103
11813,7627.438731744591
11814,8714.023767703593
11815,6352.393204994574
11816,7961.105307091064
11817,7091.760629554604
11818,9405.979105604296
11819,7661.958376586898
11820,7040.563834631403
11821,5131.35895570086
11822,6396.559121065934
11823,7577.444297441418
11824,5283.978463032615
11825,7580.894744931548
11826,7747.704377261913
11827,7303.839234096413
11828,11503.527099317098
11829,7183.438749102589
11830,5352.517669980447
11831,12314.953260951324
11832,7570.594318738077
11833,7573.799681592376
11834,9392.175065169307
11835,10096.358231195481
11836,7202.9878185464595
11837,5876.362156066834
11838,7555.058903732477
11839,6156.636644036334
11840,6788.984135565782
11841,6608.228992028019
11842,5583.706362744379
11843,6912.396452756674
11844,8093.638786841967
11845,7219.147112338601
11846,8217.857305402636
11847,7562.884197943338
11848,6946.566671925128
11849,4671.217507844518
11850,8941.519408556494
11851,7856.139340728425
11852,6607.153474692126
11853,6908.107919699013
11854,8325.497621433105
11855,7368.989305843232
11856,7265.020900709298
11857,5655.100299965916
11858,7371.314905898507
11859,7547.273172111838
11860,7565.857780426096
11861,7435.259354811349
11862,4482.818585684221
11863,8318.363249385024
11864,7937.608361489056
11865,7346.87890606077
11866,7955.5825972245475
11867,7580.894744931548
11868,7110.0391973346195
11869,6107.122606848168
11870,4159.248988686906
11871,7333.826217278256
11872,7570.594318738077
11873,7488.307970496089
11874,10541.248068038783
11875,8710.228032882294
11876,5717.85906752112
11877,9056.637514801203
11878,4179.188421739239
11879,3295.656457093002
11880,7147.8784063453
11881,13261.027450430334
11882,8456.297243717088
11883,7609.0503869814775
11884,5752.021692248357
11885,7594.986165067651
11886,9769.666622118348
11887,6712.775497137865
11888,8814.320917367473
11889,6289.592415353172
11890,5317.816748186041
11891,5908.510187177066
11892,7305.255593462187
11893,6672.591708029658
11894,5457.822622490964
11895,6819.449514736513
11896,4658.095879383639
11897,7937.381503470235
11898,8116.494832740806
11899,5999.675781112032
11900,7609.0503869814775
11901,7650.615068940808
11902,6217.51030086755
11903,5746.969415054461
11904,8464.492370047466
11905,8341.822664608575
11906,7205.350942186844
11907,4473.652361726522
11908,14796.184851536653
11909,6850.167087867412
11910,6251.829221107557
11911,9025.824055415185
11912,8918.983530356842
11913,8134.833564051161
11914,6514.64564582434
11915,7633.001988895743
11916,11562.298572659316
11917,15239.090642857142
11918,5701.406604898727
11919,5479.674947551103
11920,5431.265528981206
11921,7073.47067679618
11922,6714.997122157973
11923,8713.148484153982
11924,9694.789897721503
11925,6904.867269493116
11926,4750.00707409003
11927,6880.974900925391
11928,7924.491934344801
11929,5892.783431740628
11930,7615.172370223653
11931,4436.630125808844
11932,8110.876435596563
11933,8026.740520099289
11934,8065.068991654128
11935,9216.693193602123
11936,7526.019967231085
11937,5585.140208040078
11938,7628.660159665132
11939,8843.681128358778
11940,8764.648362107273
11941,8161.111929293907
11942,7568.100167935066
11943,7203.026376870282
11944,7542.501200565429
11945,10695.92046231139
11946,4962.2011514324495
11947,9600.686603988017
11948,7577.24623469515
11949,5246.239079889284
11950,6990.930437612827
11951,6449.85932488009
11952,8006.3890993567
11953,7389.441679597242
11954,4788.0623629076445
11955,5119.0939854470425
11956,8027.108777025121
11957,9967.39802252649
11958,10942.240574610594
11959,6063.706384719504
11960,6442.315983946798
11961,7459.1203624323525
11962,6567.390209274737
11963,6148.716914516178
11964,9439.980459588167
11965,7601.277223713641
11966,13156.663368777057
11967,5443.005140561336
11968,6769.494544156689
11969,10762.15269047619
11970,8118.100142888181
11971,6301.364102518357
11972,7757.25997490991
11973,7613.525572363907
11974,6066.604622902545
11975,6337.788320537675
11976,5873.041779615869
11977,5456.42352947555
11978,6975.603585402399
11979,5864.497439303827
11980,5763.445690123115
11981,9538.867952455274
11982,7570.043760961951
11983,24189.955023809525
11984,6978.512903269476
11985,5003.635560536509
11986,8202.648216075864
11987,8371.414829703204
11988,6567.182806287543
11989,7724.328423691208
11990,6504.13469449191
11991,8438.995287103508
11992,7791.356631905428
11993,6059.619589207128
11994,6387.787491954848
11995,7683.878364071523
11996,7740.9942015920715
11997,7755.19437109385
11998,8778.034381699954
11999,6150.80616153088
12000,5368.803047022332
12001,6733.756178847968
12002,10663.709310221588
12003,12374.662579707569
12004,11456.479506561107
12005,8427.00585101006
12006,5507.943631428212
12007,7592.372536514523
12008,5503.309961065625
12009,7762.39129446086
12010,14995.050152265485
12011,10705.787399246474
12012,6381.200033166353
12013,5619.594406599374
12014,5024.631125001162
12015,6779.764413026479
12016,12133.113841988335
12017,7369.062980237686
12018,5894.818920168399
12019,6006.112669738333
12020,8009.26127948599
12021,4857.771962025765
12022,7612.336491018401
12023,5884.626236083312
12024,7391.048971560057
12025,7678.196528028342
12026,7759.831562035497
12027,8246.427424704674
12028,6544.007666079199
12029,5352.071852449769
12030,7063.676620135233
12031,7535.800966819527
12032,12922.143801591994
12033,6678.500111174687
12034,8807.991994293636
12035,7650.696402212197
12036,9425.250366444365
12037,7660.618737383116
12038,11627.81514458091
12039,6070.826357932121
12040,5220.551172615806
12041,6939.697045273833
12042,6690.132159628669
12043,8058.42287314201
12044,8440.628799301898
12045,6423.819013680789
12046,7271.090964341774
12047,7143.205331674174
12048,11609.800227914244
12049,5374.726116985644
12050,8261.86255161045
12051,5713.511510031273
12052,6707.07942949958
12053,9787.00349165902
12054,5822.27975122073
12055,7341.131136825102
12056,7020.462952273221
12057,7704.243863259379
12058,5876.9255188265115
12059,5946.229593863167
12060,7651.529417447011
12061,7556.464816537466
12062,8273.360569948629
12063,5298.019203733291
12064,7304.172842296099
12065,12889.181279697304
12066,7624.089897398654
12067,5319.3461762028755
12068,7581.892273291765
12069,7002.685019134021
12070,6329.000563883829
12071,8211.544399991215
12072,6876.865139128898
12073,7745.090205441707
12074,6578.097891024616
12075,7736.215055142449
12076,6556.585748863425
12077,6189.629420171717
12078,7427.081147645989
12079,6202.349162394663
12080,8362.255852675919
12081,9121.707287266945
12082,5540.141212319289
12083,5484.269815524935
12084,7121.428150180568
12085,6637.630100908364
12086,6344.791025748326
12087,9588.003401186386
12088,7108.537777699834
12089,8485.67951281244
12090,6346.300665021903
12091,5460.698966928886
12092,7003.0873858565865
12093,7750.652249387267
12094,9066.225718204329
12095,9674.769907890784
12096,7803.1208677777295
12097,6312.608334947132
12098,8260.873345647786
12099,7448.322712782495
12100,8776.352108212115
12101,7808.741701175417
12102,7207.179639235845
12103,7941.316087751848
12104,8424.99633226344
12105,7711.502452699817
12106,7528.238740229579
12107,7669.335702280366
12108,7904.848962638112
12109,6299.331324599092
12110,5340.349998486734
12111,6251.338837094862
12112,7612.184954722095
12113,7644.637022673454
12114,5902.069939680384
12115,7401.773100470989
12116,7012.212429066636
12117,6664.987466500682
12118,7326.951920057145
12119,7084.759332246082
12120,7555.800447240688
12121,7662.912951240407
12122,7028.871046151868
12123,6722.23116112686
12124,7536.51132925934
12125,7631.159561633612
12126,4391.965689916734
12127,7574.068684216774
12128,5745.675870503253
12129,7881.361357730434
12130,8510.964460201507
12131,6926.3702060143405
12132,12039.242340239629
12133,6492.356825240098
12134,5513.550909381985
12135,12061.51627828292
12136,7467.703974538045
12137,9003.32527173125
12138,7528.575509061215
12139,6179.172888915745
12140,7507.145098180797
12141,6145.950592495096
12142,9270.69175636329
12143,7901.476192042777
12144,6296.075113411424
12145,3875.258537112911
12146,7450.260125436097
12147,10289.439042596681
12148,10669.401322551548
12149,7522.026749175519
12150,8024.121913177996
12151,7150.877426543262
12152,6722.23116112686
12153,3929.4613959628246
12154,5667.026858689454
12155,7552.023605829081
12156,7548.336512890543
12157,7296.214125299294
12158,7222.57459380747
12159,8424.99633226344
12160,10847.731326579826
12161,7652.253209108429
12162,6461.73661164063
12163,7483.520953283361
12164,8575.764372769692
12165,6932.0378910377785
12166,8488.605976716244
12167,6694.450042402961
12168,6854.295831682831
12169,4991.206411171398
12170,7796.511966139989
12171,5885.045166551317
12172,7784.3802437646245
12173,7693.273939982846
12174,11092.706623506388
12175,8523.270420233377
12176,7502.522586061897
12177,8617.054446577322
12178,21166.421036511132
12179,12325.262983969968
12180,6177.16265082559
12181,3844.7981339247053
12182,7042.555006738295
12183,10680.897960244154
12184,6588.993436371102
12185,14235.928173900656
12186,19703.764006641362
12187,5018.210513885402
12188,5932.544511231158
12189,8611.722746498881
12190,5677.3756560897245
12191,10639.680503923704
12192,7409.72841688255
12193,7752.089422805389
12194,4430.122532816882
12195,8080.6529303025
12196,7650.5252882998475
12197,7655.84752596904
12198,10580.649316141671
12199,6661.26482342731
12200,7537.1372687358735
12201,7918.488891015009
12202,6046.422647465327
12203,7094.173815414538
12204,8606.240428393165
12205,6499.373256522356
12206,7020.5573485875575
12207,7535.311520856762
12208,6981.242242758951
12209,6217.590072646828
12210,8060.478726374768
12211,7362.056947703926
12212,7790.994844730388
12213,5749.462915030244
12214,7838.9153013590685
12215,6053.029689303157
12216,4313.354136350644
12217,6886.773556468299
12218,7501.948168675307
12219,7282.55487505219
12220,5432.297741461577
12221,9508.73638336821
12222,7407.130785205905
12223,9875.513089470849
12224,7347.894074605208
12225,7644.746262611411
12226,5952.475747440677
12227,5317.308033189454
12228,8161.215112236229
12229,6577.629554465491
12230,8616.614419509955
12231,16403.79652425226
12232,7774.547218529504
12233,7472.423732554767
12234,5805.699879752638
12235,6846.838577185687
12236,7794.570254084196
12237,4992.372395094772
12238,6869.926464888241
12239,7765.402448529994
12240,6267.339381218477
12241,16962.89145238095
12242,14939.799874159991
12243,5358.879917335935
12244,7733.064216206687
12245,6103.492733292962
12246,7744.96979724691
12247,6488.518342376578
12248,13215.266851473996
12249,10215.95889898329
12250,10386.225445935672
12251,6226.077229015129
12252,7744.96979724691
12253,5076.900574972896
12254,9939.445793402667
12255,7257.832551336019
12256,6703.241310730826
12257,6044.927334728522
12258,6694.580588277308
12259,9367.861256238804
12260,7764.323583633201
12261,6063.654255733552
12262,7517.713416108828
12263,7690.590703328303
12264,11297.862838195717
12265,5733.241098814499
12266,5792.809025321799
12267,7600.350162898661
12268,11261.151052847299
12269,7614.604528639508
12270,7685.78289857648
12271,7881.68412395251
12272,9858.405195075115
12273,5456.210506827798
12274,8785.980600934774
12275,6597.280168614861
12276,7756.834860843033
12277,15558.805385833963
12278,19130.809392413044
12279,7393.503411342219
12280,7981.671537881084
12281,9325.89506348038
12282,7523.9726317161785
12283,7778.302240637419
12284,6479.17559338997
12285,7576.86212162525
12286,7657.7369207726915
12287,7756.834860843033
12288,4940.464426401523
12289,6980.168346321889
12290,5990.4985156476205
12291,6454.8612153894765
12292,7725.979352275829
12293,6082.685052154466
12294,5721.5220505128955
12295,7589.508529043731
12296,4851.39974096604
12297,5417.1058851315465
12298,6088.657959428772
12299,7333.996864941686
12300,7746.874903133614
12301,7972.945604567667
12302,7212.700221937423
12303,6307.2758746015015
12304,7638.495632344087
12305,7842.85286672496
12306,8594.052570968192
12307,6329.654292867906
12308,6458.951412698411
12309,8673.986329401225
12310,7568.310874745742
12311,7605.938023757796
12312,6086.080714766603
12313,6573.870581827483
12314,8662.090630310542
12315,6813.484752945636
12316,6081.923273175839
12317,7749.134187124034
12318,7753.200411445137
12319,11488.311660215397
12320,7787.6272322915665
12321,10574.380062225484
12322,4813.441721069417
12323,6408.4929228834335
12324,7504.029596216289
12325,5100.761470605824
12326,7349.408198201206
12327,6074.044346456637
12328,6776.242856500892
12329,7732.44896049325
12330,12204.203875124871
12331,10137.64714285714
12332,6021.825351929392
12333,6932.717373225301
12334,8149.328336334096
12335,7710.658742489077
12336,7026.622973837109
12337,5515.49755777902
12338,7412.092872407538
12339,10975.889457555519
12340,5042.995343828301
12341,7348.57955579651
12342,7742.196142778136
12343,7803.638158974865
12344,8338.81890742247
12345,7669.071079704828
12346,16199.306854800578
12347,7555.206273842899
12348,7712.836054704827
12349,5566.560049046027
12350,6660.308446101591
12351,6484.662154302503
12352,5818.972608702065
12353,7702.8142373257515
12354,5933.88768074626
12355,5435.491485017268
12356,7576.780194269266
12357,7483.118885679931
12358,8322.666250949433
12359,6011.3196448650715
12360,8094.714052925141
12361,7932.579571873666
12362,6431.402394091655
12363,8362.268624977867
12364,7066.130473238799
12365,6087.107159549858
12366,5528.609775524226
12367,5971.75935818496
12368,11846.814161111113
12369,6448.497278699008
12370,5734.545618484386
12371,8420.744244183636
12372,8619.089158423685
12373,7687.601989079607
12374,7425.891504346914
12375,7726.026615349367
12376,7381.566575591772
12377,6619.959939954129
12378,6625.982854737149
12379,8910.772927643335
12380,7243.943867750399
12381,6750.597306047784
12382,7587.824664011721
12383,5953.914901501099
12384,5465.772167814372
12385,6152.848452735394
12386,8209.759833813972
12387,8144.883393837064
12388,7834.8759064103915
12389,12836.64254630198
12390,7697.662963812297
12391,7618.085242737561
12392,7670.693268024986
12393,8406.08020095823
12394,7724.1793623509175
12395,7807.8114812840195
12396,7138.317859878347
12397,8467.463403465585
12398,6197.2837136826865
12399,4264.634827633749
12400,12425.99410630201
12401,6016.421332043584
12402,7255.545285990007
12403,6779.8307125867705
12404,3965.201927031055
12405,13598.471970403445
12406,6386.62056723185
12407,7582.239119257611
12408,4923.295748267718
12409,8181.354121180126
12410,6624.9223312371505
12411,8155.192476394939
12412,6535.433257107265
12413,5296.850638188128
12414,6044.743840621638
12415,5920.6693601163415
12416,4297.679522674312
12417,7744.545638517394
12418,18357.759427109755
12419,6152.140773363978
12420,5504.034947132618
12421,7562.205505933518
12422,5585.034557819271
12423,5781.157390964585
12424,5472.675634881489
12425,5883.048206964653
12426,8873.68432795554
12427,7860.82143879666
12428,5297.392518550373
12429,7769.558238517394
12430,6300.997145708605
12431,5905.748166398703
12432,7744.545638517394
12433,7794.795319176662
12434,10377.70940818917
12435,6870.543936787719
12436,7332.201750236257
12437,5885.950124751401
12438,7011.227182477573
12439,16497.219049466497
12440,10149.36509294032
12441,7677.636536665709
12442,6561.352783948054
12443,5427.647415872281
12444,5979.996127676845
12445,6141.468583162093
12446,8249.983550307843
12447,6422.370682161401
12448,6321.108884873847
12449,7372.53926420285
12450,5933.936874585616
12451,7173.180201115799
12452,7922.398551295745
12453,7649.510136812128
12454,7430.174491751647
12455,5324.513089371267
12456,6178.019636478899
12457,7508.753355716736
12458,9860.296892609425
12459,10114.14441245411
12460,7706.557210364019
12461,5708.653325080293
12462,8277.806032216207
12463,7158.06592318286
12464,4833.561748643084
12465,7718.776973494999
12466,7680.414387350918
12467,7145.7122601572855
12468,7609.584541441485
12469,6584.250496716589
12470,7906.73503203018
12471,5955.540395540647
12472,7058.067824015418
12473,7505.74617350024
12474,6397.802238920646
12475,9067.156493861687
12476,7265.763535210277
12477,6236.485872582109
12478,7766.700113399073
12479,7277.679601096219
12480,4087.108732401847
12481,8627.246704014324
12482,10780.993474271438
12483,11364.43370919047
12484,5862.469599572194
12485,7623.693644432803
12486,6569.164815485236
12487,7331.893663340776
12488,6521.51230496368
12489,8758.617121706893
12490,3632.958535066469
12491,8157.255942692853
12492,7606.927615742914
12493,6691.1904111756385
12494,5990.931973040535
12495,6956.223815910272
12496,9056.823015546683
12497,7604.182407664943
12498,9326.81341741405
12499,7901.694037030326
12500,7665.6771350008
12501,5778.1739328728945
12502,7159.220233709477
12503,7085.34688775679
12504,8338.988080328993
12505,10363.754693539342
12506,5535.814443235161
12507,10371.60549766573
12508,8589.835206475102
12509,7897.469156938688
12510,6179.467681843908
12511,4084.78907287294
12512,6697.8993641832985
12513,7221.210159077578
12514,7656.324240263959
12515,7495.138361950123
12516,7190.533478270858
12517,7923.348110042844
12518,7453.445605185489
12519,7405.077413656508
12520,9410.020758096443
12521,6346.821932824949
12522,9965.047902101149
12523,12250.744812749354
12524,7977.844908370732
12525,5417.124176168579
12526,6389.963991807872
12527,5323.409922240956
12528,4356.29654785955
12529,9160.21638668986
12530,6392.683402622094
12531,8812.120902600176
12532,5526.856932500012
12533,7928.279412375926
12534,7252.494924903443
12535,11446.857305427018
12536,5439.292372969508
12537,6238.742661527175
12538,7207.438739499958
12539,7611.658297021596
12540,6186.398504679927
12541,7966.024263546835
12542,7681.616377509832
12543,8518.970500268719
12544,8055.10165594107
12545,7712.836054704827
12546,7647.951953009103
12547,6211.574593463494
12548,5404.427015997482
12549,7877.030121262047
12550,10458.886733049127
12551,6691.956358301042
12552,17860.609270371027
12553,7198.762281273952
12554,6578.001980185905
12555,7233.740402255078
12556,7803.450862209355
12557,9072.585945441195
12558,7994.620355822575
12559,7791.15327173775
12560,7816.94818503462
12561,8355.221889121118
12562,7370.893624127305
12563,6255.638588545346
12564,6266.532014747365
12565,5689.442995843871
12566,4768.933268244301
12567,6397.042953847553
12568,10279.142802879076
12569,19304.562448402547
12570,7674.059505154279
12571,7475.442152555434
12572,8505.84118724833
12573,5164.133387857215
12574,8086.7622884581415
12575,4735.7954900603645
12576,9649.164609441883
12577,7559.035050613308
12578,7541.000288708547
12579,13860.532391656234
12580,13826.41511463047
12581,7108.854085017132
12582,7714.657552371924
12583,4269.439531930121
12584,7110.622093891047
12585,7463.2833490769235
12586,8778.745751330172
12587,5294.444423599892
12588,5366.734799629856
12589,6747.788144486022
12590,6005.477913450307
12591,9042.211674484955
12592,8054.507850273392
12593,7393.329936033633
12594,7561.652289533186
12595,8007.790278364955
12596,8737.204806595235
12597,6356.979315324003
12598,5674.229478873444
12599,7595.584503661628
12600,5865.162723368696
12601,7697.661745666891
12602,7225.522076749255
12603,5480.3302939185705
12604,7868.387013334824
12605,7102.570838985695
12606,5466.921782776725
12607,7314.808221812589
12608,7875.228117829626
12609,8113.611432052786
12610,8485.689931347128
12611,7597.946008748384
12612,4351.776024974757
12613,6383.050460262972
12614,7767.341341584651
12615,5473.488899749027
12616,7169.218376433237
12617,7763.2560487427745
12618,13238.143746568456
12619,8342.717140365237
12620,7557.024456937888
12621,7882.843271131938
12622,5030.011085200038
12623,7657.894361215814
12624,7048.1173253048
12625,14176.290940430259
12626,7016.83738465322
12627,6382.704560297676
12628,6713.610227288471
12629,4813.9701160943505
12630,7351.883592082956
12631,17106.62976397764
12632,5084.255621443752
12633,5065.937406883962
12634,10209.74139107595
12635,7608.914245125967
12636,7397.398837506908
12637,7574.81663461203
12638,6763.765055197794
12639,6009.799016143162
12640,5290.043921243295
12641,8321.68428936262
12642,6379.865142212275
12643,7299.703941785484
12644,7926.467634828441
12645,5025.041590133941
12646,7564.092001065898
12647,7545.796303288605
12648,4969.284843314374
12649,8139.750001681615
12650,8011.504927409644
12651,5035.256252048546
12652,7686.318438020801
12653,7131.290774727232
12654,6376.984477850412
12655,9964.348847214738
12656,7578.221021151404
12657,9562.243011241622
12658,6830.343672469731
12659,6780.186935708059
12660,7762.523176904161
12661,4896.137457980539
12662,7669.585079000226
12663,5280.94859509845
12664,6849.220422196525
12665,6274.008158493167
12666,7574.81663461203
12667,6222.98217058112
12668,7617.1269279660955
12669,7723.551962161105
12670,8734.306336051211
12671,6352.393204994574
12672,8083.947906512574
12673,7160.77276560152
12674,9431.480263363614
12675,7669.656745666892
12676,7107.112768449131
12677,3803.3571705294507
12678,6377.607957205052
12679,7585.142666521411
12680,5269.10927158613
12681,7597.946008748384
12682,7739.964689761912
12683,7590.972491529688
12684,11589.843763091512
12685,7294.316654309003
12686,5369.77578979536
12687,12314.953260951324
12688,7620.171021151404
12689,7581.49805067237
12690,9413.920174998824
12691,10337.825852114629
12692,6796.165440711093
12693,5903.4736808469825
12694,7564.332287268081
12695,6165.999053674887
12696,6785.5119276275
12697,6597.551316311318
12698,5596.589458354874
12699,6644.026198729614
12700,8069.2412996866715
12701,7228.130410657929
12702,8243.954315230623
12703,7579.935461760174
12704,6973.75827965167
12705,4671.217507844518
12706,8423.46910147342
12707,7856.139340728425
12708,6627.809703735809
12709,6916.834860875483
12710,8336.372767537001
12711,7374.804885078204
12712,7277.307356153169
12713,5655.100299965916
12714,7371.314905898507
12715,7566.952541191833
12716,7589.992359661069
12717,7424.851295319914
12718,4654.472317372924
12719,8155.557742364679
12720,8195.638459460675
12721,7357.177527691612
12722,7955.5825972245475
12723,7597.946008748384
12724,7768.15620666297
12725,6050.710085683526
12726,4471.468759719685
12727,7304.398139549913
12728,7578.221021151404
12729,7757.573232010406
12730,10751.432762881235
12731,9043.182813562797
12732,5762.835184252637
12733,9403.054442717443
12734,4385.053578418831
12735,3682.313721127704
12736,7502.832417990405
12737,13781.319929292931
12738,8401.923272009895
12739,7610.507341945655
12740,5752.021692248357
12741,7585.2103422540495
12742,10520.108789654641
12743,6712.775497137865
12744,8612.281339140718
12745,6754.1674901361785
12746,5382.683293298699
12747,5836.261230183823
12748,7329.390172697159
12749,6725.581959804997
12750,5463.685301372437
12751,6810.449851591141
12752,4897.499845645476
12753,7886.536069976437
12754,7781.149959707197
12755,6712.725324069903
12756,7610.435675278987
12757,7667.6663327576425
12758,6760.202829888736
12759,5759.674740451287
12760,8406.649119288939
12761,8369.577450095021
12762,7114.759828875696
12763,4857.278917351087
12764,14320.330652017885
12765,6883.67976212364
12766,6711.966779578719
12767,9072.516995598307
12768,9087.61827271456
12769,8157.440343592608
12770,6560.003366907281
12771,7639.377822901119
12772,10003.449055421559
12773,15061.118714285716
12774,5778.807900706266
12775,5505.368005459092
12776,5429.261952058129
12777,7488.865746211816
12778,6681.727599174583
12779,8999.11579455744
12780,9875.548205546795
12781,6932.603250607424
12782,5042.050063469666
12783,6914.6793210137575
12784,7941.769797549994
12785,5878.889438335601
12786,7615.172370223653
12787,4451.567910492939
12788,8440.060928260651
12789,8107.502929948699
12790,8091.1660014821155
12791,9225.441438682625
12792,7579.189211950896
12793,5563.996470537171
12794,7631.960528745125
12795,8499.023398740163
12796,8759.475607187773
12797,8187.208939121895
12798,7575.726870348393
12799,7738.427267725445
12800,7550.1279029787565
12801,11004.94371774417
12802,4978.625795685921
12803,9577.098488435331
12804,7566.838175203715
12805,5246.239079889284
12806,7231.532334735215
12807,6455.305012624549
12808,8006.3890993567
12809,7413.07973287593
12810,4939.124272577748
12811,5358.693325194447
12812,8027.108777025121
12813,10456.957693722941
12814,10875.911236849171
12815,6855.572327514138
12816,6506.423378923427
12817,7552.283185487467
12818,6570.364242548307
12819,6174.4044995704035
12820,9464.88364273423
12821,7608.903926126968
12822,13123.581734848482
12823,5398.787539833121
12824,6763.75289035796
12825,11228.524666666666
12826,8404.856203643147
12827,6271.550376330726
12828,7759.639676792307
12829,7723.30432934168
12830,6858.470565697178
12831,6120.031454351372
12832,6441.252548128068
12833,5463.859549987294
12834,6975.603585402399
12835,5873.725802009488
12836,5769.177338119753
12837,9593.767631385037
12838,7577.670463375278
12839,24030.448333333334
12840,6942.806188983761
12841,7932.009512142446
12842,8445.486905027683
12843,10436.624360331934
12844,8764.235757853889
12845,9942.486882563
12846,8233.743703581777
12847,9069.9967117839
12848,7791.356631905428
12849,6153.260023806365
12850,6441.542457700201
12851,7683.878364071523
12852,9634.623113897262
12853,7911.459294151176
12854,8806.815343791333
12855,6170.31737007683
12856,5374.859902983839
12857,8850.461428395804
12858,10680.72196324133
12859,13115.736258783962
12860,11731.31293650616
12861,9749.83658571548
12862,5603.059516483518
12863,9310.788011708246
12864,5582.962328624413
12865,9810.304943961126
12866,15102.302652265485
12867,10743.535464764256
12868,8583.903042384924
12869,5864.00093206281
12870,4981.145948141391
12871,6919.513862447323
12872,12998.844404288546
12873,7369.062980237686
12874,7405.065310486809
12875,6131.570636497593
12876,9093.834039893234
12877,6969.571460575825
12878,8860.755915637388
12879,8164.389338874602
12880,7342.610547944501
12881,7697.2965280283415
12882,7970.666398924034
12883,8428.190249238549
12884,6544.007666079199
12885,5549.299123262819
12886,8593.986001262876
12887,8871.811992774934
12888,13614.147945915958
12889,6688.409284014193
12890,10657.150052693325
12891,8544.925567276961
12892,9559.622752161264
12893,10013.233860486023
12894,11785.9791025641
12895,6067.830987053
12896,8549.667205316162
12897,7615.115476633326
12898,8338.124168340437
12899,10257.847219341198
12900,8587.675954201239
12901,8174.788334528322
12902,9883.641353201498
12903,7221.921849924702
12904,11674.822673992672
12905,8041.991614567644
12906,12248.389767357306
12907,6027.728877545793
12908,6732.661255027464
12909,10621.882728783949
12910,5949.576865059818
12911,7464.1120363057125
12912,7195.509283085962
12913,10034.240039195081
12914,6002.069928150156
12915,5946.229593863167
12916,9343.650368590754
12917,7595.344895419
12918,8938.070575487041
12919,5554.694673406336
12920,8763.063984359622
12921,10366.098808152641
12922,9013.907519650793
12923,7699.853871743805
12924,7619.054642537198
12925,8320.570360593492
12926,8455.125576344064
12927,8378.976616580645
12928,8324.339980585035
12929,9390.53227155333
12930,8729.229861036007
12931,7690.67523087451
12932,8542.98852144502
12933,8006.06108249735
12934,7427.081147645989
12935,6242.853564573817
12936,8504.346066932501
12937,9132.953143000754
12938,5628.478216991161
12939,7470.22811629923
12940,7121.428150180568
12941,6639.216004707382
12942,6344.791025748326
12943,9912.80942676824
12944,7108.537777699834
12945,8665.093891022621
12946,6346.300665021903
12947,7431.540881074076
12948,9222.470411929498
12949,9524.579236894217
12950,9485.217604846552
12951,10132.544981445111
12952,10242.84287051086
12953,6312.608334947132
12954,10017.752532546076
12955,9135.482457006605
12956,9425.754753463501
12957,9876.29270528385
12958,7207.179639235845
12959,10617.845906615641
12960,8424.99633226344
12961,9563.269568112137
12962,8474.287851954534
12963,9563.22039963707
12964,7904.848962638112
12965,6299.331324599092
12966,5340.349998486734
12967,6816.638179165886
12968,9640.128931268195
12969,7839.388000755767
12970,5928.715146841186
12971,9022.441204703411
12972,7060.228441105387
12973,6674.896639340188
12974,9101.877842371103
12975,8946.545862617724
12976,9829.311738698054
12977,9423.638062363181
12978,7046.4237809691485
12979,6911.379922824695
12980,10034.465725963677
12981,9379.707677245395
12982,4284.5255763636205
12983,9151.096542047668
12984,5785.705843420818
12985,9966.912516610517
12986,8698.44013231225
12987,7045.226756617136
12988,12139.482356248183
12989,8753.89964968726
12990,5596.248375381318
12991,12586.805369560925
12992,8579.240464034887
12993,9437.493893246185
12994,9238.805782070216
12995,5954.757866342056
12996,9397.695203416193
12997,6285.089867068296
12998,9401.316319634368
12999,10039.341976582666
13000,6447.550664518594
13001,3983.5591858168145
13002,8395.125314575478
13003,10878.610267075528
13004,11236.33067910868
13005,7682.329411291473
13006,8455.843378475329
13007,8491.879108995252
13008,6911.379922824695
13009,6681.153539424363
13010,7723.429790144645
13011,8675.860922949147
13012,7588.883187019912
13013,8895.730809648943
13014,8983.19202853531
13015,8424.99633226344
13016,10971.934573882549
13017,9218.079481622755
13018,6485.017796132148
13019,9436.106201395743
13020,10121.163629781857
13021,6932.0378910377785
13022,8661.362190803246
13023,9223.088333491884
13024,9343.776698652777
13025,5000.505317499819
13026,7930.9850450157
13027,5965.794648154688
13028,10007.270928296442
13029,9297.066449523332
13030,11727.651016842272
13031,9370.382094361401
13032,8609.051199558833
13033,8672.311104312546
13034,21656.764905636843
13035,12633.536855333574
13036,6874.073631415675
13037,3993.907771260371
13038,7278.196493752717
13039,11605.199433546613
13040,6231.1149984737485
13041,14780.38123955722
13042,22565.393150266395
13043,5310.871123287205
13044,6172.711668496285
13045,9645.414273458255
13046,7679.486178315289
13047,11952.423395448963
13048,7475.182197618473
13049,9918.700635913072
13050,4510.958199483549
13051,8264.470959657003
13052,7650.5252882998475
13053,9328.187921271994
13054,10618.024429809237
13055,6780.886707182749
13056,9040.275776998827
13057,8016.589181290332
13058,6498.897557693814
13059,8963.08787637404
13060,8634.67487260559
13061,6505.124208058583
13062,8800.048193654766
13063,9516.14704180154
13064,8720.28699418028
13065,6393.028516704187
13066,8210.284496653714
13067,8976.708773365606
13068,9279.996274353001
13069,8613.052461468707
13070,8512.00212930269
13071,8298.00642870768
13072,4384.116144023009
13073,7374.092529548651
13074,9115.90742433451
13075,7948.013167878541
13076,5483.335771411263
13077,9970.148615058437
13078,7422.419432264731
13079,10758.23796297984
13080,10066.572906660092
13081,8992.964759586495
13082,5962.568228060833
13083,8067.65254140099
13084,10529.954306352041
13085,6577.629554465491
13086,9265.879477427208
13087,17959.012308261183
13088,8057.988433206156
13089,7892.108745449453
13090,5861.249857865123
13091,8037.980126397471
13092,7816.777140644695
13093,5143.785697997592
13094,6933.606406492219
13095,9733.618227245404
13096,6737.644890002613
13097,18866.03305555555
13098,16336.756157287156
13099,5531.007715960208
13100,7733.064216206687
13101,6619.816857576058
13102,10080.510466855667
13103,6538.800675583453
13104,13204.5087180388
13105,10309.958924750834
13106,10941.0438777489
13107,6233.483392650129
13108,10139.95760971281
13109,5011.134184194278
13110,11000.55527415237
13111,7257.832551336019
13112,6703.241310730826
13113,6076.991934482216
13114,6795.938326372545
13115,9790.836947726855
13116,10016.922102874554
13117,6074.794365222604
13118,9951.650309753151
13119,9702.783794491948
13120,12120.81172368568
13121,5798.132169462057
13122,5870.386169141879
13123,9192.47621882025
13124,11604.505250596436
13125,8952.151050992636
13126,7697.3489943919985
13127,8423.655180201156
13128,10141.908311789226
13129,5452.217671840203
13130,9931.987035235812
13131,9370.993133896689
13132,9617.326647707063
13133,17589.3400146035
13134,19222.69049153262
13135,9591.530806755976
13136,8107.513997114753
13137,9485.816534676296
13138,9791.730360661702
13139,10808.689602991219
13140,6532.433477284604
13141,9512.090017354683
13142,9534.910141775477
13143,9823.88160705369
13144,7304.491281257253
13145,7278.393481127743
13146,6016.193024278857
13147,6454.8612153894765
13148,9815.648974832553
13149,6555.374262469697
13150,5721.5220505128955
13151,7858.401145070342
13152,4858.502886197885
13153,5451.785212910238
13154,6099.443190358761
13155,7359.803638995858
13156,10410.395961264005
13157,7972.945604567667
13158,9862.081001370876
13159,6329.341292701164
13160,9784.0765920941
13161,10823.947807900731
13162,8793.282690240263
13163,6481.526282356513
13164,6274.9538015872995
13165,9720.843738800308
13166,9305.049963556548
13167,7605.938023757796
13168,8695.922290747541
13169,6716.1145498095
13170,8849.8051910824
13171,6848.123795337314
13172,6084.675150283126
13173,9327.03242114765
13174,9793.537572470776
13175,11281.100506154075
13176,8913.282031524663
13177,10795.394935747581
13178,7718.761151679026
13179,6502.383023802367
13180,8908.872123989899
13181,5179.867711313442
13182,7349.408198201206
13183,6110.430310436825
13184,9003.824788108766
13185,9786.59797424842
13186,12503.541533577532
13187,8967.909629148628
13188,6029.7649849330355
13189,6958.411881856537
13190,9746.409808737311
13191,9594.184876533618
13192,7732.999205148135
13193,5515.49755777902
13194,9223.139369561346
13195,11599.671817627388
13196,5181.624418016323
13197,9304.970621230945
13198,9765.22209387633
13199,10399.75712999486
13200,11125.898450187618
13201,9165.909051403249
13202,17959.68957269072
13203,7570.494920901724
13204,9348.200203234794
13205,5576.716769561975
13206,6735.866625824932
13207,6484.662154302503
13208,5859.698627501337
13209,9305.39842366827
13210,5933.88768074626
13211,5435.491485017268
13212,7706.344625506932
13213,8438.405378697988
13214,8508.26269291028
13215,6011.3196448650715
13216,8094.714052925141
13217,7932.579571873666
13218,6431.402394091655
13219,10287.930977269667
13220,7147.83631763426
13221,6139.619490792639
13222,5528.609775524226
13223,8807.448699583534
13224,11776.60198765124
13225,9863.816324949927
13226,5734.545618484386
13227,8833.651010139203
13228,8631.646974515641
13229,7687.601989079607
13230,7425.891504346914
13231,9832.697892367949
13232,8544.208593170613
13233,7007.009605401735
13234,6637.931506422543
13235,8910.772927643335
13236,7486.005247195446
13237,9122.531765121845
13238,7587.824664011721
13239,5983.667528485226
13240,5474.083122062738
13241,6103.412889376681
13242,8199.761033577566
13243,9167.176230938405
13244,10214.860901202157
13245,12945.447826637484
13246,9334.00482266352
13247,8772.717655718985
13248,9196.921944670254
13249,9949.115155823
13250,9804.147626744589
13251,7794.85046075616
13252,9247.197301923676
13253,8667.752770929314
13254,6197.2837136826865
13255,7014.5421134365615
13256,12744.590556542764
13257,6016.421332043584
13258,10281.805661352724
13259,6792.140261362802
13260,8004.396125122623
13261,14472.420221741668
13262,6499.355437807052
13263,9314.696154374422
13264,8498.117607986216
13265,8636.426043650794
13266,9072.510969320896
13267,8488.051406567829
13268,6481.606442403872
13269,8851.103857731761
13270,6467.359061636454
13271,6090.478532828467
13272,6767.598507684576
13273,9432.306731458237
13274,21162.366261904765
13275,6301.31847333576
13276,5504.034947132618
13277,8862.25139930548
13278,5585.034557819271
13279,5937.859853581654
13280,5472.675634881489
13281,6022.935754845705
13282,9037.613521077235
13283,7849.613715478311
13284,5311.429995157705
13285,9878.70895921679
13286,6300.997145708605
13287,5931.9805817939005
13288,9417.630471324934
13289,9123.594914009596
13290,11504.95599687672
13291,8580.950694117884
13292,7370.308856221617
13293,5892.252581842638
13294,8882.26427338194
13295,18330.146984297306
13296,10314.820838060834
13297,9100.112423899545
13298,6849.681752365124
13299,5427.647415872281
13300,5979.996127676845
13301,7948.815601419512
13302,9947.740427194054
13303,6535.791812425708
13304,6437.509644050363
13305,7947.0546448995765
13306,5933.936874585616
13307,7240.855910976947
13308,8080.274307160982
13309,9056.807345990566
13310,7429.827110799266
13311,8357.283999122488
13312,6262.570014841275
13313,7411.52301793047
13314,10486.09102466336
13315,10217.380471781264
13316,9492.070259589571
13317,5828.1658500640315
13318,8319.23167703633
13319,7211.936639362779
13320,8419.23539401016
13321,7769.082783434528
13322,9543.296837685437
13323,7145.7122601572855
13324,9331.72721153008
13325,8908.592061796498
13326,8034.121917272979
13327,5955.540395540647
13328,8581.639512814605
13329,7550.440924984863
13330,6397.802238920646
13331,9067.156493861687
13332,8370.734498336475
13333,8097.337512584845
13334,10126.582193419723
13335,7134.737922047838
13336,4341.475788509612
13337,9164.5956683898
13338,10944.37992664479
13339,11584.7055825563
13340,8278.125134843924
13341,9610.849783327038
13342,6647.600716878993
13343,7331.893663340776
13344,6700.785818173564
13345,9063.44387822642
13346,3702.669526034802
13347,8529.804229880758
13348,7606.927615742914
13349,9567.551525177303
13350,6110.167975924134
13351,9440.136581106093
13352,10589.583658621204
13353,9424.463979301172
13354,9414.67862888323
13355,8214.791231415695
13356,10101.050768285708
13357,5746.88393989414
13358,7159.220233709477
13359,7069.031887756789
13360,8483.191229504784
13361,10492.342487961294
13362,5206.751752965471
13363,10548.098218253966
13364,8747.104579675828
13365,7946.606507983176
13366,6308.183859968611
13367,4130.459250518302
13368,6755.687726222015
13369,7230.589689965609
13370,10065.210232972408
13371,9095.80226664123
13372,7190.533478270858
13373,7923.348110042844
13374,7511.477591738489
13375,7698.004675861146
13376,10108.622539402113
13377,6346.821932824949
13378,11393.774376526684
13379,12487.306989937751
13380,8012.6180521615815
13381,5417.124176168579
13382,6389.963991807872
13383,5476.814954644392
13384,4433.582798540108
13385,9270.382872897726
13386,6608.638114900319
13387,10414.898609756629
13388,5545.452916484263
13389,7893.0783230376055
13390,7242.343344389773
13391,12158.322346870025
13392,5439.292372969508
13393,6252.997740999501
13394,7255.486238670843
13395,11066.076670197514
13396,6197.49095892419
13397,9357.857650635606
13398,7916.635770149894
13399,8529.339979687968
13400,8239.082266720308
13401,9920.359167443776
13402,8902.892665765852
13403,8914.061715352771
13404,5421.719275250552
13405,10974.668856065447
13406,11237.103345674795
13407,9037.212556884144
13408,17953.87591666666
13409,7196.550242583475
13410,6610.429410595095
13411,7598.55368948281
13412,9682.445323938538
13413,9094.465613787397
13414,9729.191000314993
13415,9533.488151761876
13416,9677.178889072673
13417,8513.664727296828
13418,7768.176003990713
13419,6255.638588545346
13420,6447.006544227798
13421,5689.442995843871
13422,7840.217249202622
13423,6411.153975956395
13424,10428.161134226957
13425,19706.61472366522
13426,9502.159215796893
13427,8874.46256511295
13428,8790.226394647463
13429,5250.746205242593
13430,9102.775962966081
13431,4722.882992304545
13432,9625.264481203007
13433,9182.71555946149
13434,9410.615583952207
13435,10892.783898951504
13436,14095.70545038295
13437,8065.007530352173
13438,9024.655586330297
13439,8799.20718622776
13440,7120.460288677944
13441,8678.007292754133
13442,8778.745751330172
13443,5311.73668285296
13444,5568.842581025777
13445,6864.683768611958
13446,6005.477913450307
13447,10077.077393141592
13448,8347.323026523507
13449,8215.686260299184
13450,9314.431409514973
13451,10445.803325813216
13452,9318.655255834983
13453,8968.637171780942
13454,5855.037260482016
13455,9802.587213784796
13456,5834.661458534778
13457,10150.446169436946
13458,9262.30022402951
13459,7235.7855454631745
13460,7868.387013334824
13461,7197.239211171785
13462,5466.921782776725
13463,7472.627415877822
13464,8193.740734606556
13465,10182.778241411328
13466,10449.782020928016
13467,9309.128908814206
13468,5029.232814759491
13469,8761.973485793074
13470,7858.631895883293
13471,8313.95972407337
13472,7253.963522096508
13473,8799.132436871683
13474,13315.330182627811
13475,9324.287428985868
13476,9147.613163863329
13477,9363.83062260926
13478,5177.053221318542
13479,9851.80447147546
13480,7057.9555200916975
13481,12860.18704245962
13482,7019.886402146197
13483,6473.146985452349
13484,7097.941506241601
13485,7949.250505873078
13486,9743.950154815957
13487,14036.57398555576
13488,5115.014547530249
13489,5116.5090259954195
13490,10198.900886802445
13491,8523.024418451905
13492,7525.164595530802
13493,9689.436576529619
13494,6806.091694798574
13495,6163.811039576127
13496,5303.375710072516
13497,9747.184469343381
13498,6401.2842261332
13499,8891.467516118799
13500,8020.9124305433525
13501,5040.881632424289
13502,9115.655513250591
13503,9219.642827187225
13504,5030.898243584482
13505,8139.750001681615
13506,9552.418784163241
13507,5094.896541628879
13508,9297.047674927271
13509,7142.088965971471
13510,8592.855524000672
13511,10351.666165208855
13512,9188.825907123746
13513,9652.187234796409
13514,8736.79822208967
13515,7190.723864467513
13516,8792.108842541791
13517,4999.073144059086
13518,9545.533286683134
13519,5681.580580307683
13520,7035.315395777385
13521,8538.42403163471
13522,9684.139182423749
13523,8644.102427696365
13524,9338.088326229794
13525,7827.428814045711
13526,9032.806108286817
13527,6352.393204994574
13528,9458.511971163023
13529,7389.235906637868
13530,9576.991636959272
13531,9661.29919370528
13532,8608.595533516582
13533,4066.3045178471652
13534,6377.607957205052
13535,9082.449242628614
13536,5887.7365809219855
13537,10247.563371279624
13538,7745.993439761913
13539,7706.779668903671
13540,11954.25298414001
13541,7920.778444129752
13542,5369.77578979536
13543,12411.764022891071
13544,9415.417414954918
13545,8945.039641350451
13546,9511.625075691261
13547,12838.926686310473
13548,6827.201785184374
13549,6009.254151717549
13550,9614.567368510498
13551,6165.999053674887
13552,6777.033363137196
13553,8965.66725992166
13554,5596.589458354874
13555,6650.286460515108
13556,8069.2412996866715
13557,8956.82358725238
13558,8552.29962665588
13559,9608.03064614985
13560,7042.786708170809
13561,4671.217507844518
13562,8490.825473416045
13563,7856.139340728425
13564,9065.971195524586
13565,8423.870460960845
13566,8346.93926263504
13567,9596.9840919356
13568,9050.121307235135
13569,5663.760495087868
13570,7371.314905898507
13571,9063.101344435097
13572,9894.426114286014
13573,8628.051941770205
13574,4681.554640035605
13575,9091.51803268994
13576,8510.573839128612
13577,8895.351250969758
13578,7955.5825972245475
13579,9427.557234805663
13580,8964.48150786245
13581,6537.1273621451455
13582,4534.871369622178
13583,7340.233467816492
13584,9210.21550413004
13585,8090.224992865851
13586,11134.564468493098
13587,10449.145454998103
13588,7994.404629865654
13589,9470.355666554406
13590,4896.379359853807
13591,3660.99210475559
13592,7851.239761087511
13593,14314.93720573871
13594,8401.923272009895
13595,9650.141586336254
13596,5752.021692248357
13597,9363.899203383553
13598,10755.904980405217
13599,6725.085045913898
13600,8614.84409959987
13601,7101.483323233648
13602,5478.12456464927
13603,5837.677566447998
13604,8511.851436819938
13605,8638.771736666775
13606,5463.685301372437
13607,6802.074858817628
13608,5215.39680913534
13609,7971.008826768288
13610,7803.660639571954
13611,6940.139092491919
13612,9460.817954021026
13613,9477.340327348
13614,7253.542674638461
13615,5792.09081621493
13616,8406.649119288939
13617,8369.577450095021
13618,6890.020158218203
13619,5190.612718911007
13620,14772.917519809102
13621,7235.401102831428
13622,6936.264717729788
13623,9030.59757611644
13624,9648.489553534768
13625,9973.038710183388
13626,8688.784587688653
13627,8806.82543872929
13628,11494.053695300368
13629,15552.230305555559
13630,5885.922640194676
13631,8414.870432624783
13632,5443.298589485031
13633,8118.204185975421
13634,8448.430238142568
13635,9463.884203833577
13636,10254.56972761269
13637,6981.810968255104
13638,5292.054989052997
13639,7363.802532452125
13640,9494.719690975076
13641,5924.125895359024
13642,7744.73680146132
13643,4493.738628082989
13644,8998.216786509884
13645,8266.607470735524
13646,8375.75420292583
13647,10971.656767625846
13648,7906.611478062463
13649,5563.996470537171
13650,9052.924859207069
13651,8960.15251945208
13652,10132.889228182099
13653,8490.675598509537
13654,9688.428818391738
13655,8126.270856069146
13656,9350.515300526236
13657,11863.057994822168
13658,5037.627586967662
13659,10688.54264033051
13660,9162.715547617772
13661,5246.239079889284
13662,8730.882842650104
13663,6970.230737085458
13664,8018.577833050052
13665,7413.07973287593
13666,5058.333620938201
13667,5599.219058535181
13668,8027.108777025121
13669,10453.872931818178
13670,10969.507279489544
13671,7365.46706590078
13672,6642.108319518385
13673,7601.446598216372
13674,9491.890184820148
13675,6213.111629882854
13676,11144.260473552526
13677,9505.336059299661
13678,13273.163072150068
13679,5446.120024250858
13680,7646.600131256443
13681,11294.117023809522
13682,8574.143155232357
13683,6271.550376330726
13684,10052.821253907561
13685,7818.311436250614
13686,7352.382649859047
13687,6210.52295435137
13688,6764.282327153588
13689,5499.193046885939
13690,7015.049563350816
13691,5929.6535298441395
13692,5777.932997460412
13693,11792.63286316813
13694,9493.082980018055
13695,25360.364583333325
13696,7081.579188983762
13697,7574.16297292676
13698,8775.259891831089
13699,10008.649954398652
13700,8487.68991570521
13701,9690.39297052557
13702,7942.563331069442
13703,9097.296665441356
13704,7791.356631905428
13705,6251.648545654
13706,6554.10716970235
13707,7683.878364071523
13708,9179.650758514197
13709,7930.752612357701
13710,8819.45848161756
13711,6684.963421323104
13712,5419.794811258035
13713,8463.583950286957
13714,10656.877953033714
13715,12815.17706037126
13716,12765.75110840548
13717,9361.732511266404
13718,6078.200095238094
13719,8878.545104591267
13720,5650.184667787422
13721,9402.244864482738
13722,15328.835182475419
13723,10615.845706827748
13724,8262.322546658428
13725,6471.696846657916
13726,5231.139709286259
13727,6921.59065411399
13728,12183.76928189924
13729,7369.062980237686
13730,7110.302429367926
13731,6142.5725343981085
13732,9260.889758687837
13733,6709.565163909213
13734,8431.531868262455
13735,7795.98311734251
13736,7342.610547944501
13737,7719.9595880538845
13738,7264.26080500979
13739,8427.555605828553
13740,6544.007666079199
13741,5658.1560832835385
13742,8265.539836445267
13743,8922.895289659542
13744,13348.808612582628
13745,6693.390393159414
13746,10150.117332870754
13747,8446.225383643561
13748,9947.449138023781
13749,9533.430761920488
13750,11628.218753501402
13751,6453.455173142731
13752,8143.49870874684
13753,8090.236346823039
13754,7748.408536199725
13755,9633.644910983818
13756,8562.191225107237
13757,7814.7012847814585
13758,9497.136928206204
13759,7231.621995953273
13760,11564.098848739495
13761,7674.490004371884
13762,11510.863907252704
13763,6063.118942502132
13764,6819.026476445433
13765,10857.25875167891
13766,5993.237441682119
13767,7858.361272463599
13768,7422.9370553728295
13769,9611.141037983198
13770,5974.058446092135
13771,5934.725921093835
13772,9091.513255783582
13773,7628.789243014595
13774,8820.847161744345
13775,5613.9898954287055
13776,8485.985061387944
13777,9928.08207283805
13778,8519.973832759402
13779,7119.925701652686
13780,7619.054642537198
13781,8001.141849386521
13782,7990.016520756678
13783,8401.593973170648
13784,7996.054536502785
13785,8909.88488530374
13786,8326.217886673514
13787,7760.320688235844
13788,7918.394228263155
13789,7775.102500227454
13790,7448.702060988022
13791,6306.381361444155
13792,8532.344890402683
13793,9096.388166991313
13794,5604.114569980432
13795,7140.524826579605
13796,7121.428150180568
13797,6651.237519858897
13798,6346.402043827023
13799,9910.452751967718
13800,7121.017926551693
13801,8732.197576903738
13802,6354.6026503175335
13803,7175.245521905068
13804,8883.375047681735
13805,9030.232490570008
13806,9550.909050973838
13807,9878.339936632678
13808,9777.915458269761
13809,6312.608334947132
13810,9408.85620384091
13811,8840.413091486318
13812,9728.182772596976
13813,9376.650243167993
13814,7207.179639235845
13815,10474.051580649888
13816,8424.99633226344
13817,9232.810740601144
13818,8053.6562986888775
13819,9083.262765378666
13820,7904.848962638112
13821,6332.93690202238
13822,5340.349998486734
13823,6693.075549733248
13824,9395.164919496705
13825,7860.30224112849
13826,5971.1923451097255
13827,8674.871006043544
13828,7411.174302871232
13829,6674.896639340188
13830,8681.993388481169
13831,8618.031297653368
13832,9318.542617893545
13833,9100.910757663358
13834,7199.8551328844005
13835,7003.5398469553365
13836,9871.48019687617
13837,8966.060829037619
13838,4569.835243365587
13839,8728.375607148811
13840,5796.507098540403
13841,9731.186509612346
13842,8881.417269400145
13843,7114.663136948082
13844,12150.077886551211
13845,8392.220057848175
13846,5669.749019645461
13847,12409.291586502897
13848,8212.809868240647
13849,9471.944202638302
13850,8969.071640849927
13851,6234.379281011921
13852,9089.417783650715
13853,6320.625469314782
13854,9401.12414214519
13855,9814.650369896744
13856,6449.449524733649
13857,3941.907555822343
13858,7981.523498321142
13859,10791.417124329384
13860,11200.607591196826
13861,7931.356151321711
13862,8629.765902708179
13863,8108.332608665689
13864,7032.710962418284
13865,6492.601945148269
13866,7409.443058426617
13867,8219.621188623218
13868,7579.486343048281
13869,8534.05121780986
13870,8635.621829875443
13871,8424.99633226344
13872,10878.118622542224
13873,8754.85552746959
13874,6488.8013699387875
13875,9137.023111102328
13876,9859.214243681621
13877,7058.900245690655
13878,9344.81924092732
13879,8796.995979781392
13880,8965.746011608953
13881,5010.3151268105985
13882,8620.288777398995
13883,6052.821126297486
13884,9645.16190729037
13885,8923.66003987628
13886,11715.422003030828
13887,9369.416936040689
13888,8091.167441200608
13889,8682.95563392927
13890,22284.564674464422
13891,12866.521377747576
13892,7992.704301477592
13893,3760.5679106848274
13894,7305.752512755313
13895,11288.997148622533
13896,6544.8915393772895
13897,14708.35473955722
13898,22112.58023268398
13899,5284.990337572918
13900,6566.526366225584
13901,9155.6552244862
13902,7498.931390434554
13903,12722.260492294392
13904,7687.595514348275
13905,9494.194690906561
13906,4574.027199483548
13907,8117.931569103548
13908,7656.23603343511
13909,8846.006091826064
13910,10639.132145299465
13911,6637.522177649781
13912,8571.647489512328
13913,8171.478275725248
13914,6919.820150583788
13915,8641.26366308597
13916,8599.405107273698
13917,6548.201319713614
13918,8443.049103916805
13919,9239.249775034981
13920,8479.775269768214
13921,6597.558809842076
13922,8759.274825320354
13923,8673.678541063873
13924,9003.30113105458
13925,8052.032743524994
13926,8761.873572878014
13927,7888.839391114158
13928,4436.587413071589
13929,7541.010220973375
13930,8814.42757811215
13931,7739.336840028613
13932,5482.488565333872
13933,9988.451744948874
13934,7535.964583090106
13935,10864.474508613159
13936,9680.303812109873
13937,8679.276170170742
13938,5967.269118247748
13939,7580.6650903032305
13940,10314.565262220161
13941,6577.629554465491
13942,9335.448891528646
13943,18499.24087569887
13944,8057.988433206156
13945,7925.373364497072
13946,5861.249857865123
13947,7788.46711433617
13948,7844.380830682361
13949,5172.873983711878
13950,7140.203223941453
13951,9288.070738059432
13952,6633.492336506268
13953,19879.559285714287
13954,17821.592202380958
13955,5544.399195635005
13956,7740.083655453706
13957,6506.998396309192
13958,9607.63806919926
13959,6684.467049500489
13960,12962.118417236657
13961,10240.655377131787
13962,11100.252507588588
13963,6386.9319255078435
13964,9667.085212056403
13965,5022.969914531355
13966,10975.387460421773
13967,7363.47210780097
13968,6733.070489459168
13969,6076.991934482216
13970,6748.633754943975
13971,9387.418978979593
13972,9624.007432943845
13973,6074.794365222604
13974,9746.988376016909
13975,9244.93094087876
13976,12167.531875644028
13977,5969.280698463635
13978,5869.755336198142
13979,8813.094599189883
13980,11845.408571433476
13981,8548.85432630064
13982,7697.3489943919985
13983,8585.740937645034
13984,10159.266119920538
13985,5452.217671840203
13986,10341.62512750681
13987,9042.543602240148
13988,9233.132871557753
13989,18004.274915382826
13990,19676.394876678878
13991,9188.862171069262
13992,8107.574575412348
13993,10779.93784436326
13994,9559.226690987343
13995,10306.399946499469
13996,6762.608764673405
13997,9279.586347680322
13998,8869.53691849166
13999,9512.86307360049
14000,7062.463471731496
14001,7801.574638639315
14002,5977.948452850284
14003,6462.255377613628
14004,9538.660176431255
14005,6440.255158345688
14006,5726.058819357223
14007,7858.401145070342
14008,4858.502886197885
14009,5446.611276149163
14010,6099.443190358761
14011,7540.6081806051325
14012,9988.594692737708
14013,7972.945604567667
14014,9390.191673387528
14015,6329.341292701164
14016,9369.721304148092
14017,10138.413566478997
14018,9156.161508990877
14019,6716.765196225752
14020,6267.883134920633
14021,9962.080335264454
14022,8833.296791727083
14023,7605.938023757796
14024,8252.123261418637
14025,6960.8896162539895
14026,9706.189713001626
14027,6881.597771305088
14028,6078.953486422746
14029,8810.86176856444
14030,9369.122370026702
14031,10869.384399271898
14032,8333.41168392558
14033,10686.286180301271
14034,7366.27468343069
14035,6488.987857187677
14036,8526.50998187345
14037,5191.381044195483
14038,7557.781933041357
14039,6376.366854898444
14040,8505.094235455823
14041,9185.405491121728
14042,12761.279695970696
14043,9223.819146825397
14044,6029.7649849330355
14045,7101.887070196832
14046,9087.529477915514
14047,9169.961872609234
14048,8159.389993912119
14049,5515.49755777902
14050,8756.78109069594
14051,11772.616886129894
14052,5166.629858188293
14053,8957.80106360707
14054,9329.616350509685
14055,10053.588331688843
14056,10440.40523485262
14057,8587.011919934204
14058,17420.80917034239
14059,7541.525604394015
14060,8779.021051563728
14061,5774.746973599296
14062,7095.588743504446
14063,6603.730055263537
14064,5859.698627501337
14065,8780.867700342866
14066,5933.88768074626
14067,5440.1201881194565
14068,7706.344625506932
14069,8107.607622720999
14070,8657.492736050408
14071,6011.3196448650715
14072,8167.851078872215
14073,7932.579571873666
14074,6431.402394091655
14075,10093.942721006517
14076,7219.464923057946
14077,6139.619490792639
14078,5528.609775524226
14079,8457.390161677036
14080,12422.554137362638
14081,9383.876748038774
14082,5889.388769259079
14083,8908.495772943332
14084,8598.19497451564
14085,7694.621428326625
14086,7454.951002112764
14087,9384.553864495885
14088,8167.236339605826
14089,6861.860717852683
14090,6639.178624029361
14091,8910.772927643335
14092,7950.858529497583
14093,8696.798572839325
14094,7587.824664011721
14095,5945.422957056654
14096,5483.345065011456
14097,6462.732852439588
14098,8190.47634431203
14099,8451.30796413154
14100,9603.765217028924
14101,12887.469399831774
14102,8815.915830362217
14103,8289.714042399726
14104,8721.990832524758
14105,9665.0561100744
14106,9244.947694156634
14107,7811.911516268284
14108,8996.702847394457
14109,8686.958767357886
14110,6224.461013437395
14111,6745.175472022418
14112,12656.521893926887
14113,6016.421332043584
14114,9960.306962160055
14115,7070.235578500176
14116,7614.724342922813
14117,14538.037325894737
14118,6472.446830601057
14119,8851.111766615419
14120,8056.847025804996
14121,8122.09843844367
14122,8644.994425944496
14123,8616.70209610632
14124,6495.7149424038735
14125,8450.092582904686
14126,6290.9810267401335
14127,6225.829904738355
14128,6552.122518001058
14129,9094.40396954654
14130,20988.648119047615
14131,6313.401250936051
14132,5504.034947132618
14133,9121.166770256505
14134,5585.034557819271
14135,6014.470664759054
14136,5472.675634881489
14137,6233.37496171411
14138,8953.747854410569
14139,7835.933464507888
14140,5327.651621669223
14141,9523.165991708758
14142,6384.837415207381
14143,5938.087712535349
14144,9089.700281861082
14145,8796.400292839578
14146,11570.521820015838
14147,8372.318059965
14148,7778.644791791564
14149,5897.125263518001
14150,8497.63490026048
14151,18438.62846842429
14152,10045.343333195944
14153,8589.980178963306
14154,6904.9927325114295
14155,5427.647415872281
14156,5979.996127676845
14157,7683.297289308422
14158,9304.408005910012
14159,6761.999055573635
14160,6266.927335509828
14161,8077.895300324761
14162,5937.7559340693415
14163,7323.749645413869
14164,8972.906833378933
14165,8727.174784985213
14166,7430.938985558232
14167,8239.4438197726
14168,6327.512157708913
14169,7359.159134079539
14170,10116.923392932518
14171,10271.394085286418
14172,8993.389128518518
14173,5887.497122621312
14174,8325.897454814107
14175,7795.851874495292
14176,8032.513863634278
14177,7845.7367813032515
14178,8988.170827599224
14179,7552.276631771864
14180,8978.143106778762
14181,8475.397565422245
14182,8130.332921587973
14183,5955.540395540647
14184,8288.289002984566
14185,7562.0501025516
14186,6786.417814774862
14187,9067.156493861687
14188,8073.172984916563
14189,7825.851916588165
14190,9791.705191508932
14191,7933.624482247799
14192,4433.938795450105
14193,9395.871034241565
14194,10913.833720800236
14195,12956.837718803434
14196,7985.20521391468
14197,9264.154273186852
14198,6073.731638784782
14199,7694.624333626514
14200,6809.036014091203
14201,9063.44387822642
14202,3743.5182575336203
14203,8247.801351831975
14204,7606.927615742914
14205,9038.856245799676
14206,6044.866027634656
14207,9005.349678499975
14208,10239.251680830877
14209,9079.689516825321
14210,10407.73980020974
14211,8233.10915804516
14212,9719.221327352083
14213,5780.547367248318
14214,7430.814656303288
14215,7184.805855696299
14216,8610.940096731467
14217,10493.225164253237
14218,5233.580379078964
14219,10418.226869047618
14220,8799.699964448504
14221,7985.261781139477
14222,6558.49392501067
14223,4454.597365283634
14224,6762.811332282621
14225,7605.642248666932
14226,9716.548317497569
14227,8892.214260919403
14228,7568.596946421936
14229,7923.348110042844
14230,8214.03172095781
14231,8520.997578691162
14232,10023.84715986662
14233,6593.180437173088
14234,10638.392305750032
14235,12444.967862953623
14236,8621.405001199568
14237,5421.752879270768
14238,6643.378282127447
14239,5384.118814224976
14240,5236.721314223436
14241,9385.910290043403
14242,6592.663333734951
14243,9909.218780400435
14244,5560.241289669033
14245,8032.922815244259
14246,7392.157789555731
14247,11891.848598908751
14248,5439.292372969508
14249,6289.978307426343
14250,7153.554253511014
14251,10735.796716500998
14252,6164.371942632239
14253,9443.693896456272
14254,7916.635770149894
14255,8954.187528267696
14256,8239.082266720308
14257,9460.0696653974
14258,8311.816051996486
14259,8564.925737702513
14260,5421.719275250552
14261,10335.967197103679
14262,11348.026038093485
14263,8568.176341404225
14264,17674.89888095238
14265,7660.177990700208
14266,6580.890972613315
14267,7932.627027181255
14268,9201.092628780596
14269,9032.106334837717
14270,9592.952386806584
14271,9102.13092030348
14272,9288.771529926951
14273,8544.65044722306
14274,7789.176214517029
14275,6306.228266335812
14276,6607.138368822128
14277,5689.442995843871
14278,7559.8651913836065
14279,6496.604743238551
14280,10468.77082393532
14281,19414.334902236653
14282,9048.989468199192
14283,8360.660640714754
14284,8859.502011507146
14285,5146.569946411339
14286,8547.911488000529
14287,4750.643300760255
14288,9995.518906209372
14289,8679.612904152118
14290,8864.7436232863
14291,10304.62916603869
14292,13844.1440764652
14293,7983.645809558842
14294,8765.167656668576
14295,8444.392328237242
14296,7523.074185723045
14297,8317.9977880451
14298,8778.745751330172
14299,5363.946831586568
14300,5430.728775793653
14301,7538.958207291767
14302,6005.477913450307
14303,10217.040780324844
14304,8347.323026523507
14305,7739.132580128588
14306,8875.76883012807
14307,10125.69576549021
14308,9559.949630923045
14309,8729.970573816472
14310,5912.683681315264
14311,9406.872461001445
14312,5724.015398781888
14313,9707.745170916705
14314,8960.524420035632
14315,7057.766789382702
14316,7868.387013334824
14317,7269.1445948726405
14318,5466.921782776725
14319,7209.493165352186
14320,8524.45702438859
14321,9862.670681088322
14322,10161.151250879524
14323,8818.248008410352
14324,4961.638445711872
14325,8428.405161923403
14326,7697.594550645198
14327,7994.1185118124195
14328,7432.70184918912
14329,8422.084694067413
14330,13424.908057981498
14331,9320.5751365226
14332,8744.59944227523
14333,9144.809996737751
14334,5544.624970621508
14335,9537.485775904785
14336,7479.129741568713
14337,12568.387192349646
14338,7150.247156979228
14339,6431.32967453354
14340,6955.412743837726
14341,7686.550776762017
14342,9532.654914396779
14343,13059.66832486165
14344,5135.611283542007
14345,5130.51859649234
14346,10937.038676037286
14347,8532.623884182945
14348,7507.6933122155715
14349,9158.663317381155
14350,6806.091694798574
14351,6215.31690342654
14352,5334.562647050799
14353,9519.558682787836
14354,6495.840765649788
14355,8598.56113614964
14356,8023.717034710018
14357,5128.159011215925
14358,8793.80551182068
14359,8717.414530208944
14360,5080.107717536455
14361,8162.011302121819
14362,9204.513614717818
14363,5123.1043421832455
14364,8850.052683301185
14365,7142.088965971471
14366,7914.167175064765
14367,10310.188600510872
14368,8712.360589877568
14369,9632.177234796409
14370,8482.9647173912
14371,7058.766446622774
14372,8364.770074596512
14373,5001.742986511716
14374,9111.395635341063
14375,5993.291888888888
14376,7383.25942392875
14377,8323.642346400211
14378,9174.14406029952
14379,8507.518722370016
14380,8939.348011045666
14381,8232.196671031094
14382,9072.075877955556
14383,6368.948212020178
14384,9612.232879462608
14385,7763.920662940799
14386,9873.871256910192
14387,9227.161542363208
14388,8239.583750495893
14389,4067.410287688435
14390,6478.8834606061355
14391,8779.148221221789
14392,6088.135122018285
14393,9473.799595697112
14394,7745.993439761913
14395,8215.548046480371
14396,11680.872050036358
14397,7942.913691346965
14398,5419.941588147102
14399,12795.949388102867
14400,8987.812556155477
14401,8581.962540374421
14402,10544.893850229832
14403,12321.705166341653
14404,6717.814118517708
14405,6640.0712100561705
14406,9361.191659980967
14407,6250.298438402625
14408,6761.172807581641
14409,8664.733707536614
14410,5625.431407554923
14411,6767.282257188443
14412,8069.2412996866715
14413,8659.323947122233
14414,8552.29962665588
14415,9148.64881313454
14416,7542.190233413938
14417,4671.217507844518
14418,8651.201893484476
14419,7856.139340728425
14420,8494.354239077134
14421,8106.407064413925
14422,8340.9789739283
14423,9316.781625957667
14424,8669.017284485933
14425,5707.061246101802
14426,7371.314905898507
14427,8608.289755393933
14428,9526.402418392849
14429,8169.917969155962
14430,5036.282723027847
14431,8650.743017671288
14432,8233.921088744588
14433,8650.208200838173
14434,7972.505025764344
14435,8940.601786865484
14436,8983.342952306897
14437,6349.6848851464665
14438,4741.243840939913
14439,7644.578928030004
14440,8737.536214587763
14441,8640.629420787298
14442,11359.153002102168
14443,10539.533261927467
14444,7731.550816652066
14445,9486.988117534796
14446,4961.011604581593
14447,3986.0080488549697
14448,7761.857118444869
14449,14228.169523809524
14450,8401.923272009895
14451,9454.909686288946
14452,5857.9050456784
14453,9217.291212482369
14454,11036.192400802689
14455,6986.454991107885
14456,8674.606540814
14457,7344.942767568364
14458,5959.599707472813
14459,5969.551720054699
14460,8200.021294888742
14461,8404.769391342279
14462,5484.156936800091
14463,6802.074858817628
14464,5289.917397182814
14465,8146.665726688469
14466,9299.440015349019
14467,7075.016810936439
14468,9265.586053973719
14469,9074.099398474942
14470,7237.5067088837095
14471,6571.49434730531
14472,8406.649119288939
14473,8376.600182105398
14474,6728.503714949268
14475,5465.350258069841
14476,17033.46504821469
14477,7246.289323954197
14478,7233.2457515832375
14479,8935.783242783109
14480,9538.520693459306
14481,9637.02444215157
14482,8508.751656194727
14483,8542.86252191763
14484,12035.115025905432
14485,15961.101476190473
14486,6689.447928899491
14487,8170.048756183679
14488,5443.298589485031
14489,8251.606205335924
14490,8268.371703459938
14491,9679.004093535692
14492,10238.141336226214
14493,6996.571182847506
14494,5292.900720394516
14495,7617.496450576971
14496,9125.421881446639
14497,6008.074323999138
14498,7744.73680146132
14499,4545.733025030066
14500,8962.734316253758
14501,8882.659952495995
14502,8375.75420292583
14503,10596.633284616137
14504,7938.507995979951
14505,5563.996470537171
14506,8667.954481428806
14507,9487.400814015316
14508,9600.157922884116
14509,8490.675598509537
14510,9247.946869569154
14511,8061.7795755027955
14512,8940.339558451722
14513,11997.336421101776
14514,5074.645264643344
14515,10349.225409758037
14516,8839.776361822336
14517,5246.239079889284
14518,9065.67302380952
14519,7381.04481893704
14520,8063.559755413278
14521,7421.961903546728
14522,5167.378993954075
14523,5546.835132655834
14524,8050.498542623188
14525,10844.203326441104
14526,10975.406288702074
14527,7361.552822812289
14528,7400.429398774144
14529,8522.089955028167
14530,9123.958102208013
14531,6319.437183678486
14532,10859.095241033012
14533,9079.160360193007
14534,13182.571660894657
14535,5425.8868575841925
14536,7862.513711909465
14537,11054.230523809523
14538,8738.69703757754
14539,6649.933989998763
14540,9626.731105279563
14541,8190.5190086228495
14542,7348.468406770557
14543,6214.791142971227
14544,6945.318535579977
14545,5511.621588016335
14546,7791.011965290141
14547,5947.8544227484745
14548,6124.882628381672
14549,11398.997574005112
14550,9068.809809366683
14551,25138.356916666664
14552,7081.579188983762
14553,5930.480958569687
14554,13344.483221500719
14555,12535.407064164954
14556,8933.279956488312
14557,10632.347612323487
14558,7818.586996773961
14559,12141.561061443927
14560,13677.177237827342
14561,9040.901522306534
14562,12168.994393514666
14563,13961.804801679107
14564,10401.861361893905
14565,10097.718819196969
14566,10230.000765529612
14567,13217.640789682539
14568,7736.684039015448
14569,8888.353686696702
14570,19611.131309523807
14571,14843.043536347168
14572,21442.017062656643
14573,11737.219039697364
14574,6830.792659937187
14575,8634.194661789892
14576,7661.150577304006
14577,11895.24819684224
14578,19836.038544372295
14579,11303.439495673483
14580,10150.766432314798
14581,9407.430095148433
14582,4929.838547619049
14583,9449.919651938195
14584,18922.61233333333
14585,12683.580686167223
14586,7826.607852754232
14587,10516.391510857111
14588,11331.869260439968
14589,5816.23844415416
14590,9732.40297383096
14591,7101.986418091745
14592,12082.397795083698
14593,13656.666432772117
14594,8318.578908898426
14595,9796.075047619051
14596,14197.221605956056
14597,10307.964379731378
14598,9315.303145147813
14599,10576.982623876129
14600,18661.796988095237
14601,10866.294625967967
14602,12815.078258302621
14603,9263.86621670702
14604,14651.445966304662
14605,10132.282073636881
14606,16004.539539682546
14607,11427.251153711484
14608,7051.805859375885
14609,9578.074172555278
14610,8263.465893185776
14611,12875.619812201325
14612,15962.161825513198
14613,8504.60096555097
14614,10560.823121032621
14615,8997.969945705681
14616,16080.357261904765
14617,6202.44282822873
14618,16250.90500962409
14619,9914.195386178517
14620,9030.751072181098
14621,13398.203285024374
14622,10351.123888104648
14623,10105.677733821734
14624,11529.507969513443
14625,10674.984879525156
14626,9000.992946428574
14627,8321.056234166372
14628,10622.590176597121
14629,10529.246092548618
14630,12572.968628470157
14631,8138.523547510824
14632,9619.286999074928
14633,14937.028909935267
14634,9244.890540661316
14635,6889.431417726342
14636,13759.44157429013
14637,7869.413842880964
14638,8944.495681870427
14639,10365.404841013826
14640,6998.027130922968
14641,11658.852458980007
14642,9294.065190585376
14643,12740.687257936508
14644,9913.211158661936
14645,6280.480785031134
14646,9631.825160595477
14647,12189.416393430096
14648,14361.712805555559
14649,12519.787609085568
14650,9666.420843016404
14651,6912.61668832548
14652,12316.23584627014
14653,11711.327916666665
14654,10053.31656627299
14655,10884.744926115342
14656,11687.048565135527
14657,12518.717422338592
14658,8559.637450532637
14659,6542.506082196882
14660,10429.847150276932
14661,10252.286358130299
14662,11488.44367245771
14663,15582.178190476197
14664,11073.164157280858
14665,10675.941645892752
14666,11824.21775509964
14667,9646.698091813878
14668,12897.803297860317
14669,11508.766209539917
14670,12044.314494169212
14671,13726.610267865099
14672,9644.576301867579
14673,11771.54369642966
14674,8531.922046944524
14675,9518.761176669945
14676,15329.659648026915
14677,12532.058074832028
14678,9135.164612751712
14679,8780.613738095237
14680,11157.577423016846
14681,10998.28424390106
14682,9761.726156920684
14683,11983.728999112043
14684,8632.786581058102
14685,9196.433347269975
14686,7791.576653321407
14687,8879.279250599968
14688,11666.70264269474
14689,10033.540151787196
14690,11919.329745462139
14691,8289.623512285812
14692,9129.584518706059
14693,10101.28524620319
14694,6849.839894964687
14695,9471.118658473006
14696,8956.716720588973
14697,11555.40108829791
14698,10035.93365914009
14699,8843.542793526973
14700,12695.642699206353
14701,8913.395905050485
14702,6722.304220811594
14703,17866.081039452056
14704,9164.941171700828
14705,12076.092983766235
14706,10347.164053012752
14707,7064.127171167818
14708,8959.393586183387
14709,7911.648820464029
14710,14080.39749787887
14711,16202.871805362414
14712,9421.890859499323
14713,5882.034726190476
14714,7921.416772250465
14715,17525.19396428571
14716,16810.031547619044
14717,10200.230832475543
14718,11605.880385366328
14719,6985.235027117734
14720,7620.034933095398
14721,4787.242874151897
14722,7280.419274485339
14723,8430.565648490512
14724,13143.702710317457
14725,10738.198343346092
14726,9897.263825806704
14727,10418.754460597736
14728,14545.19765843596
14729,10425.88296725754
14730,8162.951144480519
14731,11314.336260711107
14732,17505.72042676969
14733,11803.0036144263
14734,12044.625428386213
14735,7814.4934394166385
14736,9572.080589587686
14737,9466.922617915065
14738,10570.393374263034
14739,12947.479431437603
14740,12368.065198900355
14741,9298.149392901774
14742,14453.15831422156
14743,13341.272755748767
14744,7742.286836797549
14745,12718.810173518828
14746,26036.539654401153
14747,18952.340849206354
14748,10147.162828888075
14749,6105.825845238095
14750,9064.272706990232
14751,14853.889319836082
14752,9353.204571428569
14753,13901.839563492062
14754,22135.676154761906
14755,6744.07171143569
14756,9444.716725690723
14757,10421.858343916923
14758,7683.586084852691
14759,15689.841871577728
14760,13594.045781170325
14761,11130.756230293364
14762,5281.6753333333345
14763,10568.581761904765
14764,9388.011981965257
14765,10224.375172818125
14766,19773.842425903553
14767,8106.320273052933
14768,8727.957816295586
14769,9682.093797794283
14770,9474.920980670022
14771,8662.643732005217
14772,10264.217379629616
14773,8470.556452412351
14774,9170.753113608247
14775,11654.553471647736
14776,8520.988531931742
14777,7746.277051491497
14778,10705.737709956711
14779,10491.937705950455
14780,11004.958328836101
14781,9699.474151138398
14782,11116.626015146245
14783,7582.476970081277
14784,6947.485185683596
14785,9440.7455
14786,10282.99427149545
14787,8928.103249594726
14788,7072.630612764434
14789,16422.039388777892
14790,10747.143567759002
14791,12175.82642418121
14792,9808.882766164876
14793,9068.741283679874
14794,9328.765407215182
14795,6669.5025895203635
14796,15421.987275333197
14797,9801.52378929162
14798,10810.23190742297
14799,21578.437
14800,9397.431374725273
14801,9626.263710994397
14802,7459.4927380952395
14803,7189.487875002718
14804,9953.105304881396
14805,7075.575759773234
14806,9834.39664307608
14807,11133.735866277122
14808,8097.368286023728
14809,27288.34539285715
14810,20126.827276879296
14811,7210.053440476191
14812,13754.13502938929
14813,7409.611892817067
14814,10155.172895381393
14815,8033.804249844614
14816,16420.701769841267
14817,13070.689734432233
14818,16538.98076391737
14819,7440.702857052002
14820,10140.917661532041
14821,6771.659206349207
14822,13961.761529836282
14823,12638.522901403552
14824,9418.669692355892
14825,8613.921011316754
14826,7451.725279650908
14827,11876.063157691646
14828,11066.581127864225
14829,8111.468911630039
14830,15297.45872314923
14831,9704.6699495496
14832,13175.914619047617
14833,6808.391182539684
14834,8374.02232774334
14835,9531.456252048174
14836,15053.991809523803
14837,9668.031724079452
14838,14779.353394411146
14839,10915.53059849624
14840,15627.041356886843
14841,9722.512855414832
14842,11243.796759319352
14843,9553.320323630862
14844,7834.880081277251
14845,17638.505055555554
14846,21771.74588095238
14847,11480.629642152104
14848,15118.374678571425
14849,14755.354853520177
14850,14260.999860985083
14851,11668.125862666457
14852,11172.073543378136
14853,12008.420566997664
14854,9938.752278171982
14855,11152.664568639164
14856,6703.146662798557
14857,9461.760122848287
14858,10852.711515845265
14859,10753.644277777777
14860,10473.999318232292
14861,7647.706275413315
14862,11059.347120959168
14863,9238.160975553435
14864,7169.83188880607
14865,7703.792536532368
14866,10743.644725946097
14867,10674.425593852247
14868,11654.864493325882
14869,13571.35915609164
14870,9756.375439251113
14871,10484.362033549782
14872,9582.489154330124
14873,12496.734720140495
14874,15824.702666205838
14875,9047.506421291933
14876,8177.55423773449
14877,12609.918543290047
14878,8577.128376803243
14879,15616.512260339283
14880,6225.997009124981
14881,7983.095528331703
14882,16113.957725557846
14883,10210.605081053702
14884,9340.139293444654
14885,10191.055427705644
14886,10408.709812490917
14887,14248.716233739682
14888,9303.139395390295
14889,12648.946804542915
14890,6960.174267226262
14891,8935.3973409093
14892,9173.02208261572
14893,7651.09582416732
14894,9279.005408517689
14895,9900.5720458188
14896,7864.96715166488
14897,10317.005875032377
14898,19401.808261904764
14899,11118.32864230257
14900,11057.606364996254
14901,8050.600494506477
14902,10244.229025423045
14903,9989.715210859684
14904,9628.506487617653
14905,9033.396221966208
14906,9780.719265822907
14907,13596.274934890973
14908,8380.694979231877
14909,9726.910426797567
14910,10734.144292353392
14911,11321.398548829784
14912,12640.8394984349
14913,9598.951864843119
14914,17076.274492895416
14915,9420.277325550203
14916,9420.63984023188
14917,5433.912018720563
14918,8737.157662810072
14919,10681.017977454934
14920,8614.044477716729
14921,9483.757684348004
14922,10136.905447656092
14923,9624.898927227941
14924,12298.25917401646
14925,7719.3519645638
14926,11176.027191981197
14927,9837.480297164237
14928,16176.00605395898
14929,15622.053166782327
14930,11266.000899667222
14931,10935.701586137428
14932,9382.58452022474
14933,7661.339198438387
14934,8084.739915584417
14935,8359.403087765759
14936,21740.0914047619
14937,9502.396543012472
14938,7540.696184842486
14939,13349.09670839857
14940,16512.933791170177
14941,15998.888182971203
14942,13223.008046041166
14943,10233.369669222147
14944,7990.807920590472
14945,7046.633722622538
14946,11632.44430398007
14947,11858.284584654843
14948,9993.797555892077
14949,9901.993023147572
14950,15186.927130090378
14951,9912.193272319786
14952,6745.38067928368
14953,7179.158270348702
14954,14698.601621868815
14955,10704.777812027205
14956,10894.138178129782
14957,19628.80628860029
14958,10283.8610263134
14959,9365.05660759886
14960,9656.578511620075
14961,11642.915037379533
14962,10400.272396032597
14963,17035.97501974692
14964,10965.714746499352
14965,13449.252815905136
14966,11399.099573118254
14967,6131.138826457448
14968,13084.498133647869
14969,13488.955251811272
14970,11089.861918110893
14971,10602.043593761791
14972,7029.195771611466
14973,16480.91662941445
14974,8217.951968198471
14975,9037.413771923775
14976,6745.5431983019635
14977,8387.519473193051
14978,10079.283626544202
14979,15286.018027076185
14980,11665.274404865662
14981,6911.6738286166255
14982,7420.4049047619055
14983,7408.881264746893
14984,6009.329610955786
14985,10188.572405552552
14986,21279.35406565536
14987,11190.552920469083
14988,8954.976468719457
14989,10347.414910134232
14990,8344.487195011801
14991,10781.159639831965
14992,8065.413836940843
14993,7529.229521080598
14994,10849.330680086583
14995,15870.976487146065
14996,6774.802683122889
14997,11284.09177860698
14998,13763.198151994053
14999,7971.868808624899
15000,10875.341686180594
15001,11640.332673542991
15002,11999.621233727332
15003,9522.283984646016
15004,9617.14540116189
15005,7447.35382502131
15006,8592.477070851595
15007,20376.34381519085
15008,15017.162896873337
15009,9429.432285709563
15010,9563.746188965211
15011,8664.476170334505
15012,8901.96661660851
15013,6630.874575366939
15014,10735.789979637751
15015,7454.199017458295
15016,8574.906766233764
15017,11174.114588523415
15018,10169.824373336227
15019,9874.01452473056
15020,11664.739498057495
15021,10737.411192454636
15022,13821.45789700577
15023,7592.704115827747
15024,7752.515427090735
15025,15165.80055996575
15026,12716.759856958153
15027,12415.675510345049
15028,10119.73914129437
15029,8105.486618263502
15030,10663.335921111508
15031,8078.467332079353
15032,6945.832334132163
15033,13189.489962514326
15034,10116.321773664777
15035,10470.433653383143
15036,9172.539594805929
15037,9373.858400599625
15038,10774.863503262708
15039,8582.645010551198
15040,9313.666320004017
15041,10567.208980304782
15042,13843.737770834723
15043,11626.569803032478
15044,8242.878813297379
15045,8164.728646943523
15046,11148.659508645998
15047,9932.865737567987
15048,6465.067737571252
15049,11806.620624396719
15050,13549.998569128911
15051,16221.94939947797
15052,7026.846292309613
15053,9191.87997029125
15054,8459.27696366262
15055,9558.796834650995
15056,9246.507652472526
15057,13109.63303102453
15058,8076.531304334552
15059,12975.123238095233
15060,13083.292137663753
15061,9135.456151323957
15062,8901.03859146582
15063,9947.565373301575
15064,12236.166718940256
15065,8559.60916630539
15066,13985.324437132578
15067,10312.46236824514
15068,11474.943043825788
15069,6927.573737460801
15070,9436.544960024594
15071,12593.277933137004
15072,11062.360361344536
15073,14282.306935631828
15074,10392.23199807805
15075,9884.55417673843
15076,10949.377425199793
15077,16692.921973516266
15078,6907.452149500515
15079,6737.840641672056
15080,13162.674466737555
15081,11967.711105578288
15082,10751.59737228236
15083,10350.816784948845
15084,8493.439754072997
15085,15200.457476807362
15086,11658.116368015399
15087,17780.179964285708
15088,10496.875199999999
15089,13639.177836112396
15090,11383.414722359314
15091,20794.16424039938
15092,10791.495884896065
15093,8959.404695659176
15094,12345.374159430543
15095,7316.185764682542
15096,4674.4034518016115
15097,13196.717904000825
15098,8979.118542960663
15099,12955.413616920769
15100,9972.34246314519
15101,13868.55798809524
15102,10788.724642857143
15103,18354.78258450328
15104,8348.777606060607
15105,9992.102288689359
15106,15301.08627157309
15107,11083.483799990434
15108,8229.72360722611
15109,11131.649595211129
15110,10196.566523469706
15111,12697.157075095065
15112,10654.44970022562
15113,10419.076272944849
15114,9013.698691053925
15115,8029.526592220905
15116,9680.179580464857
15117,12903.981234786266
15118,16485.294198412696
15119,9363.996310224798
15120,16962.05400060758
15121,9182.60092937888
15122,11356.258604802426
15123,11345.20145359987
15124,10387.812788105739
15125,16943.280066143307
15126,10194.502597760184
15127,10560.024317327787
15128,10631.905742381467
15129,9737.238285683863
15130,10395.263715506717
15131,11769.234573964659
15132,9093.065571688601
15133,9359.932463904666
15134,7184.765379492592
15135,9614.620138064734
15136,13164.764339826837
15137,27073.53995238096
15138,10172.89601834787
15139,8876.9806851972
15140,11360.262566055108
15141,6825.702199216508
15142,8931.448527625815
15143,5849.624286713287
15144,13672.605666666657
15145,9671.015742589258
15146,9477.02371685908
15147,17482.68477501482
15148,13861.639877054004
15149,9779.449483132961
15150,9791.115895209017
15151,6456.790689458358
15152,8059.409854251497
15153,8049.531041178179
15154,15806.783536938607
15155,10153.930681427455
15156,6753.329044393208
15157,9518.275631387767
15158,10033.616133070143
15159,15350.246666666668
15160,12409.507455676572
15161,7178.924826533999
15162,10030.760269335915
15163,10843.183906969854
15164,13199.40460704015
15165,9468.377092338324
15166,8784.445300050087
15167,10394.957859408973
15168,7715.39204439855
15169,10369.16608345346
15170,8179.434919863019
15171,8344.593447083955
15172,10738.620075270268
15173,8995.817799956985
15174,8066.85039341536
15175,9108.29136024845
15176,11645.911761320676
15177,11162.657858680408
15178,14115.643164864841
15179,9206.59422941353
15180,5506.105007418595
15181,8971.800912049397
15182,11155.571867542418
15183,7750.761857635534
15184,10702.210330576303
15185,8304.467645489483
15186,15028.228563840159
15187,11703.558129509382
15188,9472.220124564594
15189,9839.882754243115
15190,7223.893491658439
15191,10477.950104144675
15192,8223.413506867224
15193,15479.96577271209
15194,9628.692734845588
15195,8892.58388173157
15196,10367.056321668126
15197,6861.228041901626
15198,10511.268750981102
15199,20407.237587334508
15200,9298.542229770643
15201,9128.43446958768
15202,17913.088365933945
15203,10131.415693226269
15204,13536.317014622937
15205,9906.713761990532
15206,16090.973158730158
15207,8744.234877964896
15208,9328.086278234781
15209,10447.626116673817
15210,9180.119209634528
15211,9490.74265164279
15212,9718.662365496952
15213,7322.44019865678
15214,9890.327121848493
15215,8801.118799204183
15216,6245.1344049472855
15217,14529.157520528368
15218,9575.92193546267
15219,7292.589025225999
15220,9958.055999323735
15221,10071.19056388418
15222,8204.78190755626
15223,16335.34004761905
15224,9338.227711997059
15225,11732.066950191112
15226,8830.925287954788
15227,9273.817722659716
15228,8685.137919452229
15229,7255.801825598951
15230,10038.961040388707
15231,8024.85403174603
15232,8404.120014547198
15233,8273.596807288914
15234,9582.324022987326
15235,7659.087759603222
15236,9383.765168117116
15237,12552.901416666666
15238,11955.776833333333
15239,11368.006014390583
15240,13637.001872286915
15241,8735.843251996008
15242,12732.251629803788
15243,10766.30719242803
15244,8926.038405322957
15245,5293.206952380953
15246,9019.104908263836
15247,10161.410445664542
15248,7231.370085016833
15249,12363.81489045707
15250,12946.81905092872
15251,10862.961343136747
15252,14505.36112286542
15253,8327.047895733544
15254,10597.735865970631
15255,14087.9111485564
15256,10546.239939286148
15257,8859.324342087983
15258,12170.551198332141
15259,13032.024398448779
15260,8724.68555714286
15261,7660.911109771113
15262,9923.693607859175
15263,9610.805815589845
15264,7994.748762587673
15265,9819.952621745537
15266,10657.248585985797
15267,10997.877158730158
15268,15246.880790798743
15269,10466.092143095339
15270,14565.762546466234
15271,9377.491739370418
15272,9984.994704602963
15273,8106.513155772007
15274,13701.89379761905
15275,14058.933282870561
15276,8778.769634645256
15277,8934.743046874153
15278,15365.301988761237
15279,11503.11335081993
15280,9594.768664184643
15281,8752.00786047944
15282,13767.389954307366
15283,9321.616207775656
15284,10503.018973076427
15285,7864.799779360017
15286,7318.029918439999
15287,11085.783599206352
15288,8163.937832951155
15289,9238.667549921864
15290,16220.223460349236
15291,9240.415978720983
15292,14776.685660714289
15293,8213.629248967545
15294,7873.094542727111
15295,10144.984334415585
15296,9539.443724005607
15297,10704.107471400304
15298,13335.885097431528
15299,12273.368413190656
15300,7403.001400346505
15301,13955.58192678685
15302,6135.253285714288
15303,8198.620116883112
15304,13954.92601913923
15305,16698.15840476191
15306,14563.006549229465
15307,10241.121075635792
15308,11206.290928876677
15309,10907.614119065702
15310,15270.630928571434
15311,11708.671523809522
15312,13938.496626376022
15313,9644.695227620048
15314,6568.203369643369
15315,9853.663677807486
15316,9058.874410292345
15317,8867.964835063356
15318,11369.409026674195
15319,12101.552418284658
15320,6639.799505188824
15321,10633.719527276717
15322,14126.538058452956
15323,8578.777265038336
15324,9476.547763734356
15325,9931.500336125679
15326,7885.900055067482
15327,8185.225033583887
15328,13715.402296741544
15329,13462.539106569902
15330,12009.137149370148
15331,8268.175606782108
15332,24793.47433333334
15333,9832.119281387693
15334,10118.927957399625
15335,18631.763737718204
15336,12402.577536017174
15337,11306.070813196186
15338,8904.146434886597
15339,9571.104257856894
15340,13407.536785714286
15341,26514.627333333337
15342,10280.58572607898
15343,8575.104711638105
15344,8802.487246031747
15345,9843.9812279514
15346,8958.977647592736
15347,12139.09211709709
15348,17291.59487103175
15349,7868.290154700855
15350,9179.603606102082
15351,11662.368058181059
15352,10829.76865737635
15353,8914.129400982927
15354,12898.094275440317
15355,7618.634193958215
15356,11048.147462732923
15357,12775.115786811912
15358,11915.565549532615
15359,13759.648796048974
15360,10570.470858015797
15361,9730.801191304727
15362,9517.879969970674
15363,11557.348513405072
15364,10847.8876609375
15365,12290.433124871253
15366,9710.564615470863
15367,9996.922340269755
15368,9091.397584158054
15369,13575.975029783556
15370,6730.889492592096
15371,13008.618752337119
15372,9186.92347655765
15373,8127.682606782111
15374,10767.053080332433
15375,9309.879761904762
15376,10261.547482715354
15377,12197.372209194147
15378,6826.550047619047
15379,7459.532148299725
15380,13888.732823942604
15381,17195.729928571425
15382,13083.427043871237
15383,8884.682136724387
15384,9384.33218898796
15385,12258.705003355142
15386,9455.945882912401
15387,10152.77161782798
15388,13763.27408480486
15389,10785.577083122766
15390,14646.850877289371
15391,7276.250657971661
15392,9479.018871228327
15393,11279.133550511506
15394,12024.790626461143
15395,11865.94712602496
15396,13411.44242090336
15397,10025.545304473302
15398,8521.081224252604
15399,9213.207003968253
15400,8555.903015692646
15401,8690.980502645501
15402,12615.451214590965
15403,8595.85205914407
15404,10916.999702426714
15405,14724.36459590686
15406,9361.32433592915
15407,26251.22046428571
15408,10017.835623454122
15409,0.0
15410,0.0
15411,0.0
15412,0.0
15413,0.0
15414,0.0
15415,0.0
15416,0.0
15417,0.0
15418,0.0
15419,0.0
15420,0.0
15421,0.0
15422,0.0
15423,0.0
15424,0.0
15425,0.0
15426,0.0
15427,0.0
15428,0.0
15429,0.0
15430,0.0
15431,0.0
15432,0.0
15433,0.0
15434,0.0
15435,0.0
15436,0.0
15437,0.0
15438,0.0
15439,0.0
15440,0.0
15441,0.0
15442,0.0
15443,0.0
15444,0.0
15445,0.0
15446,0.0
15447,0.0
15448,0.0
15449,0.0
15450,0.0
15451,0.0
15452,0.0
15453,0.0
15454,0.0
15455,0.0
15456,0.0
15457,0.0
15458,0.0
15459,0.0
15460,0.0
15461,0.0
15462,0.0
15463,0.0
15464,0.0
15465,0.0
15466,0.0
15467,0.0
15468,0.0
15469,0.0
15470,0.0
15471,0.0
15472,0.0
15473,0.0
15474,0.0
15475,0.0
15476,0.0
15477,0.0
15478,0.0
15479,0.0
15480,0.0
15481,0.0
15482,0.0
15483,0.0
15484,0.0
15485,0.0
15486,0.0
15487,0.0
15488,0.0
15489,0.0
15490,0.0
15491,0.0
15492,0.0
15493,0.0
15494,0.0
15495,0.0
15496,0.0
15497,0.0
15498,0.0
15499,0.0
15500,3809.414353174604
15501,0.0
15502,0.0
15503,0.0
15504,0.0
15505,0.0
15506,0.0
15507,0.0
15508,0.0
15509,0.0
15510,0.0
15511,0.0
15512,0.0
15513,0.0
15514,0.0
15515,0.0
15516,0.0
15517,0.0
15518,0.0
15519,0.0
15520,0.0
15521,0.0
15522,0.0
15523,0.0
15524,0.0
15525,0.0
15526,0.0
15527,0.0
15528,0.0
15529,0.0
15530,0.0
15531,0.0
15532,0.0
15533,0.0
15534,0.0
15535,0.0
15536,0.0
15537,0.0
15538,0.0
15539,0.0
15540,0.0
15541,0.0
15542,0.0
15543,0.0
15544,0.0
15545,0.0
15546,0.0
15547,0.0
15548,0.0
15549,0.0
15550,0.0
15551,0.0
15552,0.0
15553,0.0
15554,0.0
15555,0.0
15556,0.0
15557,0.0
15558,0.0
15559,0.0
15560,0.0
15561,0.0
15562,0.0
15563,0.0
15564,0.0
15565,0.0
15566,0.0
15567,0.0
15568,2491.336469362744
15569,0.0
15570,0.0
15571,0.0
15572,0.0
15573,0.0
15574,0.0
15575,0.0
15576,0.0
15577,0.0
15578,0.0
15579,0.0
15580,0.0
15581,0.0
15582,0.0
15583,0.0
15584,0.0
15585,0.0
15586,0.0
15587,0.0
15588,0.0
15589,0.0
15590,0.0
15591,0.0
15592,0.0
15593,0.0
15594,0.0
15595,0.0
15596,0.0
15597,0.0
15598,0.0
15599,0.0
15600,0.0
15601,0.0
15602,0.0
15603,0.0
15604,0.0
15605,0.0
15606,0.0
15607,0.0
15608,0.0
15609,16835.3108968254
15610,30542.404035714295
15611,0.0
15612,0.0
15613,0.0
15614,0.0
15615,0.0
15616,0.0
15617,0.0
15618,7480.608761904761
15619,0.0
15620,0.0
15621,0.0
15622,0.0
15623,0.0
15624,0.0
15625,0.0
15626,0.0
15627,0.0
15628,0.0
15629,0.0
15630,0.0
15631,0.0
15632,0.0
15633,0.0
15634,0.0
15635,0.0
15636,0.0
15637,4482.231396825397
15638,0.0
15639,0.0
15640,0.0
15641,0.0
15642,0.0
15643,0.0
15644,0.0
15645,0.0
15646,0.0
15647,2909.6911703481705
15648,0.0
15649,0.0
15650,0.0
15651,0.0
15652,0.0
15653,0.0
15654,0.0
15655,0.0
15656,0.0
15657,0.0
15658,0.0
15659,0.0
15660,0.0
15661,0.0
15662,0.0
15663,0.0
15664,0.0
15665,8689.03907142857
15666,0.0
15667,0.0
15668,0.0
15669,0.0
15670,0.0
15671,0.0
15672,0.0
15673,0.0
15674,0.0
15675,0.0
15676,0.0
15677,0.0
15678,0.0
15679,0.0
15680,0.0
15681,0.0
15682,9277.305100064352
15683,0.0
15684,0.0
15685,0.0
15686,0.0
15687,0.0
15688,0.0
15689,0.0
15690,0.0
15691,0.0
15692,0.0
15693,0.0
15694,0.0
15695,0.0
15696,0.0
15697,0.0
15698,0.0
15699,0.0
15700,0.0
15701,0.0
15702,0.0
15703,0.0
15704,0.0
15705,0.0
15706,0.0
15707,0.0
15708,0.0
15709,0.0
15710,0.0
15711,0.0
15712,0.0
15713,0.0
15714,0.0
15715,0.0
15716,0.0
15717,0.0
15718,0.0
15719,0.0
15720,0.0
15721,0.0
15722,0.0
15723,0.0
15724,0.0
15725,0.0
15726,0.0
15727,0.0
15728,0.0
15729,0.0
15730,0.0
15731,0.0
15732,0.0
15733,0.0
15734,0.0
15735,0.0
15736,0.0
15737,0.0
15738,0.0
15739,0.0
15740,0.0
15741,0.0
15742,0.0
15743,0.0
15744,1673.2370119047616
15745,0.0
15746,0.0
15747,0.0
15748,0.0
15749,0.0
15750,0.0
15751,0.0
15752,0.0
15753,0.0
15754,0.0
15755,0.0
15756,0.0
15757,0.0
15758,4952.203674603175
15759,0.0
15760,0.0
15761,0.0
15762,0.0
15763,0.0
15764,0.0
15765,0.0
15766,0.0
15767,0.0
15768,0.0
15769,0.0
15770,0.0
15771,0.0
15772,0.0
15773,0.0
15774,0.0
15775,0.0
15776,0.0
15777,0.0
15778,0.0
15779,0.0
15780,0.0
15781,0.0
15782,0.0
15783,0.0
15784,0.0
15785,0.0
15786,0.0
15787,0.0
15788,0.0
15789,0.0
15790,0.0
15791,0.0
15792,0.0
15793,0.0
15794,0.0
15795,0.0
15796,0.0
15797,0.0
15798,0.0
15799,0.0
15800,0.0
15801,7563.299722832724
15802,0.0
15803,0.0
15804,0.0
15805,0.0
15806,0.0
15807,0.0
15808,0.0
15809,0.0
15810,0.0
15811,2528.807068270005
15812,0.0
15813,0.0
15814,0.0
15815,5060.976928571427
15816,0.0
15817,0.0
15818,0.0
15819,0.0
15820,0.0
15821,0.0
15822,0.0
15823,0.0
15824,0.0
15825,0.0
15826,0.0
15827,0.0
15828,0.0
15829,0.0
15830,0.0
15831,0.0
15832,0.0
15833,0.0
15834,0.0
15835,0.0
15836,0.0
15837,0.0
15838,0.0
15839,0.0
15840,0.0
15841,0.0
15842,19242.788547619053
15843,0.0
15844,0.0
15845,0.0
15846,0.0
15847,0.0
15848,0.0
15849,0.0
15850,0.0
15851,0.0
15852,0.0
15853,0.0
15854,0.0
15855,0.0
15856,6147.498526549025
15857,0.0
15858,0.0
15859,0.0
15860,0.0
15861,0.0
15862,0.0
15863,0.0
15864,0.0
15865,0.0
15866,0.0
15867,0.0
15868,0.0
15869,0.0
15870,0.0
15871,0.0
15872,0.0
15873,0.0
15874,0.0
15875,0.0
15876,0.0
15877,0.0
15878,0.0
15879,0.0
15880,0.0
15881,0.0
15882,0.0
15883,0.0
15884,0.0
15885,0.0
15886,0.0
15887,0.0
15888,0.0
15889,0.0
15890,0.0
15891,0.0
15892,0.0
15893,0.0
15894,0.0
15895,0.0
15896,0.0
15897,0.0
15898,0.0
15899,0.0
15900,0.0
15901,0.0
15902,0.0
15903,0.0
15904,0.0
15905,0.0
15906,0.0
15907,0.0
15908,0.0
15909,0.0
15910,0.0
15911,0.0
15912,0.0
15913,0.0
15914,0.0
15915,0.0
15916,0.0
15917,0.0
15918,0.0
15919,0.0
15920,0.0
15921,0.0
15922,0.0
15923,0.0
15924,0.0
15925,0.0
15926,0.0
15927,0.0
15928,0.0
15929,0.0
15930,0.0
15931,13470.343726190478
15932,0.0
15933,0.0
15934,0.0
15935,0.0
15936,0.0
15937,0.0
15938,0.0
15939,0.0
15940,0.0
15941,0.0
15942,0.0
15943,0.0
15944,0.0
15945,0.0
15946,0.0
15947,0.0
15948,0.0
15949,0.0
15950,0.0
15951,0.0
15952,0.0
15953,0.0
15954,0.0
15955,0.0
15956,0.0
15957,0.0
15958,0.0
15959,0.0
15960,0.0
15961,0.0
15962,0.0
15963,0.0
15964,0.0
15965,0.0
15966,0.0
15967,0.0
15968,0.0
15969,0.0
15970,0.0
15971,0.0
15972,0.0
15973,0.0
15974,0.0
15975,3924.2831587301584
15976,16114.895039682537
15977,0.0
15978,0.0
15979,0.0
15980,0.0
15981,0.0
15982,0.0
15983,0.0
15984,0.0
15985,0.0
15986,0.0
15987,0.0
15988,0.0
15989,0.0
15990,0.0
15991,0.0
15992,0.0
15993,0.0
15994,0.0
15995,0.0
15996,0.0
15997,0.0
15998,0.0
15999,0.0
16000,0.0
16001,0.0
16002,0.0
16003,0.0
16004,13660.219792929289
16005,0.0
16006,0.0
16007,0.0
16008,0.0
16009,0.0
16010,0.0
16011,0.0
16012,0.0
16013,0.0
16014,0.0
16015,0.0
16016,0.0
16017,0.0
16018,0.0
16019,0.0
16020,0.0
16021,0.0
16022,0.0
16023,0.0
16024,0.0
16025,0.0
16026,0.0
16027,0.0
16028,0.0
16029,0.0
16030,0.0
16031,0.0
16032,0.0
16033,0.0
16034,0.0
16035,0.0
16036,0.0
16037,0.0
16038,0.0
16039,0.0
16040,0.0
16041,0.0
16042,0.0
16043,0.0
16044,0.0
16045,0.0
16046,0.0
16047,0.0
16048,0.0
16049,0.0
16050,0.0
16051,0.0
16052,0.0
16053,0.0
16054,0.0
16055,0.0
16056,0.0
16057,0.0
16058,0.0
16059,0.0
16060,0.0
16061,0.0
16062,0.0
16063,0.0
16064,0.0
16065,0.0
16066,0.0
16067,0.0
16068,0.0
16069,0.0
16070,0.0
16071,0.0
16072,0.0
16073,0.0
16074,2556.439278288523
16075,0.0
16076,0.0
16077,0.0
16078,2470.084886241474
16079,0.0
16080,0.0
16081,0.0
16082,0.0
16083,0.0
16084,0.0
16085,0.0
16086,0.0
16087,0.0
16088,0.0
16089,0.0
16090,0.0
16091,0.0
16092,0.0
16093,0.0
16094,0.0
16095,0.0
16096,0.0
16097,0.0
16098,0.0
16099,0.0
16100,0.0
16101,0.0
16102,0.0
16103,0.0
16104,0.0
16105,0.0
16106,0.0
16107,0.0
16108,0.0
16109,0.0
16110,0.0
16111,0.0
16112,0.0
16113,0.0
16114,0.0
16115,0.0
16116,0.0
16117,0.0
16118,0.0
16119,0.0
16120,0.0
16121,0.0
16122,0.0
16123,0.0
16124,0.0
16125,0.0
16126,0.0
16127,0.0
16128,0.0
16129,2578.1339182358747
16130,0.0
16131,0.0
16132,0.0
16133,0.0
16134,0.0
16135,0.0
16136,0.0
16137,0.0
16138,0.0
16139,0.0
16140,0.0
16141,0.0
16142,0.0
16143,0.0
16144,11270.585265873015
16145,0.0
16146,0.0
16147,0.0
16148,0.0
16149,0.0
16150,0.0
16151,0.0
16152,0.0
16153,0.0
16154,0.0
16155,0.0
16156,0.0
16157,0.0
16158,0.0
16159,0.0
16160,0.0
16161,0.0
16162,0.0
16163,0.0
16164,0.0
16165,0.0
16166,0.0
16167,0.0
16168,0.0
16169,0.0
16170,0.0
16171,0.0
16172,0.0
16173,0.0
16174,0.0
16175,0.0
16176,0.0
16177,0.0
16178,0.0
16179,0.0
16180,0.0
16181,0.0
16182,0.0
16183,0.0
16184,0.0
16185,0.0
16186,0.0
16187,0.0
16188,0.0
16189,0.0
16190,0.0
16191,0.0
16192,0.0
16193,0.0
16194,0.0
16195,0.0
16196,0.0
16197,0.0
16198,0.0
16199,0.0
16200,0.0
16201,0.0
16202,0.0
16203,0.0
16204,0.0
16205,0.0
16206,0.0
16207,0.0
16208,4701.891476190477
16209,0.0
16210,0.0
16211,0.0
16212,0.0
16213,0.0
16214,0.0
16215,0.0
16216,0.0
16217,0.0
16218,0.0
16219,0.0
16220,0.0
16221,0.0
16222,0.0
16223,0.0
16224,0.0
16225,0.0
16226,0.0
16227,0.0
16228,0.0
16229,0.0
16230,0.0
16231,0.0
16232,0.0
16233,0.0
16234,0.0
16235,0.0
16236,0.0
16237,0.0
16238,0.0
16239,0.0
16240,0.0
16241,0.0
16242,0.0
16243,0.0
16244,0.0
16245,0.0
16246,0.0
16247,0.0
16248,0.0
16249,13374.160321428571
16250,5884.213688141924
16251,0.0
16252,0.0
16253,0.0
16254,0.0
16255,0.0
16256,0.0
16257,0.0
16258,0.0
16259,0.0
16260,0.0
16261,0.0
16262,0.0
16263,0.0
16264,0.0
16265,4566.106824873085
16266,3940.5763737075654
16267,5725.531331612949
16268,3290.2076993330534
16269,5872.636849676713
16270,4615.083987649782
16271,6887.950719665816
16272,6448.854162150139
16273,4608.320747455103
16274,4026.0511867344903
16275,6727.8381242411215
16276,5815.1695963300535
16277,4647.219489632567
16278,6124.122931482795
16279,6148.579981975294
16280,3187.5329586138228
16281,5632.320866378041
16282,6541.79810870651
16283,9732.341056723804
16284,8079.734446497947
16285,7299.282245384267
16286,4173.603941317699
16287,6768.490478561605
16288,2210.3780459530203
16289,8357.734644199882
16290,8843.935233987184
16291,9340.768969699413
16292,5839.449270280793
16293,3149.0135447422754
16294,4998.618750212877
16295,6558.824620810888
16296,8949.176047619047
16297,4951.967323206566
16298,5746.416954522254
16299,5145.66360303724
16300,6461.663716559566
16301,2728.770417285634
16302,7063.88818127286
16303,4212.938084966943
16304,7301.681689358589
16305,7170.283526494701
16306,4715.487110294569
16307,9786.970424603174
16308,6095.1045441086935
16309,4743.886186975865
16310,5413.532836076811
16311,7556.4420705433095
16312,9298.655414776418
16313,5605.797135123119
16314,5949.748730741908
16315,8775.589600485253
16316,7375.466224645212
16317,6916.850976872301
16318,6933.8402218610445
16319,2219.397404373402
16320,3551.7939008664716
16321,4690.910332022516
16322,6657.330333754708
16323,7097.654093749436
16324,7928.040697957132
16325,4850.367989642226
16326,6347.496210057816
16327,7459.263468528696
16328,5223.351613489212
16329,4830.579914669173
16330,7369.777889332417
16331,4000.2189630315656
16332,4455.954474158784
16333,7666.4607831354
16334,4512.3070313554645
16335,6088.189159633046
16336,3554.745434554416
16337,6793.316262761867
16338,5146.3011824779205
16339,5858.202570478565
16340,6250.53715492631
16341,7948.438127579433
16342,6428.24247458265
16343,3786.5122108472874
16344,6916.2092519401085
16345,9215.346182579719
16346,5423.229547856882
16347,5290.0050636012775
16348,7055.113128786469
16349,5961.9611471497465
16350,7027.527930750126
16351,8333.145200403833
16352,2401.692085823433
16353,7195.490736831495
16354,5743.326223244296
16355,6169.293547081353
16356,6346.857855871728
16357,3107.299672339614
16358,5986.898980050667
16359,5361.195540315767
16360,7553.460063869212
16361,7748.104788988364
16362,4451.236139831215
16363,4766.807524563337
16364,6694.860102409943
16365,6252.442541404876
16366,5538.316503636357
16367,7031.161851162015
16368,4314.576326042051
16369,7046.049993319386
16370,5218.853666654
16371,3159.235410271507
16372,5531.430345157308
16373,5819.924060857938
16374,7125.41160238604
16375,7158.359912247072
16376,7104.0538676621045
16377,4273.963538859989
16378,7012.789807602568
16379,5379.089622153205
16380,3646.626792969915
16381,6918.728084376415
16382,7021.658357844114
16383,5802.320884630798
16384,7260.852368974823
16385,6211.936005981244
16386,6769.900146545359
16387,6044.774674450231
16388,7191.582740546478
16389,4478.443455722582
16390,2905.0322436709057
16391,5505.328491871474
16392,5044.390264802501
16393,5625.530193487011
16394,4037.0024580563377
16395,5178.201521760496
16396,6595.02630473244
16397,5182.325997214809
16398,6353.992957871395
16399,4781.852853730543
16400,6252.027472644387
16401,7116.355087033678
16402,3788.553311440206
16403,5922.734016362186
16404,5044.390264802501
16405,6818.857431458866
16406,3722.690485771593
16407,5765.943744602391
16408,4609.582425888228
16409,6838.207943385408
16410,6790.8827760374315
16411,6931.469311304582
16412,10611.324844098906
16413,4189.076749857332
16414,4850.599089021244
16415,11039.501976190479
16416,6514.562877543636
16417,8166.251334542172
16418,6803.7464755792325
16419,5782.559123152351
16420,6970.161372417105
16421,4508.294242271454
16422,5481.051317972314
16423,5322.627919457708
16424,5521.155987367276
16425,3106.633000026451
16426,5123.341167224329
16427,7662.945581093958
16428,9533.096079630004
16429,6203.966087539629
16430,6397.426030757765
16431,5945.487977162287
16432,2591.410098011888
16433,3883.215806720539
16434,4404.621506594008
16435,6697.483847831691
16436,6845.345565198301
16437,5552.488219063377
16438,5207.7931676260305
16439,7334.731199370848
16440,7752.358765956091
16441,7172.683901530997
16442,6567.693472178569
16443,5548.924901276422
16444,7124.285477098631
16445,4265.456034165859
16446,6442.123289547117
16447,6598.566406518746
16448,6672.221482852277
16449,3100.356900708428
16450,5554.822597596907
16451,5225.520479990463
16452,7783.560362443487
16453,6829.904216431423
16454,8029.6696031746
16455,7761.140834998335
16456,6645.074202764165
16457,6867.1098576693785
16458,18579.234511538456
16459,9096.04308195971
16460,4098.7256248738995
16461,3355.615074878262
16462,7026.666157304381
16463,9288.642130952381
16464,4404.880025899247
16465,9432.347333333335
16466,18753.918422077924
16467,5750.19043876957
16468,2879.102728608326
16469,10168.934343797444
16470,4235.528693130795
16471,7707.474896764095
16472,3723.296141022745
16473,5988.69833136799
16474,4860.89961904762
16475,6923.85796022413
16476,6933.121443061914
16477,6103.999313722947
16478,7696.3289688771965
16479,6399.804441623494
16480,6987.702213196518
16481,6994.532431836563
16482,5735.818264525559
16483,5207.7931676260305
16484,6949.250177465164
16485,4973.888967375222
16486,6169.169048635992
16487,3917.3206991138604
16488,3160.7420156998587
16489,5248.600152910317
16490,4552.821341216668
16491,5045.289202609242
16492,6388.858017532359
16493,6801.264485024505
16494,8119.016904761902
16495,4654.026470895033
16496,4342.358813148881
16497,4770.421997535292
16498,5479.574200977554
16499,6781.462933505687
16500,3979.9091897155613
16501,7384.305575010828
16502,5686.120525960161
16503,9026.966894678191
16504,6256.018777830135
16505,5937.655308163484
16506,3401.3873034647654
16507,5278.8910961178435
16508,8459.427083555232
16509,5811.369026406535
16510,6385.319145765277
16511,12209.016084346506
16512,7016.264233724505
16513,4648.157018288145
16514,5831.803414270779
16515,3113.7132575051573
16516,4482.217734789661
16517,4759.909804865424
16518,4376.747422599325
16519,6253.952964924279
16520,5089.051639137984
16521,10096.84119047619
16522,11893.000736694676
16523,6484.589698768332
16524,6562.690102903018
16525,4730.203656048122
16526,6009.56525153809
16527,5133.76097822621
16528,8804.891254947699
16529,6072.239337617524
16530,8069.776552552843
16531,3969.400466766408
16532,6009.56525153809
16533,5323.031244197195
16534,5091.293901391342
16535,6196.576409355213
16536,5439.44613728762
16537,7245.839682808743
16538,5243.972882646415
16539,7814.173779505383
16540,6154.754380271344
16541,6922.095466896385
16542,8951.989920898772
16543,7160.25526377809
16544,8954.612238095237
16545,3551.046375993475
16546,5376.805959499666
16547,6983.242338054937
16548,8294.40751729681
16549,7105.251050022829
16550,7717.483677853601
16551,7057.132824843668
16552,7835.506936362238
16553,6804.747384615064
16554,7701.614369294675
16555,5886.953687609889
16556,5491.216213302724
16557,12724.540365331119
16558,17378.198401098896
16559,6509.57956571614
16560,7159.595046678999
16561,7835.125273224014
16562,5609.617080019164
16563,6151.016817800247
16564,3075.5702145457517
16565,5506.911015971315
16566,7080.515175750595
16567,6194.790137286095
16568,4021.7572193983406
16569,5140.141072010354
16570,5805.387674456055
16571,4965.960547933791
16572,5186.463634835972
16573,2910.312928121963
16574,3226.3594559001644
16575,6706.494589453946
16576,3741.006456115066
16577,4549.455632060093
16578,5802.980389263677
16579,5622.677723143141
16580,7233.057730990618
16581,7842.800227788057
16582,5724.454043029995
16583,7113.652183693098
16584,7153.890200690629
16585,7212.210302217782
16586,6188.979648836601
16587,3470.3798525264556
16588,5362.739787022118
16589,13803.475465367967
16590,5609.603881200105
16591,6993.889156814963
16592,5867.3873781303355
16593,4083.761847681587
16594,6539.111333333334
16595,6163.621266557303
16596,6509.64758701517
16597,7214.04275607074
16598,7378.615142637881
16599,8298.9636385333
16600,4825.931186601263
16601,11752.912077593464
16602,2166.019014271003
16603,3653.942634778195
16604,5776.232805367999
16605,4493.364265374383
16606,10013.29969717475
16607,2654.259509326344
16608,5786.331018559714
16609,5501.325413097664
16610,9066.854608225109
16611,9679.913030499316
16612,5181.905335109821
16613,3092.3807976286203
16614,6589.617409651649
16615,7252.767659862065
16616,5187.502685581719
16617,6472.9738373346
16618,6964.723047224052
16619,6594.255477814996
16620,6503.319219101144
16621,4917.368575342854
16622,7176.140827809304
16623,5667.1136232915715
16624,8510.825093227311
16625,7308.987323073642
16626,18297.08300396825
16627,6489.58239865351
16628,7053.792981258942
16629,2423.602514815848
16630,6393.937074023208
16631,5513.947391142022
16632,6311.498110491526
16633,6884.905604041106
16634,6679.550585692345
16635,3840.4620620991177
16636,7177.755600351866
16637,5603.218268204373
16638,8826.396309748117
16639,7001.07321806457
16640,6946.801943443221
16641,7396.413535249975
16642,4864.829063170611
16643,7269.703318786895
16644,7120.328754351711
16645,5725.750462909308
16646,6672.899737954464
16647,4566.026687913945
16648,9939.581531746033
16649,6810.48525105927
16650,3794.9591422830576
16651,5748.303712082961
16652,6964.119017893271
16653,6367.111490604168
16654,4319.019459630258
16655,6051.135402520263
16656,5152.280218213605
16657,5230.456489248146
16658,6429.404197815927
16659,9579.759691159494
16660,5667.494465106045
16661,5760.212244331688
16662,6340.908525749218
16663,5887.747029891752
16664,3168.5606302088254
16665,5016.245262777647
16666,8089.326878630486
16667,5949.367858921909
16668,7422.479813830506
16669,7146.443370240184
16670,7006.549526460253
16671,6024.235739610227
16672,5872.076098671936
16673,8639.570428664985
16674,6076.863986690132
16675,6836.728354997136
16676,5216.711383799234
16677,5629.356453158955
16678,5185.391570033851
16679,2162.4871060547775
16680,11791.269279978682
16681,6584.130349744618
16682,6694.040135742352
16683,5085.587041734388
16684,1556.5152965838508
16685,6830.415943085878
16686,5739.412795703181
16687,6611.504517367343
16688,4418.504563612482
16689,6682.167510825156
16690,5469.9757667907115
16691,4333.997467865375
16692,10329.036143807438
16693,5973.692081841844
16694,5094.070084440067
16695,3755.4448561819986
16696,4088.418707601402
16697,6093.571794651884
16698,14072.706373015873
16699,5203.555948440617
16700,6675.219058189191
16701,5235.7895902522505
16702,3910.459588527836
16703,3834.517267206444
16704,6156.791845343038
16705,3549.6352742752088
16706,10343.589171883526
16707,6974.099587321124
16708,3152.161602943627
16709,6815.306719447605
16710,2740.0394991586813
16711,3850.5427165923884
16712,6175.402038530764
16713,8073.816212099535
16714,10026.407323782942
16715,2801.739519635541
16716,5437.13780399121
16717,4623.320191020017
16718,6943.847219491132
16719,16346.184262490371
16720,12856.935248917749
16721,6819.137434362005
16722,3354.8374477917546
16723,6838.521302436728
16724,4686.124405921186
16725,3177.964703548725
16726,6760.260954570366
16727,4749.867428514165
16728,5598.153005939305
16729,7579.148916001753
16730,5133.36622782251
16731,4542.711971995913
16732,6369.158148199847
16733,6181.645301202599
16734,6822.477813867441
16735,2928.2049765092697
16736,5586.2727561114425
16737,7382.79681853546
16738,7809.214009964151
16739,6412.8969902684385
16740,7160.385471308048
16741,2404.910100715012
16742,7748.949615028453
16743,5199.0189376133985
16744,3851.1883801657805
16745,5354.285384933648
16746,4823.400500798846
16747,4863.963195933856
16748,7074.364932451099
16749,4954.543448811939
16750,6520.372429799799
16751,5612.29397028355
16752,5959.519333387414
16753,8357.505330682565
16754,4856.336606010658
16755,7048.604604430181
16756,5937.442249826392
16757,2673.9058610031993
16758,7335.698451486777
16759,3777.9897743842757
16760,3387.339339150788
16761,6863.34156301275
16762,9641.98443002323
16763,9624.800120778005
16764,4436.001498093428
16765,5282.787127346061
16766,6754.744664573039
16767,6653.329970271247
16768,6208.1204026384
16769,8674.731341971816
16770,3138.545093233314
16771,5771.871943411464
16772,6365.854082339457
16773,5188.8443684279655
16774,2724.3520805201547
16775,7557.428963311161
16776,5927.442871780473
16777,5295.783300517498
16778,5068.564709413112
16779,7606.329264628551
16780,7728.013223323029
16781,5824.265145136181
16782,5359.019600491456
16783,5315.985592946349
16784,7193.928577546871
16785,5308.061208843442
16786,2491.7108486598167
16787,6470.782335676152
16788,6910.801380520545
16789,6630.023317949717
16790,5810.310938965953
16791,3253.0413889327674
16792,6924.701405493858
16793,3644.282535433177
16794,8012.245669867479
16795,5294.697359248705
16796,4921.436250640955
16797,7649.3771475478125
16798,4133.931979529547
16799,4941.833185323785
16800,8266.402507567838
16801,3026.74858837599
16802,6681.112932365637
16803,10272.823260097979
16804,6809.671721108556
16805,3555.980074444254
16806,5166.281875604814
16807,3633.435958137524
16808,2436.584169431023
16809,5650.600280534876
16810,6198.105216430983
16811,5520.24662748274
16812,4826.528077961954
16813,5642.082774897656
16814,5112.669227938552
16815,9801.832980352983
16816,5979.899139093257
16817,5888.8154842845615
16818,4890.3160119047625
16819,5687.7050402736595
16820,6522.702756063168
16821,6039.710930153466
16822,7940.585256600481
16823,9218.772768419149
16824,7313.594334223922
16825,7123.489646236429
16826,6816.268806721109
16827,4279.1425976342125
16828,5367.993664451174
16829,7280.603973945327
16830,6752.177937516672
16831,5940.304975085908
16832,15043.478662698413
16833,3990.716669100838
16834,5921.426346209353
16835,4904.643699319443
16836,7247.0830311498485
16837,8652.19106517532
16838,6838.635377405377
16839,7048.194607108242
16840,7309.043221632921
16841,7271.216711781162
16842,7104.927404761906
16843,5551.430815308289
16844,2807.0916062842216
16845,5125.598251695818
16846,4240.07539139821
16847,3040.035236486612
16848,7969.58902544637
16849,19014.751563492067
16850,5554.934866480583
16851,5221.7536881868655
16852,5227.520318257719
16853,4362.409066131628
16854,6796.727446119134
16855,2049.651199639691
16856,6029.439277860111
16857,7091.72070199733
16858,5150.65656605392
16859,10047.83837256013
16860,12568.45534920635
16861,3485.22795671527
16862,5244.883967575974
16863,6010.791420981185
16864,5029.730150241524
16865,4997.907808426479
16866,7187.136025582849
16867,4011.4262824202974
16868,4565.145863997857
16869,4976.515092744427
16870,5052.921780627936
16871,4975.040883286568
16872,7891.710710930693
16873,5124.523741211244
16874,7239.586413766134
16875,5600.209095788306
16876,5339.041102729401
16877,5164.392640681826
16878,4550.550763047757
16879,4891.7993098852885
16880,4772.273783767023
16881,9413.082517315903
16882,5536.181104571108
16883,3828.535995115996
16884,6434.424826617405
16885,7274.718686712723
16886,5876.283592588926
16887,5255.588020306584
16888,6163.7488526485795
16889,7760.453632928248
16890,6973.48806112407
16891,6905.4664045277295
16892,3898.4167562808593
16893,4050.244156682074
16894,6557.650115792716
16895,6249.938512609469
16896,5113.201198936304
16897,5359.454777658729
16898,11766.40003106982
16899,8057.282932306253
16900,4823.677908701826
16901,4645.52346058684
16902,4674.596215082621
16903,5596.513416511639
16904,5288.328396715258
16905,9489.949316149427
16906,6031.366831003274
16907,5655.596011678127
16908,4574.050173073039
16909,2126.27327237005
16910,4499.736386861649
16911,13695.1316321733
16912,2368.4617790513566
16913,5286.91972418638
16914,5949.206234272032
16915,7643.763015535979
16916,6007.261814084399
16917,7063.858585170563
16918,5631.336858230775
16919,6223.659990193837
16920,3032.5150605505432
16921,5368.315321991437
16922,4147.224997484818
16923,5571.282644316301
16924,8022.660659501296
16925,4373.977434261322
16926,6326.722927079797
16927,7005.656693922457
16928,3377.928907601206
16929,5984.189685363084
16930,5156.445849076338
16931,2863.459051873795
16932,7865.7092962530205
16933,6437.943135441176
16934,6746.718790894916
16935,9154.494790022052
16936,7012.2152188375585
16937,7394.199828427809
16938,5201.245644168321
16939,3609.8602651739957
16940,5927.42212356572
16941,3404.5490515433667
16942,6198.919155397065
16943,2713.3570988455995
16944,5961.815856739737
16945,3202.828989526309
16946,7055.347611706063
16947,4570.33310772604
16948,5054.719292021668
16949,5593.234025663392
16950,7237.757962812109
16951,5348.896309395371
16952,9192.22907778966
16953,5677.576973878821
16954,6284.882970560228
16955,6430.2065912208045
16956,6762.476982542252
16957,3654.746032380327
16958,4749.242425364919
16959,5860.051828998643
16960,4526.887351549579
16961,7854.931689111561
16962,6544.4656781637905
16963,5541.174059138928
16964,9480.968826941793
16965,7226.351166666668
16966,2365.3453873223466
16967,9393.83979802169
16968,5972.634478628699
16969,7380.820278916324
16970,7674.80495385958
16971,7144.40925253802
16972,7674.444558314915
16973,5146.590394946876
16974,4674.329832488821
16975,3516.3320976936275
16976,6812.032821234662
16977,6658.002547096942
16978,3111.4637374617205
16979,8583.582617965403
16980,6835.070488599882
16981,5245.333001432403
16982,6814.325949612259
16983,4735.005528022676
16984,7514.71859092991
16985,3698.7791223959257
16986,5408.945904771794
16987,5048.043349493362
16988,4343.830147465118
16989,6493.830091653503
16990,7296.262735923672
16991,7935.405124533701
16992,5889.938203384035
16993,3891.82299618659
16994,7048.6904718981905
16995,6827.3914274231465
16996,7259.119732168012
16997,3970.840235437863
16998,3293.137181289515
16999,9073.72705659574
17000,6141.061518668541
17001,0.0
17002,7169.488393369152
17003,7196.676926098652
17004,6813.670400549857
17005,5304.31431426776
17006,2307.1788487629183
17007,5861.837032957116
17008,7031.343558692641
17009,6147.685173189965
17010,8991.110852320551
17011,6906.807983596713
17012,3440.601111910287
17013,6226.631752601855
17014,2964.993416145694
17015,1216.714929017633
17016,7445.845953397415
17017,10038.903702380952
17018,5304.661763505612
17019,4923.642904303605
17020,3334.818967217796
17021,5114.9821834361355
17022,8315.252486652234
17023,6916.99769715344
17024,8849.014549320986
17025,4950.440675309697
17026,4811.646560212122
17027,3578.9231145325043
17028,6380.787734548541
17029,3530.2641418815538
17030,2779.460305100168
17031,6662.100701215818
17032,3808.7341561529465
17033,7035.408575430346
17034,4861.345882859404
17035,5526.788474914496
17036,5052.320338561484
17037,7238.160708767172
17038,5349.3371613379195
17039,4180.757178603577
17040,8166.6600915497365
17041,7700.207100237956
17042,7092.9989400917
17043,2177.4129092525422
17044,6010.305187183585
17045,5391.594051831947
17046,5287.77246415567
17047,8204.630659184688
17048,8601.577543290043
17049,6944.867800258002
17050,6995.044543330358
17051,5202.011237994354
17052,8104.476591207362
17053,11176.564563148066
17054,3587.3796106348814
17055,4031.670198878017
17056,6626.678784707466
17057,6155.247640469647
17058,5744.785331614013
17059,9406.624883879482
17060,6983.625138261654
17061,6455.089918101889
17062,2992.255445467447
17063,6307.913721021128
17064,5489.391947984858
17065,3336.0925784749206
17066,6626.411158366123
17067,3255.122760667146
17068,7452.781285714286
17069,5919.896227826702
17070,4778.030342059107
17071,6891.465903689125
17072,4904.57950415743
17073,6757.597409297879
17074,6805.054020181897
17075,5713.303701758576
17076,7954.431106818674
17077,5849.488246803759
17078,7090.865058311216
17079,5519.604918018774
17080,4614.366019439468
17081,7980.183082492167
17082,2894.2923934824184
17083,10564.687667136483
17084,6936.593761349508
17085,4969.93621417341
17086,7776.543300922435
17087,4868.862935470447
17088,4430.19054343676
17089,6114.798552653205
17090,3569.9873333333326
17091,3028.3505912255096
17092,6719.628861413649
17093,6142.198380771323
17094,10685.542880783472
17095,5774.009660682076
17096,6266.554466320009
17097,4063.664147413082
17098,7055.626096864956
17099,3150.9010393863614
17100,10054.889934369006
17101,5238.077991646125
17102,12406.260134920629
17103,5657.599540952398
17104,6023.735337365407
17105,8139.769309523811
17106,7141.905224426965
17107,3305.1809196662384
17108,7373.004682395685
17109,6845.850827126298
17110,6118.672530157047
17111,6166.0912423641785
17112,5553.951923382174
17113,4392.986236846491
17114,5682.961557363991
17115,3742.8718961821014
17116,3069.1988469484872
17117,8578.20687451497
17118,5272.6717840759175
17119,22522.760952380955
17120,7912.626335497835
17121,4188.892551415493
17122,6414.815575758252
17123,7129.541929842703
17124,5139.674340827221
17125,6365.398519816471
17126,4952.520447766714
17127,7465.262802659358
17128,6087.92267430015
17129,4282.000460388648
17130,4763.777004119706
17131,6621.404532017106
17132,6683.100696080361
17133,6871.450208839561
17134,6191.121002489339
17135,5954.185319879833
17136,4189.285097265185
17137,5756.867354557162
17138,8018.7836959994165
17139,10047.298672490728
17140,8145.416983447924
17141,7175.8567326302655
17142,4162.6512258261055
17143,6825.983417619622
17144,3692.1184359698595
17145,7054.522277032284
17146,8780.880719653798
17147,7811.205790933572
17148,5574.829871907346
17149,4192.802500023261
17150,4036.754643090313
17151,6394.877467424726
17152,9885.650470121382
17153,5574.998574342408
17154,5624.224458994036
17155,4806.710003861113
17156,6764.450266938321
17157,3436.983974070074
17158,6958.7809190598355
17159,3548.658079344334
17160,6330.044656590018
17161,6678.866203848808
17162,5981.835346790959
17163,8481.061197032433
17164,6635.3609466629405
17165,4211.131325066071
17166,5966.510183267052
17167,7030.555585804987
17168,8841.441151633291
17169,5432.185770735764
17170,6534.5470398155
17171,8205.270046612291
17172,6970.008945273855
17173,6769.31908852995
17174,8635.737839894311
17175,3647.6055062879827
17176,5719.259028970441
17177,5282.790290252992
17178,6761.979910065716
17179,7279.512404394347
17180,7943.708553270575
17181,4985.9341245311325
17182,6187.950186610362
17183,6371.029128489263
17184,8603.173154458213
17185,4936.723886766253
17186,6946.834128774124
17187,3815.4606983971667
17188,4946.752714827549
17189,6979.077340851221
17190,4379.7795772827885
17191,5546.92224301939
17192,5791.524720982077
17193,6902.029721215415
17194,5085.312370856861
17195,5317.039405933443
17196,6164.3877020364125
17197,7240.586873265819
17198,5982.82599818845
17199,4674.7137906994685
17200,5915.846284943059
17201,9929.304356085122
17202,6653.917059716724
17203,6016.768127955916
17204,6856.53734853136
17205,5747.41274625929
17206,6905.221406416076
17207,8204.682815265798
17208,4347.104215420336
17209,6916.973440048571
17210,5828.107843073315
17211,6370.504899666428
17212,6176.61625658644
17213,5424.321030471885
17214,5549.071542525877
17215,4614.814902071248
17216,7417.503493856743
17217,7731.114253585685
17218,4553.853411458534
17219,4194.678066626136
17220,6413.228069117706
17221,5959.18730517851
17222,5920.82189474279
17223,6839.486976644365
17224,6127.571045021892
17225,6987.448060911834
17226,5075.041099324538
17227,5392.732442933005
17228,4960.040026054074
17229,6612.282365430829
17230,7893.594150525375
17231,7053.643976957956
17232,6925.884337225377
17233,4885.681046588153
17234,6970.672231883385
17235,5885.91913836229
17236,5755.1676103842665
17237,6853.591600082707
17238,6439.859212384406
17239,6773.32704425234
17240,6999.018821453984
17241,6191.745879950717
17242,6713.564574392114
17243,7003.552664025324
17244,7064.501593261557
17245,5483.164010222765
17246,3743.918628330759
17247,5179.532894879744
17248,6258.261437297111
17249,5515.220953203348
17250,4314.685673117738
17251,5139.714562913975
17252,6075.408200795193
17253,6229.605844974903
17254,6259.729943285962
17255,5169.453984727361
17256,6521.757060809643
17257,5865.251299902996
17258,5545.697954938597
17259,5591.673263110353
17260,6266.089280594114
17261,6491.093586206786
17262,3162.745822869126
17263,6535.127513697384
17264,4194.869558868546
17265,6830.382129967796
17266,6840.299880682082
17267,6587.564090945171
17268,11474.608515428947
17269,4343.09356005744
17270,4889.652947622818
17271,10119.837310559007
17272,6465.9515165972525
17273,7562.744877088291
17274,7005.210466102543
17275,5806.785564810419
17276,6705.545131844211
17277,5219.409553675782
17278,7048.198866711525
17279,6394.352994254657
17280,6509.398710996183
17281,2808.777364613981
17282,6549.829278029594
17283,7547.273212118589
17284,9760.50477084837
17285,5303.183109946087
17286,6118.722517014841
17287,5937.662163744676
17288,4974.951921396109
17289,2968.4348041793073
17290,5111.05586948795
17291,6742.680575100415
17292,6652.999310032785
17293,5740.2778941187125
17294,5246.358547602128
17295,6916.11777623968
17296,7584.192243037634
17297,6825.507471063002
17298,6049.397047237043
17299,6163.284733932632
17300,6974.112319317571
17301,5397.134334199846
17302,7532.840494717645
17303,6241.836257823918
17304,6272.915424490584
17305,3403.888659699775
17306,5759.445390688618
17307,4946.458216530804
17308,6555.96799538292
17309,6797.885274718716
17310,7866.8696031746
17311,7829.187038129745
17312,6716.571653393426
17313,6851.534838267391
17314,17457.970075615816
17315,8726.199719946722
17316,4161.956013244622
17317,3005.9916080707894
17318,6681.497305979166
17319,9206.753297619045
17320,5556.786268912882
17321,11719.106292929295
17322,18948.189713564214
17323,5305.270283144941
17324,4775.637965850339
17325,8444.389408050833
17326,3867.425366273969
17327,7721.556499632113
17328,5733.878949807001
17329,6661.34446531926
17330,4961.654785714286
17331,6611.895831956296
17332,6793.9345302047695
17333,6966.606890230659
17334,7617.080695144812
17335,6152.409981010911
17336,6754.41010382504
17337,6066.942311428208
17338,5608.869881744232
17339,5063.329820151826
17340,6705.26349312556
17341,4765.013368192819
17342,5073.8736850515215
17343,5286.435988252057
17344,4891.493359047516
17345,4879.0090238311195
17346,6264.121206301905
17347,5647.541658815497
17348,6394.400534474997
17349,6709.50620602362
17350,7585.517976190471
17351,6166.960428295105
17352,3834.330679474307
17353,5216.302025564201
17354,6617.413408151308
17355,5529.83942789431
17356,4832.407366398663
17357,7148.2373374985855
17358,5570.855961908783
17359,8642.432093036277
17360,6531.4796697084
17361,5933.10170903159
17362,4573.258411147308
17363,6016.768127955916
17364,7992.760797226599
17365,5109.7077799177205
17366,8918.948218253967
17367,13189.094708588282
17368,6848.044372269446
17369,5456.207218515303
17370,5803.867759358204
17371,4812.362123336702
17372,5794.5893285889715
17373,3912.66331241489
17374,6413.250173141635
17375,7041.334122129869
17376,5046.776161392603
17377,13520.17557142857
17378,12244.524891456584
17379,6039.741384809308
17380,6194.127946645449
17381,4931.027361516012
17382,6617.5414481983225
17383,5049.808602751592
17384,9467.605379525347
17385,6124.591349946422
17386,7769.846771733308
17387,4336.933264903224
17388,6679.438669674452
17389,5104.551550865803
17390,6399.267404539589
17391,5991.780921244187
17392,5620.226046949204
17393,6664.355221140235
17394,6194.783782116097
17395,7821.336371010324
17396,6831.28683567055
17397,6740.751703102238
17398,8705.493525913085
17399,7014.144198325029
17400,8192.466988906843
17401,4659.752047487864
17402,4534.993371108878
17403,6655.546819354827
17404,8181.77384167197
17405,6802.350829235278
17406,7716.638645860128
17407,6475.615865768471
17408,8060.2999496915945
17409,6792.3518812086095
17410,8273.97834964335
17411,6391.028573588593
17412,5657.49153330508
17413,12413.549008226893
17414,15974.03855882883
17415,5758.94789306599
17416,6843.320231729972
17417,7591.920427218572
17418,6105.646615021347
17419,6927.2621058024815
17420,5814.023658989921
17421,6002.940550973499
17422,6640.90815014178
17423,6102.13876353449
17424,3747.935385485285
17425,5172.269388766981
17426,5235.361270214173
17427,5385.44646616891
17428,6523.747047254068
17429,4704.11266318795
17430,3713.270311370388
17431,6704.571297719445
17432,4016.3674996221093
17433,4141.12930757041
17434,5139.46956257598
17435,5540.307102720591
17436,7195.330371632961
17437,7991.748030353425
17438,6253.153733399321
17439,6205.611421166416
17440,7016.668076002762
17441,7059.846872369879
17442,6190.28188732431
17443,4781.584753278519
17444,5010.991671495941
17445,11133.911416666666
17446,5764.883290429201
17447,6596.582382730546
17448,5631.742738209138
17449,4131.990482391938
17450,6483.598068421245
17451,5638.806777624466
17452,6396.962312704902
17453,7130.933557673756
17454,7309.55596399658
17455,10417.438588111154
17456,6229.041629460823
17457,7541.013370432999
17458,2831.0590230627045
17459,5349.4967033011335
17460,5765.525487099162
17461,4130.0507749389935
17462,8162.775130020316
17463,4219.44470924675
17464,6219.894056146462
17465,6897.894955002648
17466,9505.998594024737
17467,7285.628516025052
17468,4834.788182358163
17469,4727.028957499669
17470,6740.59882657932
17471,7062.031777219919
17472,5258.682549661409
17473,6458.748300473252
17474,6812.773830822429
17475,7307.528593934465
17476,6027.593891644438
17477,5150.950261301239
17478,7039.394173016763
17479,7249.661508246771
17480,7720.079994590732
17481,6913.005979792145
17482,14565.877857142854
17483,6459.831101219636
17484,6895.340913473429
17485,3316.909919974203
17486,5443.6705377887865
17487,5224.575043456488
17488,6405.388923700512
17489,7163.857302626248
17490,6360.347162936734
17491,4792.403909989235
17492,6930.043036597584
17493,5462.915943240066
17494,7360.987244329187
17495,6305.652657729392
17496,6457.399363437248
17497,7158.117331184288
17498,4819.728933934408
17499,6632.582505746814
17500,6773.390605556754
17501,5104.149219006033
17502,6073.960191062045
17503,6054.104914252766
17504,9444.031364343675
17505,6352.987935269157
17506,4514.724231914929
17507,6618.537667189921
17508,7636.153089275741
17509,6501.614006434843
17510,5182.774098031794
17511,6803.882779326219
17512,5022.731480432162
17513,6202.134369438905
17514,6212.797412265481
17515,8842.68382373605
17516,5670.145503520018
17517,7015.089216487079
17518,6090.91917922824
17519,5254.17901340697
17520,3853.9826882358298
17521,5316.335902293149
17522,7920.635752550663
17523,6684.791893780463
17524,7177.55528731398
17525,9123.66941662369
17526,7054.96184717453
17527,6642.8591721487865
17528,6739.3629465232425
17529,6952.184988977525
17530,6809.023416236054
17531,6643.92420395786
17532,5157.227187980281
17533,7463.306695708595
17534,5262.524647742409
17535,3438.9188471518423
17536,9964.896108208337
17537,6295.883092625515
17538,6496.007490874359
17539,5715.061457916631
17540,1851.744123470814
17541,7311.655916998599
17542,5883.603802803383
17543,6309.897729901351
17544,5947.936092341723
17545,5967.140971889101
17546,6574.164526002505
17547,5537.242161917237
17548,7211.705285367099
17549,5967.776435604737
17550,4900.388666076873
17551,3677.9102906228277
17552,3208.6133562606124
17553,6095.321353074238
17554,16581.866166666663
17555,4837.207004206593
17556,6659.967506522953
17557,5809.196290933634
17558,4825.893709145396
17559,4196.029431828226
17560,5689.888023346162
17561,3910.5047228727517
17562,6591.958184268009
17563,6918.395779421061
17564,3466.653026294329
17565,6817.056277869959
17566,4098.091264822079
17567,4726.217142892668
17568,6167.576225113154
17569,7105.711732238343
17570,10418.375276163895
17571,4460.9540876886795
17572,5665.495578666068
17573,4177.284807275177
17574,6528.531200650592
17575,12542.481717177889
17576,9312.655935574228
17577,6831.2813704767395
17578,4856.171595528646
17579,6644.126076112693
17580,5983.433608770109
17581,4794.892713703816
17582,7929.982962670757
17583,4556.936124389123
17584,4805.877775336251
17585,7342.325399448276
17586,4835.702034840002
17587,5113.691696173626
17588,6349.208704307401
17589,6152.480789443311
17590,6658.8943595488
17591,3609.8704710765396
17592,5338.9327775031525
17593,7076.009275290112
17594,7738.891880585505
17595,8505.880328760795
17596,7013.594211004625
17597,3936.6395014530326
17598,7936.5357600430925
17599,5244.617415721045
17600,5803.673075332856
17601,7116.070637822241
17602,6774.28104281076
17603,5506.492253693192
17604,6851.416960225573
17605,6364.228696413244
17606,6496.514079906018
17607,5368.698651320169
17608,5744.644508052026
17609,7458.87873245243
17610,4370.161374118398
17611,6797.770270548073
17612,5044.100311006044
17613,4543.074137595027
17614,7120.030619958955
17615,5150.8348562587025
17616,3261.8045014597765
17617,7513.625384606359
17618,8961.665202380955
17619,9099.83759857923
17620,4543.399034547937
17621,6518.2137053343495
17622,5576.280168720452
17623,6290.749677686847
17624,6474.379692331334
17625,8349.481819216855
17626,2859.706546464937
17627,6183.508009463813
17628,5998.598811091284
17629,5258.713423852209
17630,4269.718045560859
17631,7316.869004024809
17632,5968.675703049204
17633,6501.523992419629
17634,6839.772953481269
17635,6025.054211769702
17636,7377.859322415757
17637,5855.705416478085
17638,5705.400316153159
17639,5891.066308097714
17640,6890.585435477055
17641,10094.388448264082
17642,3823.12006004297
17643,8846.107963750741
17644,6123.979140013876
17645,7234.847327800236
17646,4904.840524158294
17647,3239.8690803842705
17648,6423.348675013585
17649,4847.6076318181185
17650,7671.939274443088
17651,5952.668719802523
17652,4931.21963829144
17653,7356.045235361787
17654,5399.667391413956
17655,5114.845815905481
17656,6826.560383885308
17657,4728.6405266965
17658,6455.186616012814
17659,10490.432834841653
17660,6730.779166999948
17661,5749.9193538589225
17662,5062.832044118528
17663,3955.7748360582727
17664,2780.6586622609625
17665,7166.262707125957
17666,5487.538553999317
17667,7219.6477682230725
17668,3847.3335404723807
17669,5917.093630554478
17670,5560.658329832958
17671,8738.242578348969
17672,6103.007183759642
17673,5431.233871682968
17674,4956.31888095238
17675,6597.195047909388
17676,6409.158851189369
17677,6872.986058119186
17678,8075.017207837247
17679,8581.655171397193
17680,6519.179501501955
17681,6993.065831872247
17682,6898.441526125078
17683,4181.368983273995
17684,5337.955552174489
17685,7194.617614728288
17686,7865.459120803713
17687,6288.095117150494
17688,15550.508988095238
17689,5283.119974002713
17690,5552.003716286326
17691,6249.352783726216
17692,7124.099490745887
17693,8580.626777767933
17694,6810.011999052701
17695,6992.544124239611
17696,7255.368116979291
17697,6884.654424579157
17698,6666.258309523811
17699,5752.481677921939
17700,6023.199460879475
17701,4954.24750847049
17702,4053.362041332429
17703,4417.138324159739
17704,8330.362255456295
17705,16334.632654761901
17706,6448.19989935066
17707,6247.976616544776
17708,5921.558876401587
17709,3867.512252355797
17710,6850.814440499653
17711,3848.09420039127
17712,8204.897603416963
17713,6992.544124239611
17714,6386.76753784231
17715,8434.834549480378
17716,13113.519309523814
17717,4992.438609896613
17718,6442.0202096157545
17719,5564.100306527917
17720,5162.171733646341
17721,6145.301795273933
17722,7112.34215148703
17723,4198.482059318969
17724,4307.02499437618
17725,5018.6026990092105
17726,4870.6382413576775
17727,7731.209392393261
17728,7759.6485519348225
17729,6286.143236147949
17730,7133.605743223801
17731,6360.577914947652
17732,5889.964359547847
17733,5186.458164271723
17734,3754.663140314979
17735,6560.499412035137
17736,4254.760519211021
17737,7780.733526704204
17738,5546.484011988244
17739,4407.6624885063775
17740,6519.252301001479
17741,6886.124800888036
17742,5107.048287368347
17743,5097.30346085366
17744,5718.173238052034
17745,6127.095957265154
17746,6832.291153063194
17747,6963.843073417444
17748,3710.3266497045433
17749,5880.716629581357
17750,6255.7843168705585
17751,5898.200912777496
17752,4865.561755326527
17753,6277.429490636282
17754,8585.118195253119
17755,7593.351468020539
17756,6545.127131604106
17757,6236.174478336532
17758,3982.4170224527943
17759,6693.656464210412
17760,4880.59458262132
17761,11768.061632168083
17762,5796.498306762069
17763,5381.511720978872
17764,4675.725428494674
17765,5190.70402001277
17766,6606.141171801407
17767,14987.90344249404
17768,3752.8283089053525
17769,5236.046802357841
17770,8540.21027070721
17771,7261.306407850303
17772,7775.339606996937
17773,6918.285908311726
17774,5499.192770746604
17775,5372.36863553437
17776,4095.893933257549
17777,6245.050822325881
17778,5196.016852032247
17779,5746.212560191719
17780,7284.3311242681675
17781,4424.412134578504
17782,6222.773789185121
17783,6845.825697959882
17784,3294.8542284552386
17785,7829.587986045603
17786,7093.712723621775
17787,4050.3510441679914
17788,7586.709644114096
17789,6343.377334967113
17790,6878.183857646376
17791,9210.896418223976
17792,6977.652331696467
17793,8303.382470137609
17794,5085.509649108647
17795,4604.286711719189
17796,6414.264505368587
17797,3369.053926329969
17798,6598.669562294902
17799,4003.3623792681096
17800,6359.153358099488
17801,4811.538801400594
17802,6961.104710647512
17803,5399.850183023797
17804,6538.337019964638
17805,5685.566808604368
17806,7146.3323709126535
17807,5368.110389498436
17808,8210.865349214671
17809,5754.304643883803
17810,6605.893215645476
17811,6641.0631788502305
17812,6344.255361785581
17813,3324.5545906529464
17814,5035.976230993724
17815,6612.841106530724
17816,4451.079108319976
17817,7275.507601610684
17818,5957.123849989336
17819,5711.970347706967
17820,9264.891242265676
17821,6848.782404761904
17822,3666.493324796629
17823,8748.707373486455
17824,6583.426551418192
17825,7012.738632710897
17826,7095.985147639262
17827,9796.338305605752
17828,6986.623515929872
17829,4931.406956329454
17830,5684.409605780213
17831,4916.910778536811
17832,5922.763972966366
17833,6299.166047741749
17834,4322.199298154777
17835,6320.2560277167195
17836,6646.175923609473
17837,5208.406505463905
17838,6572.147330714879
17839,6591.018566059555
17840,5775.510276051167
17841,4091.9106892798336
17842,6190.729256671751
17843,6230.540567354823
17844,6712.216867569823
17845,6019.08838827088
17846,6128.463480353213
17847,7024.315875307087
17848,5863.883480643142
17849,4244.672371916031
17850,6920.699709878181
17851,6931.039118436373
17852,7043.161349375433
17853,4979.365965897923
17854,3915.732257795831
17855,6701.462709040829
17856,7685.230903308515
17857,5013.568637127268
17858,6583.799180612268
17859,6990.026661449241
17860,5879.458643568422
17861,5059.042679380616
17862,3658.190220915026
17863,5775.990354786904
17864,7020.599982282489
17865,5896.017801463738
17866,8125.3273379687835
17867,6778.232889237661
17868,4597.890099874513
17869,6951.995690257402
17870,3300.117526205295
17871,2926.031178092666
17872,7157.901563573491
17873,11234.18769047619
17874,6385.73118628185
17875,5116.540666693197
17876,3858.8063473054704
17877,6271.091811372183
17878,7308.745003673281
17879,5071.711101895209
17880,8724.959162924542
17881,4785.581968404626
17882,4567.114343248503
17883,4959.974294544137
17884,5372.939452170312
17885,5065.312076607411
17886,4556.920832643504
17887,6634.945633441346
17888,3969.1119727323176
17889,6796.848751770865
17890,5872.801291123524
17891,5213.419484946491
17892,4630.758417022105
17893,7192.428581572331
17894,4703.778242365469
17895,5076.66731894839
17896,7713.249222915864
17897,6742.313416282409
17898,6920.1932358287795
17899,3619.0884445412894
17900,12690.542054417807
17901,5813.928551106843
17902,5013.598294235197
17903,7909.870699416145
17904,6867.684470430535
17905,6615.1105476826
17906,6562.35182672127
17907,6148.54599361764
17908,9004.422257189886
17909,11783.431420634919
17910,4534.414250694812
17911,3941.1409110414347
17912,6622.3648130411075
17913,5682.4709412861
17914,5576.467758394498
17915,7055.059994731416
17916,7973.199673252687
17917,5350.41441314919
17918,3889.408850556995
17919,5768.108746351318
17920,7039.734121541091
17921,4738.456708371582
17922,6328.673845582496
17923,3516.8042151892696
17924,7367.788004329005
17925,6886.462597235228
17926,6480.543576872703
17927,7398.150690865421
17928,6334.813202920685
17929,6513.640383810105
17930,6507.67652808669
17931,7849.397427344662
17932,7318.916940170269
17933,6562.931033238113
17934,6985.689327034463
17935,5544.838176556857
17936,6448.309342992129
17937,7023.69373673993
17938,4055.138476475759
17939,10414.386006992072
17940,6955.0722901809795
17941,4459.714001723321
17942,7561.1247149605315
17943,5571.488844017811
17944,6226.964233034773
17945,6601.103696544265
17946,3866.0238347338936
17947,4452.10723329131
17948,6399.667795487664
17949,6686.156311107547
17950,9417.901190027807
17951,5307.331560751639
17952,6079.592775951602
17953,4626.925762546191
17954,6905.713891303516
17955,4389.089270291371
17956,9845.267502812289
17957,6521.795780438977
17958,10582.49986182396
17959,4069.66452100576
17960,5742.439265452388
17961,8605.321825396828
17962,7195.746426987218
17963,4198.415115071536
17964,7257.313101525839
17965,5482.212301194421
17966,4797.917731642823
17967,5233.851174460673
17968,4625.299248265622
17969,6333.147919408606
17970,4639.535714563088
17971,4313.828015205368
17972,4467.49275195595
17973,8223.248939462355
17974,6455.249677569223
17975,20505.327857142853
17976,6468.695975256769
17977,3823.715314109802
17978,5443.618576841068
17979,7314.083765637325
17980,5034.64259710154
17981,6062.201860635545
17982,4862.481548139032
17983,6825.500804156967
17984,5834.27827264206
17985,4062.4942470638703
17986,4662.993758572765
17987,5452.338867388825
17988,6314.629562008282
17989,6103.969719316501
17990,7830.159606281243
17991,3698.488487930688
17992,3851.457820528889
17993,4170.6513715585015
17994,7516.23849948003
17995,8670.880085809478
17996,7384.5628710787605
17997,5806.148418847071
17998,3880.8777695738036
17999,5474.570963671841
18000,3655.2148767481162
18001,6488.608308995845
18002,8327.585899671925
18003,7097.507700051596
18004,4452.472991916194
18005,3922.502692081847
18006,3959.3066244755883
18007,4888.277366299705
18008,8687.83006236329
18009,5127.956628581016
18010,4326.550139010315
18011,4139.123101056671
18012,6628.347384310469
18013,3436.983974070074
18014,5635.645682372254
18015,3155.462991957173
18016,5475.082420862077
18017,5566.767672315457
18018,4793.6231779677155
18019,6777.088047619047
18020,5869.826690842546
18021,4078.639069231731
18022,5966.510183267052
18023,5412.509223365233
18024,8340.198633444335
18025,5022.089411319836
18026,6346.919868177124
18027,7715.039978814599
18028,7223.588211939379
18029,5814.01825761227
18030,7193.516777684137
18031,3614.245321012345
18032,5738.11631190051
18033,5213.80120763021
18034,5323.769497325635
18035,6082.1987757568095
18036,5687.264315257314
18037,4978.103502964451
18038,5736.701611282053
18039,6157.326533923495
18040,7245.122846709704
18041,4921.485378587204
18042,8728.563512556848
18043,3689.62204526951
18044,4931.927314028613
18045,6816.816074185389
18046,4200.409372953715
18047,4886.044008081927
18048,4965.614316024015
18049,5563.5695776130915
18050,4288.739905090423
18051,4328.937504605684
18052,5812.306169721963
18053,6222.697052017924
18054,5189.153201930831
18055,4584.396762330265
18056,5833.5655632426115
18057,9920.030861831408
18058,6108.703745624699
18059,4691.919111740112
18060,4954.004577344003
18061,5747.41274625929
18062,5832.241942283406
18063,7211.512039986737
18064,4326.2599614309265
18065,5458.122313940025
18066,5282.287636340512
18067,5465.863407219329
18068,6199.534939189401
18069,5353.530590838861
18070,4906.141119973241
18071,3851.3060986606247
18072,6182.945067883235
18073,7507.52095384042
18074,4501.029280982222
18075,3979.573868446387
18076,5375.226689124007
18077,4805.465766425354
18078,5509.129353999266
18079,6854.800702795827
18080,5802.336586431372
18081,6298.988218162407
18082,4320.233700089227
18083,5352.950742950821
18084,4673.043720567449
18085,5873.874267651604
18086,6293.530305447509
18087,6628.138758898151
18088,5944.908466296943
18089,4583.040251825833
18090,6332.57234423282
18091,5885.91913836229
18092,5292.610319183907
18093,5624.208745340922
18094,5570.8039311685625
18095,6303.786642711784
18096,6562.630379203328
18097,5768.380184566722
18098,5371.418663077305
18099,6244.473261680014
18100,5427.246061989119
18101,5474.641151609372
18102,3504.511927348416
18103,4508.414028704648
18104,6258.261437297111
18105,4833.046654212117
18106,4125.4956873714555
18107,5139.714562913975
18108,6034.13787105022
18109,6202.7672358893005
18110,5652.864524965029
18111,5169.453984727361
18112,6083.701544959905
18113,5618.27592307053
18114,4994.258175672889
18115,4319.080108639407
18116,6266.089280594114
18117,5789.876145290287
18118,3138.366168790174
18119,5549.451502987611
18120,3764.309336387185
18121,5996.305130142481
18122,6657.110623106322
18123,6554.695674984467
18124,7401.0328748649135
18125,4343.09356005744
18126,4445.183814465569
18127,8768.136811689857
18128,5646.944941564689
18129,6209.1478130033975
18130,6883.511901483899
18131,4702.801970456986
18132,4966.2542620389695
18133,5171.093838832167
18134,6958.2570438478315
18135,6394.352994254657
18136,5795.7529918317105
18137,2394.0343091212517
18138,5457.725618596663
18139,6547.803250091103
18140,7047.8638453223175
18141,4953.339383221708
18142,5426.814577580535
18143,5584.023960048534
18144,4569.81502297507
18145,2960.6268690872607
18146,5106.815635947152
18147,5327.293999885593
18148,5364.991682359125
18149,5731.800164380726
18150,5246.358547602128
18151,6557.13460142555
18152,6542.903494116508
18153,5543.149645524332
18154,3703.6499771047866
18155,6163.284733932632
18156,5911.551265835598
18157,4698.579715937377
18158,6275.581918657363
18159,4291.503824586445
18160,5184.97561224101
18161,2840.6309200055007
18162,5760.2464032665375
18163,3943.60028818985
18164,6299.819299828469
18165,5761.555387222445
18166,6216.932054627816
18167,7187.676454185352
18168,5304.741367584326
18169,5746.370594326934
18170,17380.470110406408
18171,7672.516718065803
18172,3821.4983202738567
18173,2241.8572105311714
18174,5094.418486553046
18175,7942.629103222283
18176,5054.8037096604185
18177,11307.00183555089
18178,16587.52198419288
18179,5111.451326882902
18180,4755.750081071618
18181,6561.113175380989
18182,3835.5787765775153
18183,6947.636933648746
18184,5001.833841609902
18185,6129.008882605483
18186,4887.4512857142845
18187,5828.635793654061
18188,4948.369851857732
18189,6246.455567980005
18190,6823.56224138077
18191,5077.123067663221
18192,5659.566053431943
18193,6042.984970209262
18194,4837.363015282634
18195,5063.329820151826
18196,5644.364933064522
18197,4290.667104629816
18198,4969.512523693931
18199,5192.172069333934
18200,4865.328543511639
18201,4822.476264565914
18202,6246.497437201736
18203,5647.541658815497
18204,6049.438266379932
18205,5547.867510193592
18206,6169.748390603212
18207,5012.8592230937975
18208,2876.499340035637
18209,4969.124905446662
18210,6585.290983871727
18211,4675.982181811472
18212,4852.858028952058
18213,6673.857621257884
18214,5290.25119322754
18215,8165.451175966263
18216,6068.232810352454
18217,5558.673836892489
18218,4334.930369471945
18219,4677.6343016361125
18220,7881.528839655802
18221,4394.877649790225
18222,7604.721206390828
18223,12884.989663943188
18224,6164.365368498931
18225,6528.706387550723
18226,4684.743659469005
18227,4769.745681878088
18228,5741.367787964501
18229,3285.326163920145
18230,5943.779500412631
18231,7894.536620468185
18232,4649.085941338836
18233,12856.538058441554
18234,10648.449696699847
18235,4339.37780788667
18236,5673.508035584695
18237,4629.415605470495
18238,6144.267564146541
18239,4978.224742110559
18240,9319.569623623687
18241,5260.822435292371
18242,7704.171446676013
18243,4295.769656189348
18244,6144.267564146541
18245,4193.273288374923
18246,6369.736617759796
18247,5102.140394420394
18248,4691.65179432443
18249,5574.609314059713
18250,5884.067774293756
18251,6221.744132517154
18252,6488.031957463768
18253,4673.371770841723
18254,7909.698123159494
18255,5789.876145290287
18256,7775.261491145348
18257,4385.230605736945
18258,4161.161966706213
18259,5175.007455643112
18260,6437.942519643365
18261,5535.885868933489
18262,5892.179954303263
18263,5194.894378399143
18264,7220.8969935782325
18265,4025.0734024678013
18266,7934.5865733878245
18267,6096.234727271875
18268,5704.125964217036
18269,11040.115694097221
18270,15174.588423470675
18271,5632.529855202598
18272,6024.11315779897
18273,6917.653519930885
18274,6105.646615021347
18275,6511.086188113499
18276,4923.644947541881
18277,6002.940550973499
18278,4637.461903637995
18279,5718.166879674626
18280,3717.921783760575
18281,4782.308115857511
18282,4063.0798394128633
18283,4779.186968338311
18284,6505.631512991584
18285,4237.623308917288
18286,3584.841696928807
18287,4657.248638596888
18288,3692.9599015551253
18289,3799.132301543436
18290,4683.877307599837
18291,5247.592404423872
18292,5921.410283259257
18293,5849.354798580716
18294,6286.660034543847
18295,5118.1896215134775
18296,5593.807533485288
18297,6690.623384973603
18298,6166.406601648097
18299,3996.5684595123907
18300,4575.812193632148
18301,8538.421881234097
18302,5808.1071169657025
18303,6118.721262755376
18304,3059.1386432646914
18305,4112.890808478894
18306,5556.4920684124645
18307,5223.8396752830195
18308,4402.8498849119605
18309,6011.160634137386
18310,5844.895031043897
18311,10453.698452264793
18312,5072.938027593033
18313,6993.526841625468
18314,2823.902425289633
18315,4871.232437043505
18316,5672.487894849986
18317,3336.394685906395
18318,7099.526553588172
18319,4114.530299532842
18320,6129.725204639856
18321,6189.38952292709
18322,8918.059751225352
18323,7397.24677820562
18324,4638.961360467428
18325,4179.471650639594
18326,7433.989951057148
18327,5921.410283259257
18328,4644.527740856994
18329,4065.65492810833
18330,5714.646215778561
18331,7130.954692567878
18332,3847.4328841890824
18333,5150.950261301239
18334,5632.143700836558
18335,6355.594847182103
18336,9557.114428439636
18337,4885.02458487253
18338,14275.629327201785
18339,5760.927956141131
18340,5207.112031509795
18341,3001.9507216306665
18342,5006.772118766681
18343,4966.200277438925
18344,4197.682701134378
18345,5922.214848323183
18346,4078.624590169541
18347,4766.750070173535
18348,5150.414830936964
18349,5706.720258791138
18350,7212.429876158511
18351,5235.558760615547
18352,6274.45575742205
18353,5942.797505850909
18354,4241.6650377153965
18355,6406.946261395369
18356,7120.643797901541
18357,4637.497579893645
18358,5103.866590346936
18359,5856.274403687747
18360,7803.890797949666
18361,5411.260291057179
18362,4436.480926225878
18363,5894.186796716121
18364,6430.054406311035
18365,5940.192092088988
18366,5006.082634181252
18367,6207.624518015033
18368,4980.973168514409
18369,5404.279577071653
18370,5052.42516495295
18371,6865.371833295042
18372,4786.551365748596
18373,6064.643215780217
18374,4874.925097088455
18375,4035.139270209445
18376,3693.5159173663887
18377,4076.946512189156
18378,7043.7895923822525
18379,7142.355077570139
18380,8036.728226291017
18381,9752.266045741286
18382,5527.0745858684495
18383,5557.553910033862
18384,6137.3355764063635
18385,6468.160888526866
18386,6207.624518015033
18387,5391.120486237764
18388,5157.227187980281
18389,6255.707195946108
18390,5100.212523368322
18391,3438.9188471518423
18392,9509.877967664395
18393,4571.518390764957
18394,6052.9231311322255
18395,5094.201441804585
18396,1780.2969057481562
18397,7072.881264607497
18398,5107.7686523422635
18399,4429.067195607309
18400,5816.15480721679
18401,4751.938706120251
18402,6097.878963692622
18403,5464.858376983218
18404,5493.5144124547005
18405,4351.40821917482
18406,3880.023756067127
18407,3435.2384073236635
18408,3184.7610627944614
18409,5711.349469214375
18410,14570.930333333334
18411,4473.219824113949
18412,4450.942340404285
18413,5462.390664797104
18414,4802.761239336366
18415,4082.23219947936
18416,4416.929652396589
18417,3537.751018494636
18418,6156.193922710379
18419,4978.53460220695
18420,3362.424392483421
18421,5745.483161742948
18422,4034.649373694508
18423,4226.397384539217
18424,5783.604341253289
18425,6107.460131055935
18426,9558.56042585288
18427,4324.784735705413
18428,5529.174352559486
18429,3910.2573485681773
18430,4592.481817916542
18431,12375.609588877864
18432,8308.825758468005
18433,5541.8109490632105
18434,4115.835961370005
18435,4209.327001371522
18436,4957.058547553981
18437,4770.838271117565
18438,9171.851245192594
18439,4457.918489839964
18440,4908.865829284315
18441,5609.6890774340145
18442,4075.2580181993317
18443,5122.312007921897
18444,6259.386701498542
18445,5690.876845819317
18446,5365.869801601245
18447,3380.918502462692
18448,5154.8387325080585
18449,5564.2674890967955
18450,7633.8692649244085
18451,6729.433787766167
18452,5553.335975699751
18453,3686.0801251451117
18454,6970.115484053052
18455,4963.373803080889
18456,5799.037812654661
18457,6076.462982901086
18458,6142.443153984092
18459,5506.492253693192
18460,4963.906220198301
18461,6001.4530767168735
18462,6052.727630846866
18463,4803.423773443396
18464,5738.607945868002
18465,5656.203492025293
18466,4090.288279865625
18467,7458.921211128201
18468,4832.209247274039
18469,4339.442358844542
18470,6758.939509509685
18471,4516.241069227196
18472,3174.3984148025083
18473,6178.396376268449
18474,7431.356872600228
18475,7788.585859650974
18476,4549.868439968224
18477,6089.480638263861
18478,5494.081668265542
18479,6152.884067375567
18480,4908.339172484915
18481,6344.366299995304
18482,2773.6326527053693
18483,4638.4838750566305
18484,5188.4149527804
18485,5493.277798922596
18486,4201.224727376379
18487,5849.345256503552
18488,5819.425495197618
18489,6048.101288138199
18490,6559.753814316891
18491,4991.115664184149
18492,5902.211644209309
18493,4792.93813179626
18494,5558.898504351439
18495,5496.837786523418
18496,5604.314124520466
18497,7218.5193807647
18498,4003.109677444154
18499,8383.32375708121
18500,5971.300668063053
18501,6116.042217920284
18502,4430.0749538872415
18503,3191.256380575562
18504,5228.5921409335015
18505,4836.13775503707
18506,6197.33311748212
18507,5584.856133137725
18508,4839.903227698811
18509,6368.546918994649
18510,5169.167273326883
18511,4578.905353178795
18512,6727.248603170822
18513,4573.19657701669
18514,6140.334242817513
18515,8554.45101306472
18516,6568.572385573603
18517,5788.287452284125
18518,4256.60456147115
18519,3576.2367610910155
18520,2708.16118908184
18521,6351.75270905537
18522,4553.388797671404
18523,6241.139303688514
18524,3593.32926479674
18525,5488.992387570398
18526,5300.403969500978
18527,7836.055455664868
18528,4048.073842718021
18529,4737.699379676131
18530,4193.771619975632
18531,6597.195047909388
18532,4740.2426310268065
18533,5768.412191811327
18534,6627.635566923838
18535,8008.499475964852
18536,5602.71625953176
18537,6384.358744124745
18538,5751.91280035865
18539,4076.6522181450837
18540,4548.320432114482
18541,6822.3522436984695
18542,7245.965799025891
18543,6501.178142205616
18544,14109.211436507932
18545,4785.870136591524
18546,4746.264170661735
18547,4914.537621001768
18548,6448.606797737046
18549,6477.639536291258
18550,5655.989563936106
18551,5764.070801495911
18552,6197.33311748212
18553,6465.229967369661
18554,5599.497749999999
18555,4217.275814541337
18556,5926.127003423607
18557,3990.917635477771
18558,4041.3826312987057
18559,3966.892509139561
18560,6668.043154037249
18561,13606.460676823177
18562,6113.052532671927
18563,5351.474494084151
18564,5423.794253715618
18565,3392.808778201822
18566,5536.0051067482555
18567,3444.780059690976
18568,7465.65164379816
18569,5581.167229182982
18570,5639.306865325845
18571,6776.982324651485
18572,11715.194432539685
18573,4424.05457066311
18574,6069.856519787212
18575,3198.9740480863998
18576,5100.439179866544
18577,6116.060598082133
18578,7218.231701619117
18579,3914.601536754151
18580,3752.9545983844064
18581,4852.928996822456
18582,4623.478259628563
18583,5774.278716283088
18584,5041.556053552383
18585,6043.673503165765
18586,5755.024450251392
18587,6360.577914947652
18588,5526.20359362367
18589,5060.334558195294
18590,3601.4929455231772
18591,6222.604374339647
18592,4115.117396252514
18593,6369.889157226992
18594,5789.999160633307
18595,3857.088874286167
18596,5889.764926706982
18597,6646.554335461149
18598,3984.8407795107464
18599,4805.454557676167
18600,5068.640253166712
18601,6021.1038507689345
18602,6550.410676145266
18603,5327.498931894151
18604,3667.613835221439
18605,5880.716629581357
18606,5901.2650040033595
18607,4444.31271281711
18608,4656.139692362284
18609,6145.417364275317
18610,7536.408025460005
18611,6409.631216850914
18612,5660.151558298762
18613,6236.174478336532
18614,3863.6936758216766
18615,6268.041386974428
18616,4761.331706694031
18617,10387.581610123238
18618,5388.002454638366
18619,4500.5557596729395
18620,4157.655565746217
18621,3278.241363313908
18622,6582.72325513474
18623,15355.491318132083
18624,3566.9458064058867
18625,4003.500253169611
18626,7156.919966350057
18627,5368.858024992678
18628,7259.2881962434485
18629,5950.289854471398
18630,4894.246448925091
18631,4460.732428644799
18632,3925.285373897499
18633,6245.050822325881
18634,4899.832371517218
18635,5720.079483250136
18636,5393.463236220812
18637,4246.0436688910295
18638,5757.871642916546
18639,4909.188360198455
18640,3229.473668912183
18641,7518.367104630586
18642,6541.224147941136
18643,3788.005463134395
18644,5687.099885445035
18645,5021.374261641731
18646,5104.517376616121
18647,7256.202947379746
18648,5277.34194435903
18649,6777.802995204162
18650,5085.509649108647
18651,3989.0046725261955
18652,6531.981051802646
18653,3166.658442542359
18654,6255.636545803228
18655,3455.286942165333
18656,5016.821814107876
18657,4804.016162017741
18658,5884.176960036432
18659,5389.597867283983
18660,5674.800701793009
18661,5409.49281997245
18662,5845.651164626165
18663,4889.55654208715
18664,6315.895331764027
18665,5706.899721186195
18666,6103.432307130113
18667,6286.569174969537
18668,6105.271522481498
18669,3142.1979725759675
18670,5026.851777212212
18671,6365.546578828915
18672,4438.458725806314
18673,7448.220896123906
18674,5287.1272725204435
18675,5394.9997129250805
18676,8788.592723853237
18677,6270.092428571427
18678,3532.9949917564663
18679,15527.099431535627
18680,6596.203636599484
18681,4703.586760554903
18682,6454.119164564668
18683,9176.248565896145
18684,4887.217827672226
18685,4676.005966318355
18686,5638.631419115663
18687,4672.53842591376
18688,5278.522465625701
18689,5773.087994287116
18690,4026.053503140835
18691,5581.217292403197
18692,5427.246061989119
18693,5101.217488552004
18694,5238.832560586214
18695,6289.5358313026
18696,5607.070476823862
18697,3982.903741507387
18698,5987.8846279563695
18699,5751.8606767601905
18700,6011.605914637148
18701,5741.507552219606
18702,5389.00221640501
18703,6892.722120431056
18704,5700.69448459538
18705,4204.922233955301
18706,4749.463895731274
18707,5486.751621521519
18708,5881.713536424908
18709,4214.849155731051
18710,3824.4801711009627
18711,6415.406268409959
18712,7194.794856924477
18713,4880.863227288818
18714,6140.527719701995
18715,5970.62853080668
18716,5201.770996925299
18717,4086.929528566137
18718,3418.371772993792
18719,5343.435967756559
18720,5476.314200427415
18721,5525.826240096158
18722,7466.547809802852
18723,6513.9820003987525
18724,4319.39320266358
18725,6440.082088568764
18726,3589.9982237109175
18727,2944.476989407261
18728,6328.267089866134
18729,11147.080011904762
18730,6010.47292546194
18731,5116.540666693197
18732,3681.672191661583
18733,6048.089381808883
18734,6630.748604957167
18735,4801.211828802895
18736,6292.386565973599
18737,4639.77175426198
18738,4514.236046908524
18739,4605.1801863272585
18740,4309.638354502818
18741,4973.041607665211
18742,4038.928096222173
18743,4380.552336572206
18744,3836.0568976785644
18745,6500.157991115544
18746,5328.404778325147
18747,4246.109557989487
18748,4606.853417796545
18749,5442.701051627638
18750,4426.686471900522
18751,5078.727549296988
18752,5833.414771978233
18753,6229.553702210938
18754,4753.783419926752
18755,3375.9129585019955
18756,9966.458743598865
18757,5028.676351176883
18758,4253.832853913709
18759,6037.533149845055
18760,6287.8948561436555
18761,6276.70844657451
18762,4907.054520395548
18763,6128.524035676103
18764,7240.304956165023
18765,10780.019862140545
18766,3801.6911650768543
18767,3780.5778292071614
18768,4086.842994677766
18769,5583.8485303993175
18770,5286.382376071672
18771,6404.215902643109
18772,6992.4101521308185
18773,5056.185280145572
18774,3481.971051337694
18775,4955.4672789282795
18776,7343.201731252
18777,3871.7343800574045
18778,5191.401895036197
18779,3482.957028306379
18780,5768.749459386733
18781,6744.591487430586
18782,6111.949120422662
18783,7130.737565038702
18784,5907.719725033851
18785,3410.070728184739
18786,5428.726045824478
18787,6209.8085881040815
18788,6852.814351609044
18789,6098.711891099261
18790,6070.274133918633
18791,4802.276546606987
18792,5894.185756885071
18793,6623.905681216155
18794,3937.3855347063586
18795,9617.988720349882
18796,5476.116997533138
18797,3571.042762628075
18798,5250.86210814247
18799,5151.1414967320925
18800,6070.718824065653
18801,6243.54099836739
18802,3738.0381204481782
18803,3634.7145542741623
18804,5304.3631560362755
18805,6262.885932570875
18806,8927.968266442844
18807,4570.334401254741
18808,5313.9734752503
18809,4634.257186200181
18810,5359.094577854409
18811,4304.145913375738
18812,7967.946232815384
18813,6271.716445329233
18814,10532.964248774575
18815,3690.2186302885616
18816,5191.843707459648
18817,8334.73007936508
18818,7147.76351825855
18819,3967.404988163446
18820,8011.1017273007565
18821,5427.328015234159
18822,4350.0117923141925
18823,4229.768774525807
18824,3906.5779514611145
18825,6027.084314956778
18826,4257.2726679527605
18827,4186.048849503308
18828,4384.815494517383
18829,6977.092544608945
18830,6176.004278592891
18831,19225.75630555556
18832,5847.949073295985
18833,3817.4762458638793
18834,5427.139270096931
18835,7314.083765637325
18836,5013.8240119893335
18837,6062.201860635545
18838,4862.481548139032
18839,6807.098363974991
18840,5824.200617303664
18841,4007.5592141695233
18842,4659.92815813786
18843,5452.338867388825
18844,6314.629562008282
18845,5799.384499213509
18846,7830.159606281243
18847,3692.7320568661153
18848,3846.1057932384406
18849,4166.672769497794
18850,7509.403423296251
18851,8648.219512113656
18852,7548.238978221617
18853,5806.148418847071
18854,3613.266477161779
18855,5474.570963671841
18856,3676.246712608602
18857,6488.608308995845
18858,8305.31054539714
18859,7097.507700051596
18860,4452.472991916194
18861,3927.935579691093
18862,3887.6060923579494
18863,4888.277366299705
18864,8871.01058774811
18865,4980.617090455737
18866,4290.159785201307
18867,4089.299455014905
18868,6476.747194081944
18869,3436.983974070074
18870,5635.645682372254
18871,3117.724944350804
18872,5466.423930893379
18873,5550.228017143044
18874,4793.6231779677155
18875,6627.160511566865
18876,5874.446690842546
18877,4015.4714178197587
18878,5966.510183267052
18879,5412.509223365233
18880,7974.165961797291
18881,4805.576235166572
18882,6352.781005550862
18883,7709.173133271979
18884,7223.588211939379
18885,5814.01825761227
18886,7183.167913371193
18887,3660.416026015541
18888,5738.11631190051
18889,5213.80120763021
18890,5323.769497325635
18891,6082.1987757568095
18892,5682.014136685885
18893,4978.103502964451
18894,5736.701611282053
18895,6157.326533923495
18896,7180.212748640428
18897,4924.996447524754
18898,8728.563512556848
18899,3686.5007370934095
18900,4931.927314028613
18901,6808.517200921378
18902,4230.879174948016
18903,4878.546500806795
18904,4965.614316024015
18905,5563.5695776130915
18906,4262.094300711466
18907,4324.523571159394
18908,5812.306169721963
18909,6200.897865368439
18910,5199.446535264164
18911,4549.247796926619
18912,5833.5655632426115
18913,9994.594028498073
18914,6108.703745624699
18915,4691.919111740112
18916,4954.004577344003
18917,5747.41274625929
18918,5810.276175026237
18919,7211.512039986737
18920,4326.2599614309265
18921,5458.122313940025
18922,5289.111635815303
18923,5450.2061614357635
18924,6199.534939189401
18925,5353.530590838861
18926,4906.589804519856
18927,3855.662640910858
18928,6178.0425354609315
18929,7489.590305030895
18930,4501.029280982222
18931,3979.573868446387
18932,5375.226689124007
18933,4800.367710071586
18934,5509.129353999266
18935,6847.937202795827
18936,5588.429485812633
18937,6283.211674426222
18938,4331.920123785794
18939,5352.950742950821
18940,4673.043720567449
18941,5873.874267651604
18942,6227.916463635366
18943,6628.138758898151
18944,5944.908466296943
18945,4580.957535713821
18946,6332.57234423282
18947,5885.91913836229
18948,5290.858668707856
18949,5624.208745340922
18950,5586.721992464276
18951,6303.786642711784
18952,6555.334154009195
18953,5762.661017900055
18954,5371.418663077305
18955,6244.473261680014
18956,5427.246061989119
18957,5447.320728462527
18958,3493.9289900572003
18959,4395.916644893662
18960,6258.261437297111
18961,4763.409196802859
18962,4125.418330228597
18963,5139.714562913975
18964,6041.970647137668
18965,6202.7672358893005
18966,5652.864524965029
18967,5169.453984727361
18968,6083.701544959905
18969,5592.910385488757
18970,4994.258175672889
18971,4318.615976780418
18972,6266.089280594114
18973,5789.876145290287
18974,3170.889097128176
18975,5549.451502987611
18976,3764.309336387185
18977,5996.305130142481
18978,6708.717526615094
18979,6559.798174984467
18980,7401.0328748649135
18981,4343.09356005744
18982,4445.183814465569
18983,8943.675084959768
18984,5646.944941564689
18985,6178.681596233791
18986,6889.898901483899
18987,4652.311702874709
18988,4966.2542620389695
18989,5156.867053728382
18990,6740.622479259627
18991,6394.352994254657
18992,5795.7529918317105
18993,2386.324052710995
18994,5457.725618596663
18995,6536.575864542317
18996,7065.152778306
18997,4996.873782489108
18998,5438.911909896896
18999,5584.023960048534
19000,4519.735658452716
19001,2960.6268690872607
19002,5106.815635947152
19003,5327.293999885593
19004,5355.986911434806
19005,5731.800164380726
19006,5246.358547602128
19007,6549.838376231417
19008,6542.903494116508
19009,5543.149645524332
19010,3703.6499771047866
19011,6163.284733932632
19012,5911.551265835598
19013,4698.579715937377
19014,6279.523334628994
19015,4291.503824586445
19016,5184.97561224101
19017,2642.6600836215257
19018,5752.049568850952
19019,3959.4771544602145
19020,6299.819299828469
19021,5755.244469229789
19022,6073.568345184481
19023,7020.332477121723
19024,5304.741367584326
19025,5746.370594326934
19026,17443.064546439673
19027,7466.841181656969
19028,3743.618020474799
19029,2246.825960531172
19030,5094.418486553046
19031,7265.807648175439
19032,5054.8037096604185
19033,11072.136817693745
19034,16591.763503673395
19035,5111.451326882902
19036,4755.750081071618
19037,6133.555460582084
19038,3829.8204862549346
19039,6345.674943330453
19040,4713.005269988988
19041,6129.008882605483
19042,4870.912952380951
19043,5835.6383492096165
19044,4948.369851857732
19045,6246.455567980005
19046,6823.56224138077
19047,4857.718856239888
19048,5659.566053431943
19049,6042.984970209262
19050,4837.363015282634
19051,5063.329820151826
19052,5638.823319428158
19053,4285.547062823795
19054,4969.512523693931
19055,5211.996675013745
19056,4865.328543511639
19057,4835.006964358875
19058,6244.122794344593
19059,5647.541658815497
19060,6049.438266379932
19061,5547.867510193592
19062,5832.33003642676
19063,5020.147705503861
19064,2723.266234854426
19065,4968.700587264843
19066,6585.290983871727
19067,4660.15209863211
19068,4852.858028952058
19069,6639.478192686455
19070,5251.028110463685
19071,7815.945300091311
19072,6068.232810352454
19073,5544.841000918693
19074,4209.6799045658845
19075,4677.6343016361125
19076,7866.915326487559
19077,4393.6953580528425
19078,7597.172880979118
19079,12901.242340691788
19080,6164.365368498931
19081,5019.792830544508
19082,4681.138716940271
19083,4769.745681878088
19084,5741.367787964501
19085,3269.8924419464083
19086,5645.109251020052
19087,7894.536620468185
19088,4564.581153786245
19089,12892.4837012987
19090,10132.352342452743
19091,4330.535714909128
19092,5673.508035584695
19093,4547.376123120529
19094,6144.267564146541
19095,4968.2122769513535
19096,9303.446561681658
19097,5248.0264732862925
19098,8029.006409095618
19099,4291.679950700726
19100,6144.267564146541
19101,4121.35734479628
19102,6360.594953020803
19103,5086.444826684192
19104,4690.490627657764
19105,5480.493487303274
19106,5943.728108237589
19107,6221.744132517154
19108,6488.031957463768
19109,4673.371770841723
19110,7909.698123159494
19111,5789.876145290287
19112,7715.466194849051
19113,4393.4934920578235
19114,4156.041924900193
19115,5175.007455643112
19116,6437.942519643365
19117,5535.885868933489
19118,5740.483437576285
19119,5194.894378399143
19120,7220.8969935782325
19121,4020.8122245229392
19122,7832.573856501403
19123,6096.234727271875
19124,5704.125964217036
19125,11119.386181811813
19126,13659.48483103008
19127,5632.529855202598
19128,6024.11315779897
19129,6938.897103591304
19130,6105.646615021347
19131,6511.086188113499
19132,4917.445419001419
19133,6002.940550973499
19134,4637.461903637995
19135,5718.166879674626
19136,3712.1634934379945
19137,4747.665893222583
19138,4058.538462601269
19139,4787.727385004978
19140,6499.6940646485045
19141,4217.131655584641
19142,3572.2895910408674
19143,4657.248638596888
19144,3679.2603265152948
19145,3799.132301543436
19146,4681.538823998586
19147,5131.246493437529
19148,5921.410283259257
19149,5849.354798580716
19150,6286.660034543847
19151,5110.742607931629
19152,5593.807533485288
19153,6690.623384973603
19154,6156.3289463097035
19155,3996.5684595123907
19156,4578.630489617209
19157,8121.533623967969
19158,5808.1071169657025
19159,6118.721262755376
19160,3055.897215358798
19161,4239.0184594256925
19162,5487.961798821654
19163,5215.712341949686
19164,4399.4384325310075
19165,6011.160634137386
19166,5844.895031043897
19167,10500.866176925843
19168,5072.938027593033
19169,6979.114619403246
19170,2824.700197290661
19171,4843.480364990557
19172,5672.487894849986
19173,3336.394685906395
19174,7100.859283232956
19175,4114.530299532842
19176,6129.725204639856
19177,6189.38952292709
19178,8807.607312355542
19179,6896.8553468603295
19180,4632.939877580523
19181,4165.2682071472345
19182,7433.989951057148
19183,5921.410283259257
19184,4672.92689689968
19185,4061.3937501634673
19186,5714.646215778561
19187,6897.568250302858
19188,3847.4328841890824
19189,5150.950261301239
19190,5632.143700836558
19191,6355.594847182103
19192,9557.114428439636
19193,4885.02458487253
19194,13751.974864719821
19195,5671.670813747836
19196,5207.112031509795
19197,2989.5237121075847
19198,5023.438702291409
19199,4920.988156778496
19200,4197.682701134378
19201,5904.110988303208
19202,4078.624590169541
19203,4766.750070173535
19204,5150.414830936964
19205,5706.720258791138
19206,7208.0727051774875
19207,5160.191877645279
19208,6274.45575742205
19209,5942.797505850909
19210,4241.6650377153965
19211,6406.946261395369
19212,7484.679725168717
19213,4642.665867748059
19214,5162.128155256042
19215,5865.956903687747
19216,7720.227221831343
19217,5411.260291057179
19218,4445.568509018624
19219,5893.969271277094
19220,6430.054406311035
19221,5940.192092088988
19222,5006.082634181252
19223,6207.624518015033
19224,4980.973168514409
19225,5449.567593555169
19226,5052.42516495295
19227,6857.096668554446
19228,4735.274528395053
19229,6060.69287620915
19230,4874.925097088455
19231,4019.282600853759
19232,3678.762870689904
19233,3858.6049433091557
19234,7031.270123858
19235,7142.355077570139
19236,8036.728226291017
19237,9747.659557646048
19238,5527.0745858684495
19239,5557.553910033862
19240,6137.3355764063635
19241,6468.160888526866
19242,6207.624518015033
19243,5374.872000394472
19244,5157.227187980281
19245,6255.707195946108
19246,5061.111427610635
19247,3438.9188471518423
19248,9500.442461669103
19249,4571.518390764957
19250,6052.9231311322255
19251,5060.532622961752
19252,1818.298891529429
19253,7064.820936036068
19254,5089.34782436038
19255,4394.632139553931
19256,5811.813101220659
19257,4725.104872403174
19258,6097.878963692622
19259,5464.858376983218
19260,5455.706884063925
19261,4351.40821917482
19262,3873.3361165029874
19263,3451.9485048990277
19264,3184.7610627944614
19265,5711.349469214375
19266,13833.089523809529
19267,4473.219824113949
19268,4450.942340404285
19269,5481.639401022715
19270,4802.761239336366
19271,4082.23219947936
19272,4396.617453940374
19273,3544.819155159007
19274,6168.984601691674
19275,4978.53460220695
19276,3362.424392483421
19277,5745.483161742948
19278,4013.730790447163
19279,4203.117242484765
19280,5783.604341253289
19281,6079.082405599981
19282,9159.209551548618
19283,4324.784735705413
19284,5524.722935992859
19285,3910.2573485681773
19286,4592.481817916542
19287,12505.028290292983
19288,8213.671825669811
19289,5541.8109490632105
19290,4102.638499248793
19291,4209.327001371522
19292,4900.787057034995
19293,4770.838271117565
19294,7872.434818714709
19295,4424.268543564019
19296,4845.116449245385
19297,5567.432854754898
19298,4071.058912860227
19299,5122.312007921897
19300,6293.846336558798
19301,5690.876845819317
19302,5346.527332571368
19303,3376.0285952571467
19304,5144.778732508058
19305,5564.2674890967955
19306,7560.046003152172
19307,6610.172520181088
19308,5553.335975699751
19309,3686.0801251451117
19310,6970.115484053052
19311,4907.32842991008
19312,5799.037812654661
19313,5997.14438247775
19314,6142.443153984092
19315,5506.492253693192
19316,4963.906220198301
19317,6001.4530767168735
19318,6037.0490264403015
19319,4811.061179253003
19320,5738.607945868002
19321,5656.203492025293
19322,4091.105404917557
19323,7417.866025952677
19324,4823.8974139407055
19325,4339.442358844542
19326,6758.939509509685
19327,4454.477485725656
19328,3168.616635776291
19329,6154.15750870115
19330,7332.877232544206
19331,7786.759147890512
19332,4549.868439968224
19333,6089.480638263861
19334,5491.791668265542
19335,6166.688829280328
19336,4908.339172484915
19337,6189.171860112965
19338,2769.639115848339
19339,4607.879966274515
19340,5188.4149527804
19341,5499.866074784666
19342,4203.44718769384
19343,5849.345256503552
19344,5819.425495197618
19345,6048.101288138199
19346,6530.908480983559
19347,4901.3333541099555
19348,5902.211644209309
19349,4792.93813179626
19350,5520.259867918564
19351,5503.661785998208
19352,5597.67210830425
19353,6557.113650873805
19354,3516.118802993546
19355,8330.493988645872
19356,5951.899426538926
19357,6055.556447101042
19358,4438.776287220575
19359,3182.299601549345
19360,5228.5921409335015
19361,4836.13775503707
19362,6197.33311748212
19363,5584.856133137725
19364,4839.903227698811
19365,6368.546918994649
19366,5175.888956432388
19367,4410.349843593428
19368,6727.248603170822
19369,4434.636573793171
19370,6140.334242817513
19371,8533.631700390466
19372,6567.47549761064
19373,5788.287452284125
19374,4201.503339272572
19375,3530.767806391363
19376,2693.279356682214
19377,6337.423027973314
19378,4522.6876389412455
19379,6231.718700673438
19380,3558.0024984306815
19381,5342.132427169513
19382,5300.403969500978
19383,7708.968042356846
19384,4048.073842718021
19385,4746.620654042603
19386,3854.221689832054
19387,6584.730971159163
19388,4740.2426310268065
19389,5750.308331791352
19390,6463.922228381641
19391,7952.416062874885
19392,5596.074243315545
19393,6384.358744124745
19394,5751.91280035865
19395,4072.5366960671613
19396,4544.963690796728
19397,6822.3522436984695
19398,7245.965799025891
19399,6501.178142205616
19400,14140.387611111111
19401,4770.72065275009
19402,4689.287948679331
19403,4725.491253745672
19404,6448.606797737046
19405,6477.639536291258
19406,5655.989563936106
19407,5764.070801495911
19408,6197.33311748212
19409,6368.332163017622
19410,5512.200643298952
19411,4161.585738934729
19412,5926.127003423607
19413,3975.807680731132
19414,4041.3826312987057
19415,3931.007959642901
19416,6503.237139221956
19417,13680.21640978303
19418,6113.052532671927
19419,5351.474494084151
19420,5413.104438145825
19421,3393.1724821873295
19422,5536.0051067482555
19423,3262.0139524801543
19424,7430.8408150620435
19425,5581.167229182982
19426,5639.306865325845
19427,6777.982057679707
19428,11731.500180375182
19429,4519.3463576003405
19430,6034.821011596527
19431,3201.3064815242265
19432,5094.843816517018
19433,6116.060598082133
19434,7187.852430286044
19435,3907.383790057859
19436,3717.5966653895302
19437,4852.928996822456
19438,4567.625511815726
19439,5763.131540858894
19440,5041.556053552383
19441,6043.673503165765
19442,5744.910340662352
19443,6360.577914947652
19444,5510.573440556999
19445,5060.334558195294
19446,3593.3434731680463
19447,6222.604374339647
19448,4103.892033933673
19449,6369.889157226992
19450,5789.999160633307
19451,3660.0680481192785
19452,5889.764926706982
19453,5562.1246184164565
19454,3957.177081054532
19455,4786.709551877862
19456,5080.935480562347
19457,6021.1038507689345
19458,6572.971520865762
19459,5327.498931894151
19460,3663.410787386309
19461,5880.716629581357
19462,5890.66400400336
19463,4444.31271281711
19464,4643.217891715615
19465,6139.218807194208
19466,7536.408025460005
19467,6325.82056187768
19468,5660.151558298762
19469,6236.174478336532
19470,3850.5870083850723
19471,6268.041386974428
19472,4755.736343344505
19473,10291.638887846442
19474,5382.7741174250805
19475,4495.6209868588885
19476,4167.732280031931
19477,3219.5251439096405
19478,6557.150076377301
19479,15376.006054067791
19480,3521.9898036095
19481,3833.7016527213336
19482,7150.935559225939
19483,5296.464655337099
19484,6638.347476517465
19485,5950.289854471398
19486,4894.246448925091
19487,4459.468354253233
19488,3915.136461156431
19489,6245.050822325881
19490,4908.753645883689
19491,5720.079483250136
19492,5393.463236220812
19493,4257.855097462458
19494,5757.871642916546
19495,4904.685943018177
19496,3220.130889885965
19497,7404.223264613567
19498,6541.224147941136
19499,3766.5363095622406
19500,5687.099885445035
19501,4969.902872676658
19502,5104.517376616121
19503,7245.7812807130795
19504,5277.34194435903
19505,6734.717017709079
19506,5085.509649108647
19507,3981.138767764291
19508,6531.981051802646
19509,3114.0129608410275
19510,6255.636545803228
19511,3260.864191682972
19512,4963.991649922274
19513,4804.016162017741
19514,5884.176960036432
19515,5390.692321829437
19516,5674.800701793009
19517,5405.809293815509
19518,5845.651164626165
19519,4898.477816453621
19520,6184.043212927213
19521,5732.600698807438
19522,6103.432307130113
19523,6286.569174969537
19524,6062.978220611933
19525,3150.295002405033
19526,5026.851777212212
19527,6365.546578828915
19528,4436.503725806314
19529,7448.220896123906
19530,5287.1272725204435
19531,5074.666281897775
19532,8527.961331000675
19533,5445.542833333333
19534,3489.3311755044215
19535,15527.099431535627
19536,6596.203636599484
19537,4703.586760554903
19538,6454.119164564668
19539,7970.797115656849
19540,4887.217827672226
19541,4684.102605587298
19542,5638.631419115663
19543,4654.328586843631
19544,5281.779205452048
19545,5782.176327620449
19546,3955.2564615623287
19547,5863.176352595124
19548,5427.246061989119
19549,5094.80512336429
19550,5238.832560586214
19551,6289.5358313026
19552,5607.070476823862
19553,4002.316030386226
19554,5982.671369821304
19555,5751.8606767601905
19556,6007.65557506608
19557,5744.73310146203
19558,5406.003930690723
19559,6892.722120431056
19560,5700.69448459538
19561,4199.772233955301
19562,4749.463895731274
19563,5486.751621521519
19564,5881.713536424908
19565,4220.068898693106
19566,3820.4826711009628
19567,7109.808561569495
19568,7160.450896589127
19569,4861.0488266779985
19570,6140.527719701995
19571,5970.62853080668
19572,5177.328702739567
19573,4064.286968438996
19574,3373.1786383174367
19575,5334.524104386332
19576,5476.314200427415
19577,5328.196363183043
19578,7490.904138428904
19579,6566.397044520272
19580,4313.462349711819
19581,6434.097681444647
19582,3650.241862599806
19583,2943.9367116294834
19584,6047.020892578642
19585,11674.302841269842
19586,6010.47292546194
19587,5116.540666693197
19588,3684.3598999949168
19589,6048.089381808883
19590,6455.175203245893
19591,4751.113322038995
19592,6281.532677501169
19593,4638.979717224943
19594,4546.260890771379
19595,4535.730515180615
19596,4263.105540581441
19597,4990.69001305114
19598,3984.567846113328
19599,4380.552336572206
19600,3845.088876503701
19601,6500.157991115544
19602,5279.938357610475
19603,4239.830074871259
19604,4606.853417796545
19605,5442.701051627638
19606,4232.69158843656
19607,5080.672695339293
19608,5833.414771978233
19609,6229.553702210938
19610,4753.783419926752
19611,3371.0230512964504
19612,9915.694492397142
19613,5001.079851958829
19614,4241.122969668419
19615,6037.533149845055
19616,6342.069230749202
19617,6276.70844657451
19618,4897.561301821543
19619,6122.3205496109185
19620,7250.272422841666
19621,10503.417117046914
19622,3783.1671359689817
19623,3767.6318977954015
19624,4082.581816732904
19625,5378.69773988094
19626,5290.109042738339
19627,6408.865939448489
19628,6982.923300270736
19629,5050.402498455432
19630,3469.45736057258
19631,4874.393636710013
19632,7343.201731252
19633,3871.7343800574045
19634,5191.401895036197
19635,3461.9222201388625
19636,5559.23758156295
19637,6092.264557048017
19638,6111.949120422662
19639,7123.104552824361
19640,5907.719725033851
19641,3410.070728184739
19642,5428.726045824478
19643,6176.377712170872
19644,6852.814351609044
19645,6098.711891099261
19646,6070.274133918633
19647,4644.061881605347
19648,5894.185756885071
19649,6623.905681216155
19650,3894.769063195556
19651,9607.301465447921
19652,5476.116997533138
19653,3651.796838081152
19654,5250.86210814247
19655,5132.166503526969
19656,6073.324909837397
19657,6243.54099836739
19658,3611.757691134028
19659,3608.555972820221
19660,5304.3631560362755
19661,6259.849783229023
19662,8952.938990673567
19663,4601.684651831792
19664,5173.4615086049325
19665,4572.230846830887
19666,5359.094577854409
19667,4304.145913375738
19668,7967.946232815384
19669,6271.716445329233
19670,10634.226101856637
19671,3690.2186302885616
19672,5020.100195888426
19673,8237.188873015873
19674,7135.655780163312
19675,3965.3036969965974
19676,8011.1017273007565
19677,5404.543816016322
19678,4412.892120304647
19679,4079.8266876297084
19680,3870.3739990801614
19681,6027.084314956778
19682,4232.358129142213
19683,4186.048849503308
19684,4384.815494517383
19685,6935.9683045589345
19686,6176.004278592891
19687,19352.197305555557
19688,5646.44067063492
19689,3823.1786586870376
19690,5442.301579875858
19691,7314.083765637325
19692,4993.854286329544
19693,6062.201860635545
19694,4881.094931141257
19695,6810.569949107591
19696,5824.200617303664
19697,3819.3761015662
19698,4641.793140154071
19699,5452.338867388825
19700,6314.629562008282
19701,5766.178815850846
19702,7825.485717392353
19703,3693.841188911508
19704,3846.1057932384406
19705,4165.368001836883
19706,7509.403423296251
19707,8759.41698923284
19708,7586.981207668994
19709,5806.148418847071
19710,3540.6900985001544
19711,5474.570963671841
19712,3667.203838192311
19713,6488.608308995845
19714,8304.317712063807
19715,7097.507700051596
19716,4452.472991916194
19717,3925.1747482538008
19718,3899.6343441871386
19719,4888.277366299705
19720,8754.785860178745
19721,4960.178660734774
19722,4287.130801867974
19723,4081.6422530191817
19724,6437.714023483585
19725,3460.402180163248
19726,5635.645682372254
19727,3110.968929546191
19728,5457.93811271156
19729,5543.242632527657
19730,4793.6231779677155
19731,6130.7996987326405
19732,5874.446690842546
19733,4038.24935711107
19734,5966.510183267052
19735,5412.509223365233
19736,7884.3930028706245
19737,4773.480460886503
19738,6374.808425355511
19739,7787.922805039735
19740,7223.588211939379
19741,5814.01825761227
19742,7127.958034997277
19743,3632.605171995331
19744,5738.11631190051
19745,5213.80120763021
19746,5323.769497325635
19747,6082.855658873692
19748,5688.135843035092
19749,4978.103502964451
19750,5736.701611282053
19751,6324.880543948558
19752,7152.295270464138
19753,4919.539780858087
19754,8728.563512556848
19755,3686.5007370934095
19756,4931.583309398983
19757,6808.517200921378
19758,4213.084287699953
19759,4575.928917961012
19760,4965.614316024015
19761,5563.5695776130915
19762,4214.613106567904
19763,4283.239415703854
19764,5812.306169721963
19765,6141.629753898323
19766,5187.134725740354
19767,4509.8443062996075
19768,5833.5655632426115
19769,9817.839124263794
19770,6108.703745624699
19771,4691.919111740112
19772,4954.004577344003
19773,5747.41274625929
19774,5810.276175026237
19775,7211.512039986737
19776,4326.2599614309265
19777,5458.122313940025
19778,5315.810568024188
19779,5456.3741971500485
19780,6199.534939189401
19781,5353.530590838861
19782,4896.224621593026
19783,3842.412956160125
19784,6185.128123696225
19785,7460.104470957901
19786,4501.029280982222
19787,4002.5246079364642
19788,5375.226689124007
19789,4790.317984650134
19790,5509.129353999266
19791,6829.813869462494
19792,5591.568693589992
19793,6272.125531095752
19794,4302.670565552475
19795,5352.950742950821
19796,4673.043720567449
19797,5873.874267651604
19798,6595.121256617018
19799,6628.138758898151
19800,5944.908466296943
19801,4589.996202380488
19802,6332.57234423282
19803,5885.91913836229
19804,5217.6545866858105
19805,5624.208745340922
19806,5554.718476783272
19807,6303.786642711784
19808,6555.334154009195
19809,5755.178112494651
19810,5371.418663077305
19811,6248.017705294187
19812,5427.246061989119
19813,5463.342094853142
19814,3522.8080575957406
19815,4389.1925299667355
19816,6258.261437297111
19817,4729.116917240316
19818,4125.418330228597
19819,5139.714562913975
19820,6107.189931683371
19821,6202.7672358893005
19822,5652.864524965029
19823,5169.453984727361
19824,6083.701544959905
19825,5592.910385488757
19826,4994.258175672889
19827,4285.921931367612
19828,6266.089280594114
19829,5789.876145290287
19830,3225.339209487778
19831,5555.288289667801
19832,3753.2505644573603
19833,5996.305130142481
19834,6526.266199174018
19835,6722.065280247624
19836,7401.0328748649135
19837,4343.09356005744
19838,4442.315852090238
19839,8818.202239836244
19840,5646.944941564689
19841,6179.160248750874
19842,6860.137834521151
19843,4652.311702874709
19844,4966.2542620389695
19845,5160.9519357812715
19846,6586.303177573607
19847,6394.352994254657
19848,5795.7529918317105
19849,2383.146281196872
19850,5457.725618596663
19851,6529.834729246399
19852,7041.426147533924
19853,4818.079177733484
19854,5442.436394443847
19855,5584.023960048534
19856,4617.289868015274
19857,2962.940589160926
19858,5112.8355809796685
19859,5327.293999885593
19860,5349.359482863377
19861,5779.361199488764
19862,5246.358547602128
19863,6549.838376231417
19864,6527.172888055902
19865,5543.149645524332
19866,3703.6499771047866
19867,6163.284733932632
19868,5911.551265835598
19869,4694.472720863485
19870,6421.36325801558
19871,4291.503824586445
19872,5184.97561224101
19873,2671.5641056405007
19874,5796.99954533345
19875,3949.801044083813
19876,6299.819299828469
19877,5755.244469229789
19878,5937.810826726441
19879,7086.969758214467
19880,5304.741367584326
19881,5746.370594326934
19882,16833.53366581171
19883,7297.002761111333
19884,3859.9992136011624
19885,2246.825960531172
19886,5094.418486553046
19887,6852.024912700512
19888,5050.696714586527
19889,11193.519480392155
19890,16464.46659774436
19891,5132.372446154435
19892,4742.489636627174
19893,6133.555460582084
19894,3829.8204862549346
19895,6635.843424838077
19896,4751.297800454969
19897,6129.008882605483
19898,4816.693071428571
19899,6004.6745438698645
19900,4948.369851857732
19901,6246.455567980005
19902,6823.56224138077
19903,4714.456039255256
19904,5659.566053431943
19905,6042.984970209262
19906,4836.588237504856
19907,5063.329820151826
19908,5638.823319428158
19909,4289.138401604437
19910,4969.512523693931
19911,5211.743108976008
19912,4865.328543511639
19913,4836.031221668817
19914,6244.122794344593
19915,5647.541658815497
19916,6049.438266379932
19917,5547.867510193592
19918,5872.014268807263
19919,5018.67579216253
19920,2728.1114200396114
19921,4962.678978069441
19922,6585.290983871727
19923,4493.919868491396
19924,4839.597584507614
19925,6675.137651310074
19926,5250.4175841478955
19927,7755.325953803363
19928,6068.232810352454
19929,5544.841000918693
19930,4212.042927979836
19931,4677.6343016361125
19932,7923.607534057765
19933,4389.534934613148
19934,6722.332035707008
19935,12966.019919879138
19936,6164.365368498931
19937,5017.764325914742
19938,4681.138716940271
19939,4769.745681878088
19940,5741.367787964501
19941,3210.4269074391905
19942,5433.993511690895
19943,7894.536620468185
19944,4498.4747655208375
19945,13027.343618881117
19946,10295.07496514302
19947,4292.959993208045
19948,5675.996313096656
19949,4547.376123120529
19950,6144.267564146541
19951,4958.8799133149905
19952,9303.593100812093
19953,5231.669181619626
19954,8101.096854847528
19955,4284.744869488548
19956,6144.267564146541
19957,4236.33058288683
19958,6360.594953020803
19959,5082.43461288106
19960,4658.647538267953
19961,5383.463725255768
19962,5880.738314119942
19963,6221.744132517154
19964,6488.031957463768
19965,4661.767326397279
19966,7909.698123159494
19967,5789.876145290287
19968,7746.130095831164
19969,4463.92996001413
19970,4159.633263680834
19971,5175.007455643112
19972,6437.942519643365
19973,5535.885868933489
19974,5739.354628052475
19975,5194.894378399143
19976,7220.8969935782325
19977,4014.2573885441025
19978,8176.066397455638
19979,6096.234727271875
19980,5704.125964217036
19981,11034.948951387194
19982,13683.01755645743
19983,5632.529855202598
19984,6024.11315779897
19985,6920.888254389045
19986,6105.646615021347
19987,6511.086188113499
19988,4917.445419001419
19989,6002.940550973499
19990,4637.461903637995
19991,5718.166879674626
19992,3712.1634934379945
19993,4732.294615151661
19994,4037.9980216046456
19995,4769.59666444089
19996,6499.6940646485045
19997,4219.476052077661
19998,3572.2895910408674
19999,4657.248638596888
20000,3577.908758696639
20001,3799.132301543436
20002,4651.525731770865
20003,4950.827571937287
20004,5921.410283259257
20005,5849.354798580716
20006,6286.660034543847
20007,5080.3764859949915
20008,5593.807533485288
20009,6690.623384973603
20010,6156.3289463097035
20011,3996.5684595123907
20012,4553.439827943683
20013,8223.219004784542
20014,5808.1071169657025
20015,6118.721262755376
20016,3058.749954489232
20017,4206.091566053452
20018,5454.41051046349
20019,5230.315675283019
20020,4428.434602682624
20021,6011.160634137386
20022,5844.895031043897
20023,10512.97001025918
20024,5072.938027593033
20025,6971.044369403245
20026,2827.646532571116
20027,4852.037495242657
20028,5672.487894849986
20029,3336.394685906395
20030,7079.8101341646325
20031,4114.530299532842
20032,6129.725204639856
20033,6189.38952292709
20034,8817.070736571563
20035,6913.892846860329
20036,4622.731771519918
20037,4142.872827941225
20038,7433.989951057148
20039,5921.410283259257
20040,4788.214986721895
20041,4054.8389141846314
20042,5714.646215778561
20043,6935.678971706242
20044,3847.4328841890824
20045,5150.950261301239
20046,5632.143700836558
20047,6359.139290796274
20048,9557.114428439636
20049,4885.02458487253
20050,13650.562745672203
20051,5671.0805632325355
20052,5207.112031509795
20053,2980.8348745784474
20054,5032.003562590304
20055,4914.175891970134
20056,4197.682701134378
20057,5848.830073212327
20058,4078.624590169541
20059,4766.750070173535
20060,5150.414830936964
20061,5706.720258791138
20062,7193.617744128293
20063,5137.256761880077
20064,6274.45575742205
20065,5942.797505850909
20066,4237.614547519318
20067,6406.946261395369
20068,7753.833322595091
20069,4643.625002606256
20070,5145.50280602909
20071,5858.879903687747
20072,8026.777813822682
20073,5411.260291057179
20074,4447.488113435925
20075,5852.903386714327
20076,6430.054406311035
20077,5940.192092088988
20078,5006.082634181252
20079,6207.624518015033
20080,4980.973168514409
20081,5436.010267808203
20082,5052.42516495295
20083,6857.096668554446
20084,4722.7928401305035
20085,6060.69287620915
20086,4868.661122606028
20087,3973.808192550611
20088,3731.4889761114696
20089,3810.4133154111246
20090,7024.025159198965
20091,7142.355077570139
20092,8036.728226291017
20093,9912.44455764605
20094,5527.0745858684495
20095,5557.553910033862
20096,6137.3355764063635
20097,6468.160888526866
20098,6207.624518015033
20099,5340.510639218623
20100,5157.227187980281
20101,6267.402766631975
20102,5062.1914276106345
20103,3488.8574586523964
20104,9562.2280295158
20105,4571.518390764957
20106,6052.9231311322255
20107,5069.157444603712
20108,1885.2030299415337
20109,7064.820936036068
20110,5050.790569596257
20111,4397.933782498189
20112,5818.248229425786
20113,4638.986613562017
20114,6097.878963692622
20115,5464.858376983218
20116,5444.963278355074
20117,4375.14200963043
20118,3863.4355609474314
20119,3448.694280012711
20120,3184.7610627944614
20121,5711.349469214375
20122,14120.108642857147
20123,4473.219824113949
20124,4450.942340404285
20125,5352.827701058501
20126,4802.761239336366
20127,4082.23219947936
20128,4356.81129697116
20129,3547.4375239533333
20130,6162.595666207804
20131,4978.53460220695
20132,3362.424392483421
20133,5745.483161742948
20134,4007.84878695176
20135,4205.461638977784
20136,5783.604341253289
20137,6079.082405599981
20138,9243.816734243614
20139,4324.784735705413
20140,5522.07638727051
20141,3910.2573485681773
20142,4598.394727007451
20143,12528.33684267646
20144,8460.552340559332
20145,5541.8109490632105
20146,4127.079027975314
20147,4209.327001371522
20148,4877.851941269792
20149,4770.838271117565
20150,7872.434818714709
20151,4457.048241769414
20152,4764.223598639141
20153,5473.849526933478
20154,4057.1350200667453
20155,5122.312007921897
20156,6377.329227120205
20157,5690.876845819317
20158,5313.485976956556
20159,3350.011795435049
20160,5165.848697420339
20161,5564.2674890967955
20162,7562.822533639976
20163,6580.319808422776
20164,5553.335975699751
20165,3685.8152293117782
20166,6970.115484053052
20167,4857.9700804334
20168,5798.363440859789
20169,5994.573797645211
20170,6142.443153984092
20171,5506.492253693192
20172,4963.906220198301
20173,6001.4530767168735
20174,6038.379460986926
20175,4732.83959734172
20176,5738.607945868002
20177,5645.279492025293
20178,4091.105404917557
20179,7402.8818773056255
20180,4819.97383864933
20181,4339.442358844542
20182,6758.939509509685
20183,4454.477485725656
20184,3154.20614966518
20185,6200.24256603988
20186,7397.867204405677
20187,7864.562706113947
20188,4550.050939968224
20189,6089.480638263861
20190,5491.791668265542
20191,6160.420091906591
20192,4910.554006345675
20193,6215.197555925773
20194,2767.892034651758
20195,4599.713278009966
20196,5188.4149527804
20197,5520.3939033362285
20198,4213.3124654716175
20199,5849.345256503552
20200,5816.33557657194
20201,6048.101288138199
20202,6577.779326871004
20203,4881.994820965956
20204,5902.211644209309
20205,4792.93813179626
20206,5555.834299803376
20207,5520.684872958389
20208,5506.043928526982
20209,6569.272887664411
20210,3517.9974440920314
20211,8164.158608439681
20212,6061.249488948739
20213,6047.144744973381
20214,4438.758453887242
20215,3170.7809336200526
20216,5228.5921409335015
20217,4836.13775503707
20218,6197.33311748212
20219,5584.856133137725
20220,4839.903227698811
20221,6368.546918994649
20222,5157.343086530989
20223,4401.675188274203
20224,6727.248603170822
20225,4415.724230272675
20226,6140.334242817513
20227,8451.700258739656
20228,6643.758279455191
20229,5788.287452284125
20230,4198.72948279109
20231,3508.2871939414
20232,2765.4885987244843
20233,6342.954831855509
20234,4546.237559109312
20235,6242.141729724017
20236,3551.6500873855566
20237,5380.800129550466
20238,5300.403969500978
20239,7296.041164916945
20240,4039.5934643396427
20241,4743.453266700783
20242,3821.6985219676153
20243,6581.7151854448775
20244,4740.2426310268065
20245,5684.265143818749
20246,6283.373676552012
20247,7952.416062874885
20248,5504.446063538277
20249,6384.358744124745
20250,5751.91280035865
20251,4072.5366960671613
20252,4544.963690796728
20253,6822.3522436984695
20254,7243.333434918547
20255,6501.178142205616
20256,14005.073456515702
20257,4770.714623652793
20258,4689.287948679331
20259,4798.477998477122
20260,6448.606797737046
20261,6477.639536291258
20262,5655.989563936106
20263,5764.070801495911
20264,6197.33311748212
20265,6393.931253926713
20266,4864.540692554044
20267,4151.358718900192
20268,5926.127003423607
20269,3974.199504001508
20270,4048.735838863146
20271,3931.007959642901
20272,6444.441754298364
20273,13615.321035096315
20274,6113.052532671927
20275,5351.474494084151
20276,5425.203855414487
20277,3346.9254300074826
20278,5536.0051067482555
20279,3270.993310021735
20280,7688.179385494462
20281,5581.167229182982
20282,5639.306865325845
20283,6777.982057679707
20284,11695.52343037518
20285,4209.318750808063
20286,6033.045563149876
20287,3201.3064815242265
20288,5094.843816517018
20289,6116.060598082133
20290,7165.031312596707
20291,3894.9014120137235
20292,3707.4175541342106
20293,4875.955785473253
20294,4579.458845149059
20295,5747.974510711881
20296,5041.556053552383
20297,6043.673503165765
20298,5741.149457128215
20299,6360.577914947652
20300,5510.573440556999
20301,5060.334558195294
20302,3583.7462612843474
20303,6222.604374339647
20304,4096.104525161742
20305,6369.889157226992
20306,5789.999160633307
20307,3645.8150284412445
20308,5889.764926706982
20309,5531.844728706246
20310,3925.0557574186514
20311,4800.599183456809
20312,5067.905223166962
20313,6021.1038507689345
20314,6557.307302719044
20315,5327.498931894151
20316,3674.3077455420494
20317,5880.716629581357
20318,5925.945337336693
20319,4468.04650327272
20320,4606.925747035896
20321,6139.218807194208
20322,7536.408025460005
20323,6003.777326674978
20324,5660.151558298762
20325,6236.174478336532
20326,3850.5870083850723
20327,6268.041386974428
20328,4755.736343344505
20329,10306.73042641587
20330,5382.7741174250805
20331,4436.0549893558755
20332,4179.362709141427
20333,3133.2005019645335
20334,6542.439121803364
20335,15376.006054067791
20336,3521.9898036095
20337,3805.1984686781784
20338,7201.2876935147715
20339,5276.248999895837
20340,6187.098018158312
20341,5950.289854471398
20342,4894.246448925091
20343,4379.323314557636
20344,3907.7135987818115
20345,6245.050822325881
20346,4922.641748297698
20347,5720.079483250136
20348,5393.463236220812
20349,4285.452104127264
20350,5757.871642916546
20351,4904.685943018177
20352,3205.7204037748543
20353,7408.129749656302
20354,6541.224147941136
20355,3801.741910307861
20356,5687.099885445035
20357,4940.030895714078
20358,5104.517376616121
20359,7270.088196074463
20360,5277.34194435903
20361,6639.707572933425
20362,5085.509649108647
20363,3983.8320134509718
20364,6531.981051802646
20365,3047.429527296932
20366,6255.636545803228
20367,3154.429381148993
20368,4950.7939348502805
20369,4804.016162017741
20370,5884.176960036432
20371,5390.692321829437
20372,5674.800701793009
20373,5405.809293815509
20374,5845.651164626165
20375,4915.8332189571765
20376,6186.717234890582
20377,5687.458465193993
20378,6099.420531198366
20379,6286.569174969537
20380,6092.761315750966
20381,3123.467320586851
20382,5040.999730993724
20383,6365.546578828915
20384,4436.503725806314
20385,7448.220896123906
20386,5287.1272725204435
20387,5106.176269981589
20388,8526.81483006259
20389,5640.083345238095
20390,3489.3311755044215
20391,15691.884431535627
20392,6596.203636599484
20393,4703.586760554903
20394,6454.119164564668
20395,9204.667998914672
20396,4887.217827672226
20397,4746.789039040598
20398,5638.631419115663
20399,4693.579606710803
20400,5361.896545931829
20401,5777.558683498257
20402,3946.7549020385195
20403,6243.014964793483
20404,5427.246061989119
20405,5110.140583374056
20406,5238.832560586214
20407,6289.5358313026
20408,5607.070476823862
20409,3983.197739872392
20410,5982.671369821304
20411,5751.8606767601905
20412,6007.65557506608
20413,5752.855387176316
20414,5418.650181912172
20415,6892.722120431056
20416,5700.69448459538
20417,4207.420509988913
20418,4749.463895731274
20419,5486.751621521519
20420,5881.713536424908
20421,4246.434890363997
20422,3814.497171100963
20423,6423.928715153837
20424,7184.9150436550235
20425,4861.167025553771
20426,6140.527719701995
20427,5970.62853080668
20428,5053.289202361985
20429,3948.150035918883
20430,3373.1786383174367
20431,5334.524104386332
20432,5476.314200427415
20433,5328.196363183043
20434,7553.486325039492
20435,6631.715662645959
20436,4299.205687181622
20437,6434.097681444647
20438,3639.83743622063
20439,2985.5126700506644
20440,6015.333284463821
20441,12301.200126262629
20442,6010.47292546194
20443,5116.540666693197
20444,3684.3598999949168
20445,6048.089381808883
20446,6341.116556330905
20447,4668.496510073183
20448,6447.155158520723
20449,4620.032189752415
20450,4632.077279660268
20451,4520.993786872053
20452,4240.2614725780095
20453,4993.403570363394
20454,3953.281724523671
20455,4380.552336572206
20456,3845.065535929326
20457,6500.157991115544
20458,5396.501654119126
20459,4140.787383557639
20460,4610.126904809532
20461,5442.701051627638
20462,4145.724587533187
20463,5072.352665820886
20464,5833.414771978233
20465,6229.553702210938
20466,4753.783419926752
20467,3365.5088411493834
20468,10208.537237613378
20469,4987.914039113898
20470,4175.5360034764235
20471,6037.533149845055
20472,6360.841730282348
20473,6276.70844657451
20474,4888.30068291311
20475,6124.611686814658
20476,7199.145671874655
20477,10420.339108389177
20478,3773.3972117265575
20479,3764.582676850319
20480,4076.0269807540676
20481,5369.658298697688
20482,5297.189709405006
20483,6314.4512532907875
20484,6940.395604410151
20485,5050.402498455432
20486,3469.45736057258
20487,5193.285514318999
20488,7343.201731252
20489,3862.0852910943795
20490,5191.401895036197
20491,3461.9222201388625
20492,5395.725585262682
20493,5982.903852526175
20494,6111.949120422662
20495,7123.104552824361
20496,5903.04612914344
20497,3410.070728184739
20498,5428.726045824478
20499,6241.330654682126
20500,6832.364351609044
20501,6098.711891099261
20502,6070.274133918633
20503,4580.778475039893
20504,5888.678064577378
20505,6623.905681216155
20506,3897.0073187039447
20507,9627.984460968411
20508,5476.116997533138
20509,3663.676233197148
20510,5250.86210814247
20511,5202.794937643831
20512,6047.674465392954
20513,6243.54099836739
20514,3531.135530761722
20515,3625.2519070393128
20516,5304.3631560362755
20517,6266.9334611809745
20518,8919.223073421954
20519,4563.42831247646
20520,5226.671700117263
20521,4487.0838452227
20522,5359.094577854409
20523,4304.145913375738
20524,7962.371525123076
20525,6271.716445329233
20526,11321.050332737537
20527,3690.822023145705
20528,4874.373828306559
20529,8281.176206349206
20530,7121.678847615989
20531,3970.0610756373744
20532,7962.783623621525
20533,5370.130440354946
20534,4342.405357051521
20535,4075.43286727757
20536,3918.0204930110676
20537,6027.084314956778
20538,4230.457544689793
20539,4186.048849503308
20540,4384.815494517383
20541,6948.727938865483
20542,6176.004278592891
20543,19107.571814102557
20544,5187.942273809524
20545,3944.339531069845
20546,5402.430175338572
20547,7314.083765637325
20548,5017.703079520297
20549,6062.201860635545
20550,4923.333573196592
20551,6842.019625256317
20552,5825.924172439204
20553,3691.9517239106826
20554,4839.113793245971
20555,5452.338867388825
20556,6314.629562008282
20557,5770.9688554548065
20558,7825.485717392353
20559,3700.2467179279465
20560,3846.1057932384406
20561,4165.368001836883
20562,7516.236000208144
20563,9712.106117831032
20564,7588.649533065819
20565,5806.148418847071
20566,3385.09374109933
20567,5474.570963671841
20568,3670.5159934690655
20569,6495.965305373272
20570,8309.35345457477
20571,7201.900319400976
20572,4452.472991916194
20573,3897.6045730087026
20574,3846.5368956336747
20575,4909.70013027486
20576,8711.37128596565
20577,5405.393852760667
20578,4290.455799782034
20579,4081.6350529306164
20580,6423.518973868235
20581,3605.507727227887
20582,5635.645682372254
20583,3118.119391587897
20584,5457.93811271156
20585,5543.242632527657
20586,4793.6231779677155
20587,6114.71179511665
20588,5874.446690842546
20589,4259.409262052416
20590,5966.510183267052
20591,5412.509223365233
20592,8043.41141324431
20593,5172.52696283067
20594,6407.121800220632
20595,7655.159961270535
20596,7223.588211939379
20597,5814.01825761227
20598,7136.093184608704
20599,3641.7672958042585
20600,5741.335236092564
20601,5213.80120763021
20602,5323.769497325635
20603,6082.855658873692
20604,5792.127584452604
20605,4978.103502964451
20606,5736.701611282053
20607,6324.880543948558
20608,7160.430420075569
20609,4919.539780858087
20610,8728.563512556848
20611,3686.5007370934095
20612,4956.382975030738
20613,6808.517200921378
20614,4213.084287699953
20615,4618.825322722917
20616,4965.614316024015
20617,5563.5695776130915
20618,4250.50723955651
20619,4458.515010615438
20620,5812.306169721963
20621,6123.945276868047
20622,5209.660566997054
20623,4501.089780298486
20624,5838.033312943369
20625,9842.24887595953
20626,6108.703745624699
20627,4691.919111740112
20628,4954.004577344003
20629,5747.41274625929
20630,5812.481561707225
20631,7211.512039986737
20632,4345.285674457798
20633,5458.122313940025
20634,5408.9364956349555
20635,5821.347407434287
20636,6199.534939189401
20637,5357.075952832979
20638,4896.224621593026
20639,3889.6073054175636
20640,6193.901150816163
20641,7503.441801699705
20642,4509.640467898842
20643,4061.1681837993324
20644,5375.226689124007
20645,4824.693065826719
20646,5509.129353999266
20647,6832.789080105509
20648,5619.546093029769
20649,6282.849525932167
20650,4465.49183228207
20651,5356.496104944939
20652,4693.608025329898
20653,5873.874267651604
20654,6588.358704160147
20655,6628.138758898151
20656,5944.908466296943
20657,4626.592259320328
20658,6332.57234423282
20659,5885.91913836229
20660,5222.011491447715
20661,5624.208745340922
20662,5652.353948092525
20663,6303.786642711784
20664,6550.64639422512
20665,5755.178112494651
20666,5371.418663077305
20667,6277.493216385765
20668,5427.246061989119
20669,5449.250293504556
20670,3538.4641239879124
20671,4389.1925299667355
20672,6258.261437297111
20673,4724.424754750758
20674,4127.863975832994
20675,5139.714562913975
20676,6120.549346503486
20677,6202.7672358893005
20678,5652.864524965029
20679,5169.453984727361
20680,6083.701544959905
20681,5592.910385488757
20682,4994.258175672889
20683,4433.079828850019
20684,6266.089280594114
20685,5789.876145290287
20686,3516.239547531016
20687,5555.288289667801
20688,3759.7364552292393
20689,5996.305130142481
20690,6582.269559025535
20691,6726.458656871
20692,7401.0328748649135
20693,4343.09356005744
20694,4458.976392139156
20695,9044.74830650604
20696,5646.944941564689
20697,6179.160248750874
20698,6860.137834521151
20699,4652.311702874709
20700,4966.2542620389695
20701,5188.45918759159
20702,6564.796435836338
20703,6394.352994254657
20704,5795.7529918317105
20705,2397.203298862239
20706,5457.725618596663
20707,6534.432187041832
20708,7134.949759168934
20709,4859.052918714726
20710,5761.018957365675
20711,5587.229098937423
20712,4614.512645793051
20713,2975.2958343930122
20714,5116.062961932048
20715,5327.293999885593
20716,5355.640720958614
20717,5826.406954838632
20718,5246.358547602128
20719,6545.150616447342
20720,6527.172888055902
20721,5543.149645524332
20722,3703.6499771047866
20723,6163.284733932632
20724,5911.551265835598
20725,4698.593904536955
20726,6572.10900799582
20727,4311.434669314614
20728,5184.97561224101
20729,2878.0941326250095
20730,5801.729350379111
20731,3946.970356583813
20732,6299.819299828469
20733,5755.244469229789
20734,6798.564015892907
20735,7104.246922915394
20736,5304.741367584326
20737,5746.370594326934
20738,16808.688321433234
20739,7640.475758449222
20740,4153.036573858071
20741,2250.4413652930766
20742,5094.418486553046
20743,6843.379054984484
20744,5052.335600456093
20745,11447.020928571426
20746,17964.316004578763
20747,5208.047567195277
20748,4739.211414404952
20749,6141.426668915418
20750,3829.8204862549346
20751,6868.113555191984
20752,4848.307212253587
20753,6129.008882605483
20754,4824.5495
20755,6335.6628416992935
20756,4948.369851857732
20757,6275.931079071582
20758,6823.56224138077
20759,5283.046659735468
20760,5659.566053431943
20761,6050.514186786725
20762,4834.69269205031
20763,5063.329820151826
20764,5665.139757220492
20765,4290.635350017135
20766,4969.512523693931
20767,5211.743108976008
20768,4865.328543511639
20769,4829.8869359545315
20770,6244.122794344593
20771,5647.541658815497
20772,6049.438266379932
20773,5547.867510193592
20774,5833.61759454623
20775,4819.587253132072
20776,2747.5599497859425
20777,4958.824971512065
20778,6585.290983871727
20779,4529.0479835936085
20780,4836.3193622853905
20781,6678.415984643408
20782,5250.4175841478955
20783,7794.276517866694
20784,6068.232810352454
20785,5544.841000918693
20786,4230.816058143369
20787,4677.6343016361125
20788,7938.012846728948
20789,4389.534934613148
20790,7214.125362252604
20791,13170.657391817724
20792,6174.1307240216365
20793,5015.9028596178805
20794,4690.163493371247
20795,4773.2910438722065
20796,5741.367787964501
20797,3239.648432823445
20798,5493.009357485514
20799,7901.369197380078
20800,4515.072549585398
20801,13003.51081043956
20802,10703.406967879744
20803,4292.095826541378
20804,5784.85556307324
20805,4559.5624929933865
20806,6144.267564146541
20807,4958.8799133149905
20808,9484.43768646111
20809,5231.669181619626
20810,8103.328040690553
20811,4296.420224469663
20812,6144.267564146541
20813,4302.740242357229
20814,6360.594953020803
20815,5082.43461288106
20816,4699.119286111204
20817,5319.179669821498
20818,5885.288644400772
20819,6226.4840196408995
20820,6488.031957463768
20821,4661.767326397279
20822,7919.5119442072055
20823,5789.876145290287
20824,8572.99180952381
20825,4452.517547993949
20826,4159.633263680834
20827,5175.007455643112
20828,6437.942519643365
20829,5535.885868933489
20830,5807.5923607023515
20831,5210.258685144489
20832,7220.8969935782325
20833,4014.2573885441025
20834,7839.280515934917
20835,6096.234727271875
20836,5704.125964217036
20837,11018.445118053858
20838,15284.580362933579
20839,5632.529855202598
20840,6024.11315779897
20841,6916.607752554763
20842,6105.646615021347
20843,6515.797192305031
20844,4917.445419001419
20845,6002.940550973499
20846,4637.461903637995
20847,5718.166879674626
20848,3712.1634934379945
20849,4735.6336032469
20850,4037.9980216046456
20851,4773.71784811436
20852,6499.6940646485045
20853,4242.0727711851
20854,3572.2895910408674
20855,4657.248638596888
20856,3567.6597109745994
20857,3799.132301543436
20858,4651.525731770865
20859,4963.134473273734
20860,5921.410283259257
20861,5849.354798580716
20862,6286.660034543847
20863,5222.503788602188
20864,5593.807533485288
20865,6690.623384973603
20866,6166.2819598711285
20867,3996.5684595123907
20868,4553.439827943683
20869,9202.968504286564
20870,5821.60258150615
20871,6118.721262755376
20872,3085.7460282036454
20873,4210.737028397781
20874,5727.867689200898
20875,5264.972288705723
20876,4466.449379234553
20877,6011.160634137386
20878,5844.895031043897
20879,10535.642552833639
20880,5072.938027593033
20881,6991.057940831818
20882,2945.785762352368
20883,4864.490696991651
20884,5672.487894849986
20885,3336.394685906395
20886,7098.855169806272
20887,4114.530299532842
20888,6129.725204639856
20889,6189.38952292709
20890,9254.987687758052
20891,6948.929371279448
20892,4622.731771519918
20893,4142.872827941225
20894,7433.989951057148
20895,5921.410283259257
20896,4986.070192028832
20897,4054.8389141846314
20898,5714.646215778561
20899,6952.751470116779
20900,3847.4328841890824
20901,5150.950261301239
20902,5632.143700836558
20903,6359.139290796274
20904,9557.114428439636
20905,4885.02458487253
20906,13885.548206349205
20907,5753.450098647276
20908,5207.112031509795
20909,2993.107067264007
20910,5066.80770825847
20911,4927.132664928924
20912,4197.682701134378
20913,5830.948193270718
20914,4078.624590169541
20915,4766.750070173535
20916,5150.414830936964
20917,5712.952801294204
20918,7540.158470869565
20919,5230.322431230221
20920,6274.45575742205
20921,5942.797505850909
20922,4241.5295739302155
20923,6406.946261395369
20924,8471.41033645946
20925,4647.133222303226
20926,5263.280526796726
20927,5863.023227217159
20928,8666.055965673335
20929,5411.260291057179
20930,4459.318790306673
20931,5896.039614901916
20932,6476.890066124459
20933,5940.192092088988
20934,5006.082634181252
20935,6207.624518015033
20936,4980.973168514409
20937,5462.776947295383
20938,5052.42516495295
20939,6857.096668554446
20940,4730.152280606694
20941,6060.69287620915
20942,4868.661122606028
20943,4047.7063426462937
20944,3894.5001610048466
20945,3822.121450444883
20946,7029.991531446789
20947,7142.355077570139
20948,8036.728226291017
20949,10530.785527722926
20950,5527.0745858684495
20951,5557.553910033862
20952,6137.3355764063635
20953,6468.160888526866
20954,6207.624518015033
20955,5350.088835073715
20956,5157.227187980281
20957,6267.402766631975
20958,5071.541350952158
20959,3655.2173615414595
20960,10029.56995453621
20961,4571.518390764957
20962,6052.9231311322255
20963,5308.509555844389
20964,1879.0557025467067
20965,7064.820936036068
20966,5159.968226334535
20967,4397.933782498189
20968,5818.248229425786
20969,4712.895427230821
20970,6097.878963692622
20971,5475.623135641226
20972,5571.159479962586
20973,4375.14200963043
20974,3926.462624200146
20975,3448.694280012711
20976,3188.4348235087473
20977,5711.349469214375
20978,14462.560761904766
20979,4478.886441761007
20980,4450.942340404285
20981,5399.29530077428
20982,4802.761239336366
20983,4082.23219947936
20984,4406.719682568557
20985,3547.4375239533333
20986,6182.985226691674
20987,4978.53460220695
20988,3365.8484575996995
20989,5754.271075677375
20990,4007.84878695176
20991,4246.1620748258
20992,5783.604341253289
20993,6083.196332683314
20994,10346.1510465368
20995,4324.784735705413
20996,5522.07638727051
20997,3910.2573485681773
20998,4630.292603853193
20999,12619.365351625751
21000,8481.727238375353
21001,5541.8109490632105
21002,4156.316041427921
21003,4209.327001371522
21004,4992.619847567463
21005,4770.838271117565
21006,7872.434818714709
21007,4485.725283370947
21008,5450.34816259968
21009,5414.273560561941
21010,4082.1260518127765
21011,5122.312007921897
21012,6322.394643657382
21013,5690.876845819317
21014,5304.543199178778
21015,3350.872579748774
21016,5184.804001319234
21017,5564.2674890967955
21018,7643.626427882209
21019,6869.330109997352
21020,5553.335975699751
21021,3685.8152293117782
21022,6970.115484053052
21023,4876.015226466365
21024,5798.363440859789
21025,6000.300200879431
21026,6142.443153984092
21027,5506.492253693192
21028,4963.906220198301
21029,6001.4530767168735
21030,6106.998874267228
21031,4740.095021904243
21032,5747.459710935869
21033,5645.363301549102
21034,4091.105404917557
21035,7402.877648144156
21036,4819.97383864933
21037,4311.827886716954
21038,6758.939509509685
21039,4454.212815867762
21040,3139.025990532986
21041,6219.042317283663
21042,7681.694738095239
21043,7880.192916078417
21044,4552.69025134547
21045,6089.480638263861
21046,5572.054284175604
21047,6307.57454274229
21048,4910.554006345675
21049,6610.386710607323
21050,2770.731883136606
21051,4607.072718486157
21052,5188.4149527804
21053,5520.3939033362285
21054,4213.3124654716175
21055,5849.345256503552
21056,5822.881313899128
21057,6048.101288138199
21058,6612.869806558677
21059,4978.988234714237
21060,5902.211644209309
21061,4797.718371190199
21062,5555.834299803376
21063,5586.489656513889
21064,5519.432900001115
21065,6591.910069534762
21066,3517.9974440920314
21067,8155.547179868253
21068,6101.092091949984
21069,6047.144744973381
21070,4460.402676109463
21071,3155.600774487859
21072,5228.5921409335015
21073,4836.13775503707
21074,6197.33311748212
21075,5603.773950358914
21076,4843.3385239656645
21077,6368.546918994649
21078,5189.873352647636
21079,4395.80955155309
21080,6734.396200517849
21081,4412.578420748865
21082,6140.334242817513
21083,8466.299131221664
21084,6655.084714657836
21085,5788.287452284125
21086,4208.560651796856
21087,3515.009767424457
21088,2788.5396910627455
21089,6350.458551164997
21090,4572.945627052169
21091,6242.141729724017
21092,3551.6500873855566
21093,5408.962644869174
21094,5300.403969500978
21095,7315.372231233953
21096,4039.5934643396427
21097,4753.490124777348
21098,4229.08041198277
21099,6582.520992609848
21100,4740.2426310268065
21101,5666.383263877139
21102,6668.954937466617
21103,7952.416062874885
21104,5517.835035012408
21105,6384.358744124745
21106,5751.91280035865
21107,4072.5366960671613
21108,4544.963690796728
21109,6822.3522436984695
21110,7237.586994648391
21111,6501.178142205616
21112,14163.637940476192
21113,4770.714623652793
21114,4702.696357173615
21115,4902.5852805287
21116,6448.606797737046
21117,6477.639536291258
21118,5655.989563936106
21119,5764.070801495911
21120,6197.33311748212
21121,6457.031039590143
21122,4716.806592739862
21123,4149.090544531622
21124,5941.522287292561
21125,3995.4067831552743
21126,4112.518427273049
21127,3931.007959642901
21128,6853.924291679604
21129,13686.05218137255
21130,6113.052532671927
21131,5355.892262679193
21132,5430.565074657201
21133,3409.177424810403
21134,5536.0051067482555
21135,3292.8527891216136
21136,7733.2156521228035
21137,5581.167229182982
21138,5639.306865325845
21139,6789.002854427676
21140,11716.852787518037
21141,4189.225717894698
21142,6126.627998069994
21143,3211.5955112734227
21144,5201.703375310515
21145,6120.655872411073
21146,7202.416345016428
21147,3894.9014120137235
21148,3741.189161161764
21149,4903.0085265073585
21150,4631.513995796881
21151,5715.931800158067
21152,5041.556053552383
21153,6043.673503165765
21154,5768.349989479717
21155,6360.577914947652
21156,5510.573440556999
21157,5060.334558195294
21158,3583.7462612843474
21159,6222.604374339647
21160,4097.367858495076
21161,6379.463257619474
21162,5789.999160633307
21163,4197.5373024240125
21164,5889.764926706982
21165,5598.050541317734
21166,3962.013543104466
21167,4803.819583456809
21168,5100.517461243351
21169,6052.019117898612
21170,6557.307302719044
21171,5327.498931894151
21172,3754.623221765578
21173,5913.6810843598105
21174,5956.346676915692
21175,4468.04650327272
21176,4616.497559519505
21177,6143.814081523148
21178,7600.582396547644
21179,6898.244779649127
21180,5660.151558298762
21181,6236.174478336532
21182,3850.5870083850723
21183,6268.041386974428
21184,4802.283624531733
21185,10334.392318583139
21186,5382.7741174250805
21187,4449.202169871211
21188,4193.663952026602
21189,2984.166711190478
21190,6560.608706125797
21191,15394.101446009183
21192,3521.9898036095
21193,3827.2006859630187
21194,7275.236222041901
21195,5272.888272085521
21196,6190.486141707507
21197,5950.289854471398
21198,4894.246448925091
21199,4538.667656965228
21200,3907.7135987818115
21201,6245.050822325881
21202,4927.045637186587
21203,5730.634365376368
21204,5393.463236220812
21205,4300.82931872961
21206,5757.871642916546
21207,4904.685943018177
21208,3195.7068617597774
21209,7416.858598695918
21210,6541.224147941136
21211,3823.7886141732083
21212,5687.099885445035
21213,5242.279895285636
21214,5104.517376616121
21215,7949.443326718899
21216,5277.34194435903
21217,6666.975397762459
21218,5085.509649108647
21219,3994.1743445208676
21220,6531.981051802646
21221,3102.4088292854804
21222,6255.636545803228
21223,3213.1309740928623
21224,5312.427676266029
21225,4804.016162017741
21226,5884.176960036432
21227,5395.598399830359
21228,5674.800701793009
21229,5405.809293815509
21230,5845.651164626165
21231,4920.237107846066
21232,6374.194896918962
21233,5668.326003553781
21234,6099.420531198366
21235,6286.569174969537
21236,6086.11147054123
21237,3231.6131214526517
21238,5051.745602205846
21239,6365.546578828915
21240,5724.038033848466
21241,7520.9945146398495
21242,5299.7442311430605
21243,5565.251764406056
21244,8860.610484127934
21245,5735.966904761905
21246,3489.3311755044215
21247,16283.522608333165
21248,6603.694269652706
21249,4703.586760554903
21250,6454.119164564668
21251,8390.523435666388
21252,4902.582134417573
21253,4771.000975195391
21254,5638.631419115663
21255,4801.1205245584515
21256,5371.666506610039
21257,5777.558683498257
21258,4001.8395098604587
21259,6009.939232650626
21260,5427.246061989119
21261,5152.657690036932
21262,5238.832560586214
21263,6289.5358313026
21264,5610.666263107754
21265,4058.2300871198204
21266,5982.671369821304
21267,5751.8606767601905
21268,6007.65557506608
21269,5764.821629681061
21270,5529.80579575566
21271,6902.535941478768
21272,5700.69448459538
21273,4201.566843322246
21274,4749.463895731274
21275,5486.751621521519
21276,5881.713536424908
21277,4252.710949670961
21278,3816.7397365001657
21279,6398.042309355477
21280,7265.8187648621715
21281,4886.636698287019
21282,6140.527719701995
21283,5970.62853080668
21284,5066.2643338176795
21285,3952.7427109889104
21286,3375.982417617833
21287,5334.524104386332
21288,5476.314200427415
21289,5328.196363183043
21290,8029.492708299108
21291,6724.252801592719
21292,4433.118176225412
21293,6434.097681444647
21294,3639.610769553963
21295,3040.6165982677644
21296,6097.516040163679
21297,12507.446658730163
21298,6010.47292546194
21299,5116.540666693197
21300,3684.3598999949168
21301,6048.089381808883
21302,6347.355405930506
21303,4618.8824748167735
21304,6446.915719209051
21305,4620.032189752415
21306,4928.165146458334
21307,4632.747826573583
21308,4557.067076422032
21309,5032.782280743137
21310,3956.1517191357398
21311,4380.552336572206
21312,3845.3591243851824
21313,6500.157991115544
21314,5401.6928864753245
21315,4153.354454986211
21316,4610.126904809532
21317,5442.701051627638
21318,4225.3936368758405
21319,5166.671266347695
21320,5833.414771978233
21321,6229.553702210938
21322,4753.783419926752
21323,3365.5088411493834
21324,10208.537237613378
21325,5113.797477183876
21326,4203.299789190709
21327,6037.533149845055
21328,6895.795307900725
21329,6276.70844657451
21330,4888.1368661196875
21331,6161.351003591814
21332,7194.6015062488905
21333,10345.854496669743
21334,3773.3972117265575
21335,3767.7147391213807
21336,4076.0269807540676
21337,5386.972765710845
21338,5340.824542738339
21339,6329.0817510966735
21340,6940.395604410151
21341,5054.76287724331
21342,3469.45736057258
21343,5329.229522105892
21344,7343.201731252
21345,3870.1129860673655
21346,5191.401895036197
21347,3463.8368487102916
21348,6054.400121794872
21349,6041.299443765405
21350,6111.949120422662
21351,7131.43666816805
21352,5906.385325572012
21353,3410.070728184739
21354,5428.726045824478
21355,6238.8437429457135
21356,6837.16296554408
21357,6098.711891099261
21358,6070.274133918633
21359,4586.332554971867
21360,5896.576228867056
21361,6623.905681216155
21362,3895.4889853706113
21363,9651.479910314818
21364,5476.116997533138
21365,3675.6354973202037
21366,5250.86210814247
21367,5433.1774601754705
21368,6074.540613661351
21369,6243.54099836739
21370,3739.901996031746
21371,3671.2340448251753
21372,5304.3631560362755
21373,6367.733276581237
21374,9570.030859547827
21375,4574.611544122084
21376,5359.850794550978
21377,4503.110608447049
21378,5359.094577854409
21379,4307.081825374899
21380,7962.371525123076
21381,6271.716445329233
21382,11446.880660211915
21383,3701.837073145705
21384,4874.373828306559
21385,8335.252515873017
21386,7396.391062178092
21387,3970.0610756373744
21388,8417.80191645762
21389,5570.212146246552
21390,4335.064523718187
21391,4090.4244742639944
21392,3952.64709557517
21393,6027.084314956778
21394,4230.908516674912
21395,4187.840782378612
21396,4387.751406516543
21397,7098.806587588484
21398,6176.004278592891
21399,19419.502714285714
21400,5238.962011904764
21401,0.0
21402,0.0
21403,0.0
21404,0.0
21405,0.0
21406,0.0
21407,0.0
21408,0.0
21409,0.0
21410,0.0
21411,0.0
21412,0.0
21413,0.0
21414,0.0
21415,0.0
21416,0.0
21417,0.0
21418,0.0
21419,0.0
21420,0.0
21421,0.0
21422,0.0
21423,0.0
21424,0.0
21425,0.0
21426,0.0
21427,0.0
21428,0.0
21429,0.0
21430,0.0
21431,0.0
21432,0.0
21433,0.0
21434,0.0
21435,0.0
21436,0.0
21437,0.0
21438,0.0
21439,0.0
21440,0.0
21441,0.0
21442,0.0
21443,0.0
21444,0.0
21445,0.0
21446,0.0
21447,0.0
21448,0.0
21449,0.0
21450,0.0
21451,0.0
21452,0.0
21453,0.0
21454,0.0
21455,0.0
21456,0.0
21457,0.0
21458,0.0
21459,0.0
21460,0.0
21461,0.0
21462,0.0
21463,0.0
21464,0.0
21465,0.0
21466,0.0
21467,0.0
21468,0.0
21469,0.0
21470,0.0
21471,0.0
21472,0.0
21473,0.0
21474,0.0
21475,0.0
21476,0.0
21477,0.0
21478,0.0
21479,0.0
21480,0.0
21481,0.0
21482,0.0
21483,0.0
21484,0.0
21485,0.0
21486,0.0
21487,0.0
21488,0.0
21489,0.0
21490,0.0
21491,0.0
21492,3709.894496031747
21493,0.0
21494,0.0
21495,0.0
21496,0.0
21497,0.0
21498,0.0
21499,0.0
21500,0.0
21501,0.0
21502,0.0
21503,0.0
21504,0.0
21505,0.0
21506,0.0
21507,0.0
21508,0.0
21509,0.0
21510,0.0
21511,0.0
21512,0.0
21513,0.0
21514,0.0
21515,0.0
21516,0.0
21517,0.0
21518,0.0
21519,0.0
21520,0.0
21521,0.0
21522,0.0
21523,0.0
21524,0.0
21525,0.0
21526,0.0
21527,0.0
21528,0.0
21529,0.0
21530,0.0
21531,0.0
21532,0.0
21533,0.0
21534,0.0
21535,0.0
21536,0.0
21537,0.0
21538,0.0
21539,0.0
21540,0.0
21541,0.0
21542,0.0
21543,0.0
21544,0.0
21545,0.0
21546,0.0
21547,0.0
21548,0.0
21549,0.0
21550,0.0
21551,0.0
21552,0.0
21553,0.0
21554,0.0
21555,0.0
21556,0.0
21557,0.0
21558,0.0
21559,0.0
21560,2502.665098983124
21561,0.0
21562,0.0
21563,0.0
21564,0.0
21565,0.0
21566,0.0
21567,0.0
21568,0.0
21569,0.0
21570,0.0
21571,0.0
21572,0.0
21573,0.0
21574,0.0
21575,0.0
21576,0.0
21577,0.0
21578,0.0
21579,0.0
21580,0.0
21581,0.0
21582,0.0
21583,0.0
21584,0.0
21585,0.0
21586,0.0
21587,0.0
21588,0.0
21589,0.0
21590,0.0
21591,0.0
21592,0.0
21593,0.0
21594,0.0
21595,0.0
21596,0.0
21597,0.0
21598,0.0
21599,0.0
21600,0.0
21601,17326.961373015874
21602,29296.909785714284
21603,0.0
21604,0.0
21605,0.0
21606,0.0
21607,0.0
21608,0.0
21609,0.0
21610,7495.544857142858
21611,0.0
21612,0.0
21613,0.0
21614,0.0
21615,0.0
21616,0.0
21617,0.0
21618,0.0
21619,0.0
21620,0.0
21621,0.0
21622,0.0
21623,0.0
21624,0.0
21625,0.0
21626,0.0
21627,0.0
21628,0.0
21629,4576.262325396826
21630,0.0
21631,0.0
21632,0.0
21633,0.0
21634,0.0
21635,0.0
21636,0.0
21637,0.0
21638,0.0
21639,2713.4035036387872
21640,0.0
21641,0.0
21642,0.0
21643,0.0
21644,0.0
21645,0.0
21646,0.0
21647,0.0
21648,0.0
21649,0.0
21650,0.0
21651,0.0
21652,0.0
21653,0.0
21654,0.0
21655,0.0
21656,0.0
21657,8189.08888095238
21658,0.0
21659,0.0
21660,0.0
21661,0.0
21662,0.0
21663,0.0
21664,0.0
21665,0.0
21666,0.0
21667,0.0
21668,0.0
21669,0.0
21670,0.0
21671,0.0
21672,0.0
21673,0.0
21674,9216.112938132754
21675,0.0
21676,0.0
21677,0.0
21678,0.0
21679,0.0
21680,0.0
21681,0.0
21682,0.0
21683,0.0
21684,0.0
21685,0.0
21686,0.0
21687,0.0
21688,0.0
21689,0.0
21690,0.0
21691,0.0
21692,0.0
21693,0.0
21694,0.0
21695,0.0
21696,0.0
21697,0.0
21698,0.0
21699,0.0
21700,0.0
21701,0.0
21702,0.0
21703,0.0
21704,0.0
21705,0.0
21706,0.0
21707,0.0
21708,0.0
21709,0.0
21710,0.0
21711,0.0
21712,0.0
21713,0.0
21714,0.0
21715,0.0
21716,0.0
21717,0.0
21718,0.0
21719,0.0
21720,0.0
21721,0.0
21722,0.0
21723,0.0
21724,0.0
21725,0.0
21726,0.0
21727,0.0
21728,0.0
21729,0.0
21730,0.0
21731,0.0
21732,0.0
21733,0.0
21734,0.0
21735,0.0
21736,1466.084738095238
21737,0.0
21738,0.0
21739,0.0
21740,0.0
21741,0.0
21742,0.0
21743,0.0
21744,0.0
21745,0.0
21746,0.0
21747,0.0
21748,0.0
21749,0.0
21750,5150.261547619049
21751,0.0
21752,0.0
21753,0.0
21754,0.0
21755,0.0
21756,0.0
21757,0.0
21758,0.0
21759,0.0
21760,0.0
21761,0.0
21762,0.0
21763,0.0
21764,0.0
21765,0.0
21766,0.0
21767,0.0
21768,0.0
21769,0.0
21770,0.0
21771,0.0
21772,0.0
21773,0.0
21774,0.0
21775,0.0
21776,0.0
21777,0.0
21778,0.0
21779,0.0
21780,0.0
21781,0.0
21782,0.0
21783,0.0
21784,0.0
21785,0.0
21786,0.0
21787,0.0
21788,0.0
21789,0.0
21790,0.0
21791,0.0
21792,0.0
21793,7825.389385836385
21794,0.0
21795,0.0
21796,0.0
21797,0.0
21798,0.0
21799,0.0
21800,0.0
21801,0.0
21802,0.0
21803,2393.0063441266725
21804,0.0
21805,0.0
21806,0.0
21807,5230.505079365079
21808,0.0
21809,0.0
21810,0.0
21811,0.0
21812,0.0
21813,0.0
21814,0.0
21815,0.0
21816,0.0
21817,0.0
21818,0.0
21819,0.0
21820,0.0
21821,0.0
21822,0.0
21823,0.0
21824,0.0
21825,0.0
21826,0.0
21827,0.0
21828,0.0
21829,0.0
21830,0.0
21831,0.0
21832,0.0
21833,0.0
21834,18023.33341666667
21835,0.0
21836,0.0
21837,0.0
21838,0.0
21839,0.0
21840,0.0
21841,0.0
21842,0.0
21843,0.0
21844,0.0
21845,0.0
21846,0.0
21847,0.0
21848,6122.527040826974
21849,0.0
21850,0.0
21851,0.0
21852,0.0
21853,0.0
21854,0.0
21855,0.0
21856,0.0
21857,0.0
21858,0.0
21859,0.0
21860,0.0
21861,0.0
21862,0.0
21863,0.0
21864,0.0
21865,0.0
21866,0.0
21867,0.0
21868,0.0
21869,0.0
21870,0.0
21871,0.0
21872,0.0
21873,0.0
21874,0.0
21875,0.0
21876,0.0
21877,0.0
21878,0.0
21879,0.0
21880,0.0
21881,0.0
21882,0.0
21883,0.0
21884,0.0
21885,0.0
21886,0.0
21887,0.0
21888,0.0
21889,0.0
21890,0.0
21891,0.0
21892,0.0
21893,0.0
21894,0.0
21895,0.0
21896,0.0
21897,0.0
21898,0.0
21899,0.0
21900,0.0
21901,0.0
21902,0.0
21903,0.0
21904,0.0
21905,0.0
21906,0.0
21907,0.0
21908,0.0
21909,0.0
21910,0.0
21911,0.0
21912,0.0
21913,0.0
21914,0.0
21915,0.0
21916,0.0
21917,0.0
21918,0.0
21919,0.0
21920,0.0
21921,0.0
21922,0.0
21923,13366.994488095239
21924,0.0
21925,0.0
21926,0.0
21927,0.0
21928,0.0
21929,0.0
21930,0.0
21931,0.0
21932,0.0
21933,0.0
21934,0.0
21935,0.0
21936,0.0
21937,0.0
21938,0.0
21939,0.0
21940,0.0
21941,0.0
21942,0.0
21943,0.0
21944,0.0
21945,0.0
21946,0.0
21947,0.0
21948,0.0
21949,0.0
21950,0.0
21951,0.0
21952,0.0
21953,0.0
21954,0.0
21955,0.0
21956,0.0
21957,0.0
21958,0.0
21959,0.0
21960,0.0
21961,0.0
21962,0.0
21963,0.0
21964,0.0
21965,0.0
21966,0.0
21967,3940.7832222222223
21968,15993.89344047619
21969,0.0
21970,0.0
21971,0.0
21972,0.0
21973,0.0
21974,0.0
21975,0.0
21976,0.0
21977,0.0
21978,0.0
21979,0.0
21980,0.0
21981,0.0
21982,0.0
21983,0.0
21984,0.0
21985,0.0
21986,0.0
21987,0.0
21988,0.0
21989,0.0
21990,0.0
21991,0.0
21992,0.0
21993,0.0
21994,0.0
21995,0.0
21996,12036.16352813853
21997,0.0
21998,0.0
21999,0.0
22000,0.0
22001,0.0
22002,0.0
22003,0.0
22004,0.0
22005,0.0
22006,0.0
22007,0.0
22008,0.0
22009,0.0
22010,0.0
22011,0.0
22012,0.0
22013,0.0
22014,0.0
22015,0.0
22016,0.0
22017,0.0
22018,0.0
22019,0.0
22020,0.0
22021,0.0
22022,0.0
22023,0.0
22024,0.0
22025,0.0
22026,0.0
22027,0.0
22028,0.0
22029,0.0
22030,0.0
22031,0.0
22032,0.0
22033,0.0
22034,0.0
22035,0.0
22036,0.0
22037,0.0
22038,0.0
22039,0.0
22040,0.0
22041,0.0
22042,0.0
22043,0.0
22044,0.0
22045,0.0
22046,0.0
22047,0.0
22048,0.0
22049,0.0
22050,0.0
22051,0.0
22052,0.0
22053,0.0
22054,0.0
22055,0.0
22056,0.0
22057,0.0
22058,0.0
22059,0.0
22060,0.0
22061,0.0
22062,0.0
22063,0.0
22064,0.0
22065,0.0
22066,2647.5873367841205
22067,0.0
22068,0.0
22069,0.0
22070,2456.4494026631332
22071,0.0
22072,0.0
22073,0.0
22074,0.0
22075,0.0
22076,0.0
22077,0.0
22078,0.0
22079,0.0
22080,0.0
22081,0.0
22082,0.0
22083,0.0
22084,0.0
22085,0.0
22086,0.0
22087,0.0
22088,0.0
22089,0.0
22090,0.0
22091,0.0
22092,0.0
22093,0.0
22094,0.0
22095,0.0
22096,0.0
22097,0.0
22098,0.0
22099,0.0
22100,0.0
22101,0.0
22102,0.0
22103,0.0
22104,0.0
22105,0.0
22106,0.0
22107,0.0
22108,0.0
22109,0.0
22110,0.0
22111,0.0
22112,0.0
22113,0.0
22114,0.0
22115,0.0
22116,0.0
22117,0.0
22118,0.0
22119,0.0
22120,0.0
22121,2821.0434694054657
22122,0.0
22123,0.0
22124,0.0
22125,0.0
22126,0.0
22127,0.0
22128,0.0
22129,0.0
22130,0.0
22131,0.0
22132,0.0
22133,0.0
22134,0.0
22135,0.0
22136,11198.270884920636
22137,0.0
22138,0.0
22139,0.0
22140,0.0
22141,0.0
22142,0.0
22143,0.0
22144,0.0
22145,0.0
22146,0.0
22147,0.0
22148,0.0
22149,0.0
22150,0.0
22151,0.0
22152,0.0
22153,0.0
22154,0.0
22155,0.0
22156,0.0
22157,0.0
22158,0.0
22159,0.0
22160,0.0
22161,0.0
22162,0.0
22163,0.0
22164,0.0
22165,0.0
22166,0.0
22167,0.0
22168,0.0
22169,0.0
22170,0.0
22171,0.0
22172,0.0
22173,0.0
22174,0.0
22175,0.0
22176,0.0
22177,0.0
22178,0.0
22179,0.0
22180,0.0
22181,0.0
22182,0.0
22183,0.0
22184,0.0
22185,0.0
22186,0.0
22187,0.0
22188,0.0
22189,0.0
22190,0.0
22191,0.0
22192,0.0
22193,0.0
22194,0.0
22195,0.0
22196,0.0
22197,0.0
22198,0.0
22199,0.0
22200,4338.218226190476
22201,0.0
22202,0.0
22203,0.0
22204,0.0
22205,0.0
22206,0.0
22207,0.0
22208,0.0
22209,0.0
22210,0.0
22211,0.0
22212,0.0
22213,0.0
22214,0.0
22215,0.0
22216,0.0
22217,0.0
22218,0.0
22219,0.0
22220,0.0
22221,0.0
22222,0.0
22223,0.0
22224,0.0
22225,0.0
22226,0.0
22227,0.0
22228,0.0
22229,0.0
22230,0.0
22231,0.0
22232,0.0
22233,0.0
22234,0.0
22235,0.0
22236,0.0
22237,0.0
22238,0.0
22239,0.0
22240,0.0
22241,13286.42526190476
22242,5487.095716946452
22243,0.0
22244,0.0
22245,0.0
22246,0.0
22247,0.0
22248,0.0
22249,0.0
22250,0.0
22251,0.0
22252,0.0
22253,0.0
22254,0.0
22255,0.0
22256,0.0
22257,3941.095638290439
22258,3619.592012347529
22259,5572.52539656984
22260,3243.3013143898147
22261,5442.703007374393
22262,4592.05969491474
22263,6016.228028262712
22264,5987.0328120637
22265,4412.298232228598
22266,3774.6839451608303
22267,6410.476966030579
22268,5736.951233976108
22269,4595.634745163815
22270,6094.630865823637
22271,5700.066050553585
22272,3156.0540322243946
22273,5624.49505296043
22274,5917.378846917717
22275,8198.219157211446
22276,7034.532097484837
22277,6927.932128902952
22278,3621.2360366420703
22279,6578.022156744866
22280,2183.1234430216205
22281,8297.056667004625
22282,8569.8514314261
22283,9230.65483019548
22284,5807.864107707615
22285,3107.6670844385067
22286,4844.810086217233
22287,6132.657389184836
22288,8102.7626403388285
22289,4633.660993067001
22290,5712.069318074511
22291,4730.137029038673
22292,5840.03187095965
22293,2717.4339589523006
22294,6712.965321811457
22295,3968.50958956383
22296,7291.462030735681
22297,6392.669531870456
22298,4593.289796345137
22299,9528.51362089519
22300,5896.370745318177
22301,4504.561933779764
22302,5413.532836076811
22303,6904.2205114607195
22304,8533.151033686492
22305,5321.242901427373
22306,5650.9005370417135
22307,7583.666780867343
22308,6557.174929024761
22309,6457.235977507995
22310,5888.877101201472
22311,2158.8472754640243
22312,2889.106798233147
22313,4607.049374132098
22314,6405.376212061199
22315,6900.446204764308
22316,7928.036586373898
22317,4850.367989642226
22318,6339.670396640206
22319,7454.492829842565
22320,4789.065173557265
22321,4825.123248002506
22322,6676.884386087315
22323,3692.8589993915953
22324,4455.954474158784
22325,7252.120811485811
22326,4144.99896674725
22327,5427.6871676573755
22328,3443.220888398565
22329,6557.1331765411705
22330,5118.278606615375
22331,5700.116272662676
22332,6242.711341508699
22333,6916.758909657302
22334,5377.324465656714
22335,3603.5924853539623
22336,6916.2092519401085
22337,9479.855073744458
22338,5148.317979102404
22339,5344.374610290476
22340,6589.889608974031
22341,5961.9611471497465
22342,6604.539158900364
22343,8964.023903969552
22344,2341.046930694903
22345,6845.693566153037
22346,5309.173685535577
22347,5500.937240925057
22348,6273.363590680047
22349,3107.299672339614
22350,5179.356883799129
22351,4919.075372968213
22352,7529.849329539006
22353,7374.101189411394
22354,4351.578604762171
22355,4745.273888134407
22356,6124.477744904846
22357,6209.32516180008
22358,5141.037060883875
22359,6983.056549574713
22360,4282.208679589205
22361,6093.241775041025
22362,4765.032834306116
22363,3156.758610271507
22364,5268.021352399549
22365,5865.076476615568
22366,6192.183630689187
22367,6602.806515909744
22368,6588.599136727459
22369,4147.954357805915
22370,6643.006871062871
22371,5379.089622153205
22372,3676.450515075853
22373,6557.1331765411705
22374,6684.602104226949
22375,5478.656337870727
22376,6793.726755064733
22377,6195.217183304374
22378,6427.177542389375
22379,5758.42879763107
22380,6888.18345877153
22381,4332.361997248063
22382,2741.465601783206
22383,5168.808049000394
22384,5044.390264802501
22385,5512.1052096278745
22386,3948.1574724381458
22387,5178.201521760496
22388,6590.1863047324405
22389,5175.802962819487
22390,6297.644519083048
22391,4781.852853730543
22392,5863.264474064801
22393,6850.664342456521
22394,3722.2279589826417
22395,5465.123862588043
22396,5044.390264802501
22397,6163.8408059416015
22398,3663.9867483928515
22399,5700.289358423944
22400,4488.561586988269
22401,6830.382129967796
22402,6747.968973007128
22403,6875.668079161726
22404,13762.610659928378
22405,4189.076749857332
22406,4900.83991895037
22407,10307.949724365259
22408,6450.8403789142985
22409,7301.555542013906
22410,6681.096306960947
22411,5701.76212453308
22412,6395.099809030065
22413,4485.662746279242
22414,4881.457920180127
22415,5322.627919457708
22416,5280.874393537082
22417,2986.864637373184
22418,4923.217035733431
22419,7414.807798779777
22420,9248.492996772447
22421,5911.447147405615
22422,6063.545272973766
22423,5924.992302633565
22424,2399.2999966862935
22425,3884.9886622636523
22426,4397.357506594007
22427,6401.530501046691
22428,6838.500583140992
22429,5544.010489325389
22430,5207.7931676260305
22431,6640.853748292443
22432,6846.56113422302
22433,6531.043927560672
22434,5670.990283795004
22435,5548.924901276422
22436,7095.921239385247
22437,4127.509490999094
22438,5537.459676344977
22439,5753.762635353949
22440,5783.046045216656
22441,2829.8309306753276
22442,5377.084006139429
22443,4568.923021682754
22444,7524.776535863422
22445,6758.869547340727
22446,6830.4087895344555
22447,6605.862976786145
22448,6335.040177667794
22449,6859.284044251768
22450,16312.969524213398
22451,8392.064145064915
22452,3450.308915965735
22453,3279.847633094491
22454,6370.650640857518
22455,7553.372168937273
22456,4344.699056854877
22457,8994.220978354975
22458,16593.056173376463
22459,5164.484904787035
22460,2869.2956368574837
22461,9982.288838309405
22462,4221.115340189618
22463,6506.5858675592835
22464,3368.4497848961955
22465,5861.940715279422
22466,4784.838142857144
22467,6869.986523205341
22468,6578.36420339097
22469,5881.605403087001
22470,7397.150233520666
22471,5755.286827331245
22472,6505.301601696767
22473,6994.532431836563
22474,5672.115563991023
22475,5207.7931676260305
22476,6920.589445753908
22477,4874.082694332548
22478,6160.299888838064
22479,3917.098880932043
22480,3160.7420156998587
22481,5137.182885900711
22482,4552.821341216668
22483,5045.289202609242
22484,6381.032204114748
22485,6428.298006663419
22486,6756.722178933069
22487,4402.173825683215
22488,4233.56528596135
22489,4594.829942655562
22490,5458.833820776195
22491,6622.395193253707
22492,3975.8790508266725
22493,6855.037712071394
22494,5393.190166994269
22495,7683.09280234813
22496,5807.957084398891
22497,5933.6147589735165
22498,3401.3873034647654
22499,5344.374610290476
22500,8147.834998912881
22501,5649.082325692817
22502,5588.754140910572
22503,11262.821586606495
22504,6997.9969428047825
22505,4399.733789053501
22506,5815.494088248126
22507,3107.5880416635728
22508,4482.217734789661
22509,4181.273592980256
22510,4233.026960062611
22511,5881.605403087001
22512,4566.350651511042
22513,8766.546821428572
22514,9926.922061530435
22515,5860.049805872093
22516,6201.750083200067
22517,4340.139948104835
22518,5861.940715279422
22519,5008.794520439005
22520,10373.150917542738
22521,6043.01331586658
22522,7463.869359324657
22523,3922.449943554261
22524,5861.940715279422
22525,4995.362816651987
22526,5091.293901391342
22527,5999.026917597089
22528,5311.0044903938615
22529,6128.758919016171
22530,5070.64226692431
22531,7700.6571711319475
22532,6022.173441980957
22533,6513.101059316542
22534,8700.22778612191
22535,6744.300899294625
22536,8391.155506660007
22537,3422.652691562831
22538,5176.546546224242
22539,6316.872492609131
22540,8075.385448784932
22541,6510.76320642735
22542,6880.604177521119
22543,6438.238796217285
22544,8352.576811966086
22545,6538.569268040892
22546,6709.342040198386
22547,5492.570182307619
22548,5483.390399885114
22549,12291.149471947574
22550,15371.289816066703
22551,6488.206090468615
22552,6408.281213583303
22553,6940.632713286912
22554,5609.617080019164
22555,6022.173441980957
22556,2959.6665321136084
22557,5506.911015971315
22558,6127.214028363362
22559,6186.964323868485
22560,4017.8061876523093
22561,4691.435429462788
22562,5381.208179457229
22563,4811.598020973402
22564,5165.723254634613
22565,2836.203007631902
22566,3134.699715310194
22567,6553.2446780408845
22568,3805.1485373013834
22569,4485.630120262076
22570,5497.943499832247
22571,5100.517496937747
22572,6957.669232230694
22573,8242.506820491188
22574,5095.0061104920305
22575,7060.987369717274
22576,6694.076181375953
22577,6346.257141169218
22578,5732.7666182535995
22579,3355.5939958116187
22580,5119.995526405839
22581,11085.789280402176
22582,5602.62823877381
22583,6249.214848876466
22584,5142.439212017664
22585,4017.327294970786
22586,5612.466092849854
22587,6108.185393502962
22588,6227.63048665181
22589,6865.510082723215
22590,7034.155184699702
22591,8240.65305343268
22592,4590.696301131685
22593,11715.30998695019
22594,2160.899490461479
22595,3521.4749208629974
22596,5762.083521252115
22597,4415.3409667098385
22598,9874.879669410404
22599,2614.0411624162543
22600,5331.973454920582
22601,5182.823709010187
22602,7445.8317878488715
22603,8984.820736319385
22604,4981.645239408534
22605,3040.053357443492
22606,6288.9571285430775
22607,6837.864896895472
22608,4429.076643829801
22609,6266.336854907041
22610,6944.49842428263
22611,5918.778329589655
22612,5870.325951206007
22613,4917.368575342854
22614,6779.343045332724
22615,5705.38860862126
22616,7774.724378011498
22617,6664.634613080627
22618,16521.74696031746
22619,6125.703816742072
22620,6597.048673853649
22621,2379.7187583685622
22622,6322.272326772288
22623,5503.284668981397
22624,6168.234964875246
22625,6341.006539263773
22626,6301.233963203281
22627,3823.1217548600607
22628,6684.57474910434
22629,5812.407185796195
22630,8719.633643930272
22631,6855.022191797633
22632,6921.640063101341
22633,6989.691035512876
22634,4753.710805405891
22635,7040.031456814267
22636,7077.676454631824
22637,5419.687408426869
22638,6580.249058505039
22639,4009.4335279354827
22640,8288.3331995522
22641,5894.1531610172715
22642,3757.52236040034
22643,5202.218368616024
22644,6104.4190920816045
22645,5972.732065077252
22646,4197.181287370806
22647,5853.408407809105
22648,5152.280218213605
22649,4986.539360705529
22650,6005.330809978424
22651,8946.672029419215
22652,4687.601226130678
22653,5433.767543036721
22654,6024.118216581889
22655,5411.576466680121
22656,3083.4827034880727
22657,4652.481776950995
22658,7796.46633008647
22659,5551.803457238656
22660,6995.062775776405
22661,6571.096079494994
22662,6769.361123391793
22663,5691.757050953626
22664,5853.408407809105
22665,8724.984084242833
22666,5866.518037601275
22667,6430.99589032598
22668,5216.711383799234
22669,5234.896305148753
22670,5077.862268846733
22671,2157.2344449903517
22672,11521.312437267643
22673,5959.50068437019
22674,6363.185446750773
22675,5023.763606226009
22676,1417.5262243523186
22677,6212.406219404001
22678,5537.586698127781
22679,5926.860495959233
22680,3875.684323631437
22681,6587.899972482469
22682,4838.72103569707
22683,4263.260221121147
22684,9997.435037386082
22685,5553.979415950575
22686,4634.9009417231
22687,3535.273687255041
22688,4088.418707601402
22689,6085.745981234274
22690,12420.680920634919
22691,4855.935928637265
22692,6514.435554880247
22693,4946.7497404219475
22694,3910.459588527836
22695,3671.182211552108
22696,5950.849535356583
22697,3267.2580398984214
22698,10281.433505626726
22699,6608.348308379989
22700,3150.4266379399046
22701,6807.480906029994
22702,2723.483135070406
22703,3750.3247656103545
22704,6167.576225113154
22705,7434.902499467356
22706,8825.124853232095
22707,2783.9052176234068
22708,5371.746223015153
22709,4492.38650306316
22710,5891.557936880185
22711,16248.409828201933
22712,12667.44589177489
22713,6533.162690744182
22714,3048.028587095676
22715,6493.269899019598
22716,4346.679752186679
22717,3171.839487707141
22718,6243.945873045413
22719,4557.937413252151
22720,5683.9568680401435
22721,6845.374918705041
22722,4882.96858546033
22723,4529.156285682026
22724,6118.271015178408
22725,6154.469450046739
22726,6614.697429755487
22727,2889.3240363775194
22728,5568.56845452414
22729,6788.401182461668
22730,7772.654820453168
22731,5793.140202324311
22732,6784.369695205332
22733,2401.1611244531427
22734,8532.114675034725
22735,4991.821372548337
22736,3263.692703450936
22737,4856.462562682936
22738,4672.8896739990505
22739,4863.963195933856
22740,6548.363093307689
22741,4536.152652007205
22742,6268.87344313088
22743,4564.57523962082
22744,5919.0038310027
22745,8310.041532063056
22746,4685.1896490665995
22747,6619.883345628245
22748,5904.024305562323
22749,2633.333106342267
22750,6784.369695205332
22751,3669.075040660582
22752,3178.0592129450065
22753,5781.198274376575
22754,9521.750796018345
22755,9020.56894836254
22756,4435.023164760096
22757,5306.302230096446
22758,6735.587237702291
22759,6616.744410529849
22760,6207.6421157131135
22761,8026.652467660762
22762,2907.079796775317
22763,4590.8501610616095
22764,5612.139917408906
22765,5160.456900551398
22766,2721.6515805201543
22767,6947.712208027964
22768,5882.096920997923
22769,5306.302230096446
22770,5073.822480122393
22771,7540.252730499832
22772,6986.902405905849
22773,5816.43933171857
22774,5251.803798625203
22775,4987.922209218864
22776,7084.530362549659
22777,4866.999104813376
22778,2445.5461605758796
22779,6190.483976028225
22780,6065.073344878369
22781,5878.86863461314
22782,5198.635035639677
22783,3085.170869961901
22784,6145.786427237849
22785,3633.536998058374
22786,7337.597735634056
22787,5183.439038053576
22788,4837.489055245286
22789,7019.035706505874
22790,4004.5874764386435
22791,4682.101272660231
22792,8324.813522379827
22793,2705.7771011160175
22794,6373.803484018526
22795,9225.828985248221
22796,6805.241745836797
22797,3041.4860380695886
22798,4633.23457344281
22799,3666.079797296699
22800,2338.59034205007
22801,5217.19450386173
22802,6139.497778898844
22803,5498.370060268233
22804,4730.944683240364
22805,5295.363428278639
22806,4847.010910917163
22807,9153.720076195865
22808,5907.577578568872
22809,5709.063948871228
22810,4023.816281850662
22811,5680.7621831308015
22812,6278.362271234716
22813,5891.529935048365
22814,6710.643650105726
22815,8003.11023104117
22816,7238.030913838168
22817,6681.222024992262
22818,6602.8457221143
22819,4267.846339646168
22820,5185.977185962275
22821,6746.73132881375
22822,6580.863314149599
22823,5793.758424868511
22824,13420.09739047619
22825,3818.2377530656895
22826,5423.578748571101
22827,4075.6672498169314
22828,6870.061794800908
22829,8217.22722442982
22830,6830.8095639877665
22831,6736.834269958918
22832,6933.12455776315
22833,7130.799313732416
22834,6308.316184648686
22835,4776.2228201407615
22836,2791.435796279412
22837,4956.766935534545
22838,4249.372864246998
22839,3018.751827534207
22840,6653.877531630138
22841,16960.082875939854
22842,5515.167721065394
22843,5292.495083755776
22844,4957.52346015346
22845,4150.345866647196
22846,6523.294020978859
22847,1968.6222234795146
22848,5859.207420938749
22849,6736.834269958918
22850,5256.847880066065
22851,9940.390300896512
22852,11120.972524891773
22853,3200.0164846523785
22854,5199.937050794505
22855,4977.589565360346
22856,4964.170563682343
22857,4500.488654627944
22858,6798.65244942086
22859,3910.2534820959145
22860,4246.203326780475
22861,4840.112298056507
22862,4804.986579260202
22863,4851.652133890768
22864,7529.551672011985
22865,5290.248579567031
22866,6849.655142465091
22867,5600.209095788306
22868,5132.347519268275
22869,5088.501574926016
22870,4292.774673112929
22871,4770.887069121934
22872,4770.865450433689
22873,9362.864899454133
22874,5522.031820455224
22875,3432.114948412699
22876,6172.774563462494
22877,6912.443045499738
22878,5518.229019541767
22879,5104.318927359436
22880,5718.366369378922
22881,7760.453632928248
22882,6902.559321441267
22883,6665.49259196919
22884,3833.6248802673135
22885,4050.244156682074
22886,6380.145682665337
22887,5385.03251348877
22888,4872.64137907369
22889,4816.541909204652
22890,11925.977104246605
22891,6901.834874024191
22892,4735.6875703911755
22893,4645.52346058684
22894,4653.499528935435
22895,5579.9953874107405
22896,5133.728363386153
22897,9256.03000307886
22898,5749.6798897660765
22899,4567.259132727409
22900,4183.572912519736
22901,2190.353773401484
22902,4466.920311901522
22903,15411.073542711938
22904,2189.8947554595575
22905,4929.98445847026
22906,5656.275849851252
22907,6660.1216347080735
22908,5490.375587533512
22909,6587.051590822763
22910,5632.278274114891
22911,5805.917680670025
22912,2995.368325998886
22913,5368.315321991437
22914,3979.495533062882
22915,5545.961878256585
22916,7991.013530336815
22917,4354.123027959291
22918,6296.854554769058
22919,6559.046365577535
22920,3185.764490621485
22921,5695.0740244277895
22922,4932.433716957633
22923,2767.6143703042444
22924,7264.003522770797
22925,6319.5643651527325
22926,6591.020446964115
22927,9372.828111077117
22928,6718.414750042229
22929,6697.07591588746
22930,5201.245644168321
22931,3625.051260719896
22932,5808.101850296501
22933,3367.9314791587944
22934,5971.016026368304
22935,2301.68946542767
22936,5863.854211351662
22937,3197.6671864960067
22938,6686.282720231192
22939,4552.169187271494
22940,4933.60207354637
22941,5409.4043585427335
22942,7058.546548960353
22943,5198.657947392613
22944,7312.076895144709
22945,5553.025701832325
22946,6210.797140388018
22947,6495.459118231414
22948,6345.15771624755
22949,3638.362792619271
22950,4745.74953647603
22951,5751.805501565715
22952,4515.209135012111
22953,7117.9649331050505
22954,5959.211713775146
22955,5518.971886753309
22956,8814.378229259852
22957,6617.147296536797
22958,2210.26824006104
22959,9330.395677594994
22960,5989.55885451763
22961,6708.910860790927
22962,7477.437984912524
22963,6451.914123582876
22964,7967.529592899631
22965,5009.794462307425
22966,4674.329832488821
22967,3422.3091194964077
22968,6379.599369201942
22969,6599.801542590338
22970,2845.736106308275
22971,7461.148436079809
22972,6440.741162465294
22973,4990.202583806373
22974,6198.928128962886
22975,4309.969106180208
22976,6518.58914204319
22977,3765.0100864719466
22978,5279.04901150027
22979,5034.828048051685
22980,3880.726200512342
22981,6433.014135886591
22982,7053.808655450012
22983,7678.126849528466
22984,5875.788919268151
22985,3882.6596628532566
22986,6659.219022887926
22987,6614.32224741174
22988,7222.927889158998
22989,3532.7651089282804
22990,3267.4976812895147
22991,8555.31442533952
22992,5993.83573468557
22993,3787.2262887808943
22994,6185.945958965574
22995,6718.414609752421
22996,6343.492212480969
22997,4716.712783088146
22998,2140.481502663558
22999,5630.663987726095
23000,6711.091852743546
23001,5343.565457087077
23002,8378.536917111947
23003,6661.690168148002
23004,3433.9618025391023
23005,6020.02523390521
23006,2898.2280236814427
23007,1172.088224358304
23008,5891.240878686986
23009,9503.161484126984
23010,5291.446462063935
23011,4923.642904303605
23012,3198.621361165224
23013,5099.65849263592
23014,7675.133883286978
23015,5721.919170274822
23016,8895.480595393636
23017,4647.086630040025
23018,4516.904250860525
23019,3368.801941186006
23020,6196.737082120812
23021,3491.280491087902
23022,2551.728661695842
23023,6442.93532335086
23024,3763.6168362296694
23025,7030.618141525629
23026,4628.737432944803
23027,5066.531716664788
23028,5039.257839335924
23029,6912.818553863865
23030,4538.224243352968
23031,3895.8248960424476
23032,7401.653614183106
23033,7234.047785548734
23034,6669.164376264672
23035,2137.4027625849108
23036,5042.225187083284
23037,4960.22149926888
23038,4266.155895787037
23039,7796.77873073668
23040,8589.539757575756
23041,6444.832934588066
23042,6231.709500600749
23043,5108.364296622146
23044,7753.723367141585
23045,10084.163009566426
23046,3062.67751074737
23047,3967.3024501867294
23048,6343.54818230696
23049,5556.0667730970545
23050,5456.032841202288
23051,9956.227850113431
23052,6632.397313773878
23053,6409.711688010746
23054,2719.4961601986156
23055,6141.129622046295
23056,5369.533935399916
23057,3216.9446410170394
23058,6093.575572952283
23059,3152.4165393436024
23060,6426.227638553671
23061,5119.498651483246
23062,4513.146112002771
23063,6430.329507080232
23064,4871.917039094537
23065,6189.376305016315
23066,6362.868269326376
23067,4792.118710923487
23068,7825.030881988141
23069,5605.169514824894
23070,6711.091852743546
23071,4953.263591318494
23072,4357.416989827733
23073,7493.758091506838
23074,2787.52565264391
23075,10353.23611280976
23076,6750.687751284946
23077,4843.0247151157055
23078,7218.479478059537
23079,4416.635285183061
23080,4357.878356071321
23081,5673.5230986504175
23082,2936.39193868842
23083,2896.2316983516134
23084,6133.35115269635
23085,5912.782190335597
23086,10663.633512508888
23087,5490.725782127268
23088,5257.292508361723
23089,3879.3538766573556
23090,6700.326842618384
23091,3109.0666163271612
23092,9868.815212988096
23093,5086.428733005943
23094,12276.324452686198
23095,5643.566451019026
23096,5041.361395137822
23097,7735.567773809524
23098,7058.838140276353
23099,3205.6353432344895
23100,6912.818553863865
23101,6803.25100344999
23102,5869.690177005422
23103,5542.394986657434
23104,4775.06344179544
23105,4138.496643077672
23106,4836.06539001143
23107,3727.145981280578
23108,3058.421065794759
23109,7630.576711891394
23110,5075.065494790376
23111,21534.740833333333
23112,7421.864642857146
23113,4973.499820083896
23114,7833.044509679121
23115,8417.02529505073
23116,6556.8465258008355
23117,7700.403606684699
23118,6487.961496239981
23119,8106.277943887148
23120,7791.356631905428
23121,6484.116338264884
23122,6311.6620268053075
23123,7683.878364071523
23124,7718.718777505286
23125,7576.385377370174
23126,8128.182719997522
23127,6288.525892161834
23128,5357.894837592205
23129,6714.983426568381
23130,10210.629015082292
23131,10423.652863571355
23132,9870.287850259801
23133,8382.466799214728
23134,4193.7518390619425
23135,7553.741879544532
23136,5497.8222482866095
23137,7725.435245394569
23138,12883.017472972555
23139,9732.096449491284
23140,6263.058883698562
23141,5453.639109516421
23142,4810.446072274383
23143,6579.935274969916
23144,10985.285598120154
23145,7365.9822106881775
23146,5813.251184487537
23147,5948.603419933372
23148,7585.173157278919
23149,4833.375973308751
23150,7601.153121938406
23151,5872.252100814781
23152,7677.760419264839
23153,7738.231930229159
23154,7742.553698830304
23155,8052.822041922182
23156,6544.007666079199
23157,5280.49641050028
23158,7020.0715560119315
23159,7527.999290748256
23160,12142.397131690534
23161,6720.033115918415
23162,8343.810837640585
23163,7242.789687820996
23164,9354.186655168915
23165,7615.697868303122
23166,9319.960197734896
23167,5868.839873312649
23168,5184.981201831357
23169,6142.725129053957
23170,6682.628787727843
23171,8060.800903874089
23172,8183.706367117117
23173,6407.218443050119
23174,7246.177718286511
23175,7136.561650770931
23176,9881.815664237009
23177,5346.879086689877
23178,8079.554864492118
23179,4989.208323970987
23180,6588.12892492172
23181,8423.400387200625
23182,5767.895403048614
23183,6861.59103087923
23184,7150.33961338176
23185,7698.5598732111985
23186,5950.326843836231
23187,5932.413786747613
23188,7639.049631815698
23189,7551.254233892837
23190,7148.345204283822
23191,5177.501619067634
23192,7293.836561809394
23193,13115.946452318007
23194,7621.853671175802
23195,5288.047085250236
23196,7683.342128257164
23197,6992.348738647315
23198,6322.791578633343
23199,8057.22847733574
23200,6859.687968532301
23201,7721.904336361714
23202,6410.882196641311
23203,7494.547312950754
23204,6800.384373042108
23205,6185.639761395309
23206,7397.500796002237
23207,6051.195638620206
23208,8212.830398622928
23209,9337.7509964007
23210,5528.986482871618
23211,5441.753385725509
23212,7121.428150180568
23213,6692.898681502116
23214,6344.791025748326
23215,10123.733527108176
23216,7122.886479575772
23217,8028.366660516675
23218,6322.497919652787
23219,5342.392636664969
23220,6977.972456632842
23221,7735.645259339088
23222,8595.182715557834
23223,9222.146677827637
23224,7758.199998697736
23225,6302.001695788556
23226,8303.080811998554
23227,7418.603289438645
23228,8248.239168934211
23229,7759.164998762089
23230,7207.179639235845
23231,7892.6102186718535
23232,8424.99633226344
23233,7713.766288036692
23234,7549.495371149584
23235,7661.637333200371
23236,7911.0204260159735
23237,6316.700990252587
23238,5340.475371331221
23239,5595.417681567004
23240,7593.728531378247
23241,7440.155302983834
23242,5848.771188878303
23243,7357.969677127138
23244,6955.030881063925
23245,6706.520471244407
23246,7310.61079725162
23247,7064.752215320454
23248,7552.476726522772
23249,7666.263855349996
23250,7028.871046151868
23251,5915.379927720391
23252,7383.726765618536
23253,7600.9672144296455
23254,4388.122524823071
23255,7598.886713539434
23256,5733.806175978496
23257,7792.692974224682
23258,8154.017735880637
23259,6835.817056127993
23260,12288.388868284546
23261,6481.920460719779
23262,5497.481103884463
23263,10917.015406182725
23264,7475.610444248912
23265,8916.845553501518
23266,7431.625726242214
23267,6021.581343707085
23268,7550.5850624341365
23269,6157.048860597043
23270,8493.114540858813
23271,7809.313979481076
23272,6715.801147378101
23273,3871.661858528526
23274,7454.146756356104
23275,9730.542571481852
23276,10131.231508445304
23277,7573.518892723272
23278,7466.627748399556
23279,7078.814588312517
23280,5918.3397649401795
23281,3847.426210681682
23282,5669.8184353456045
23283,7539.680236749088
23284,7528.922219749564
23285,7272.651544869883
23286,7204.693313320762
23287,8424.99633226344
23288,9493.011460983736
23289,7660.038173361769
23290,6462.895263392175
23291,7414.611529939512
23292,8532.040198936455
23293,6932.0378910377785
23294,8135.455796642315
23295,6691.126321685044
23296,6831.689052141385
23297,4982.604622820349
23298,7662.266524814879
23299,5853.111640510814
23300,7761.773464223177
23301,7722.6950163940655
23302,9015.033653966571
23303,8341.997972408379
23304,7523.229216981903
23305,8591.336054176943
23306,18284.60988582475
23307,11415.717387067123
23308,5657.536181144449
23309,3434.2759596364886
23310,7026.083130385422
23311,9070.085384633327
23312,7509.893158369404
23313,13460.27014602636
23314,20216.844872244706
23315,4733.030340070621
23316,5711.0327279930025
23317,8297.332051635874
23318,5613.6676828924365
23319,9518.267830448363
23320,7153.587525694611
23321,7674.7110537253975
23322,4460.071583904381
23323,7947.132670986213
23324,7693.418879152038
23325,7655.584156889047
23326,10556.487786744596
23327,6430.222401287927
23328,7544.922232989214
23329,7295.5806144859525
23330,6066.386627241427
23331,7076.292534927833
23332,8225.769501333783
23333,6525.475948464164
23334,7064.744225652074
23335,7507.6472533570695
23336,6965.443819415103
23337,6140.353216280129
23338,7599.337850310508
23339,7353.211555226942
23340,7867.199786684185
23341,5797.889550024078
23342,7789.261495830488
23343,6160.653025613126
23344,4055.9839673660586
23345,6595.569668401847
23346,7484.0668881885995
23347,6333.696945871317
23348,5377.206865895428
23349,9053.132342502024
23350,7381.241785562365
23351,9673.119047240223
23352,7338.419501764763
23353,7644.3500596741615
23354,5933.99277375905
23355,5296.018220047776
23356,8044.002551350845
23357,6577.629554465491
23358,8560.536067231686
23359,14117.449234045645
23360,7752.9552829757085
23361,7205.695235794048
23362,5825.996744718622
23363,6791.37626202269
23364,7800.483213398103
23365,5117.3985926286805
23366,6691.592508718222
23367,7757.704079450001
23368,5861.054690982154
23369,15275.177357142851
23370,13110.629412903201
23371,5278.803349391783
23372,7725.595271686138
23373,5717.492233368864
23374,7709.600828166918
23375,6432.677824458616
23376,13470.57292629552
23377,9495.915493068484
23378,9096.185223105871
23379,6159.556748993783
23380,7709.600828166918
23381,5178.716221654103
23382,9178.070605254214
23383,7257.832551336019
23384,6684.584661220678
23385,6054.249833254855
23386,6640.366141072341
23387,9397.591859305672
23388,7728.954614553207
23389,6063.654255733552
23390,7536.211652533222
23391,7655.221734248311
23392,9170.71384856066
23393,5496.89815801834
23394,5756.049112043053
23395,7577.164293818668
23396,11046.509521732132
23397,7658.044492892847
23398,7741.589958196371
23399,7123.4055264737135
23400,9595.200960529177
23401,5502.192156650996
23402,8759.274652746033
23403,6427.59229295628
23404,7721.333057905783
23405,14677.190461371436
23406,17227.03842715131
23407,7370.18470840497
23408,7918.40456394564
23409,9010.593937897724
23410,7529.155233219939
23411,7742.9332715574255
23412,6395.435754379974
23413,7477.299340615348
23414,7656.136316844212
23415,7721.333057905783
23416,4898.119618709215
23417,6216.086403340395
23418,5947.937435322661
23419,6454.8612153894765
23420,7705.574210922446
23421,5683.949730228393
23422,5721.5220505128955
23423,7579.03714914303
23424,4833.82065571288
23425,5414.612064818624
23426,6066.198243189457
23427,7215.781434306791
23428,7711.50593405362
23429,7986.984398317407
23430,7218.461763111973
23431,6284.143183362185
23432,7681.935596597426
23433,7807.483897644968
23434,8260.695800983307
23435,6266.181195963585
23436,6348.575962988399
23437,9581.701645299769
23438,7560.612505665748
23439,7605.938023757796
23440,6063.473935225156
23441,6541.227562510149
23442,8475.019996957031
23443,7292.934469992061
23444,6571.394383039794
23445,7736.79081804404
23446,7717.831442365144
23447,11119.74538655549
23448,7795.059369086375
23449,11187.451398372485
23450,4780.104308935525
23451,6285.560232347862
23452,7460.644382290029
23453,5078.989085826206
23454,7329.411440126507
23455,5863.437424066652
23456,6786.147076959446
23457,7747.383966413256
23458,10696.907055545023
23459,8407.51423260073
23460,6019.61233834507
23461,6894.50014784713
23462,8153.6252347467935
23463,7698.315373409083
23464,6368.8566396618135
23465,5513.568721044326
23466,7404.261669470289
23467,9854.310682203994
23468,4971.479327370905
23469,7329.163143662619
23470,7726.681345126715
23471,7801.858210529791
23472,8310.73638309307
23473,7677.467085624834
23474,14625.478395910235
23475,7528.362065392975
23476,7677.467085624834
23477,5517.696705446104
23478,6506.242274902015
23479,6459.591471986427
23480,5806.038343996182
23481,7702.511135712521
23482,5933.88768074626
23483,5435.491485017268
23484,7576.780194269266
23485,7475.420516599937
23486,8094.726826404998
23487,6011.3196448650715
23488,8043.451656858077
23489,7932.579571873666
23490,6434.99675485105
23491,8339.66184543642
23492,6812.226260409204
23493,6075.974629183797
23494,5520.119634458396
23495,5942.69404375021
23496,9651.495322972274
23497,6368.5703376435185
23498,5658.986265780623
23499,7945.372063345198
23500,8664.48050193133
23501,7680.133044559058
23502,7431.021781489772
23503,7690.657646269372
23504,7378.2445384578805
23505,6427.700120716328
23506,6589.875942701366
23507,9043.936253424641
23508,6300.421486588161
23509,6729.9410770041
23510,7587.824664011721
23511,5924.447746599978
23512,5484.0140643075565
23513,5988.306382676893
23514,8354.369347798003
23515,8130.62314939262
23516,7782.430037330399
23517,11893.994770377192
23518,7685.319594732302
23519,7630.5552069909
23520,7662.994898944992
23521,8383.473421416782
23522,7688.810393270925
23523,7820.5252174194575
23524,7118.901447744455
23525,8433.76059405112
23526,6192.48876437393
23527,4203.569662798585
23528,12272.632656529013
23529,6016.421332043584
23530,7246.070713149562
23531,6754.1458880175405
23532,3935.5892329663293
23533,11856.229688561232
23534,5858.488925132132
23535,7580.608724033826
23536,5631.191954999011
23537,6491.931790933444
23538,6461.195311993486
23539,8155.192476394939
23540,6728.147525718545
23541,5248.028495630477
23542,5655.883095011476
23543,5815.723401448094
23544,4242.828446711827
23545,7734.056435580144
23546,16775.654725825127
23547,5455.629233859158
23548,5503.89194510422
23549,6982.388159250698
23550,5577.598537307527
23551,5720.351509664215
23552,5496.936187222046
23553,5768.67065845862
23554,9786.353625428199
23555,7811.941918844619
23556,5313.537865806233
23557,7734.056435580144
23558,6279.604999178484
23559,5905.748166398703
23560,7734.056435580144
23561,7754.939116239411
23562,9566.334383027435
23563,6864.937909103155
23564,7102.556290414686
23565,5863.573438875557
23566,7002.04105984578
23567,14850.095611744966
23568,10127.606185476126
23569,7628.059834252382
23570,6008.763650219356
23571,5444.083472886414
23572,5979.996127676845
23573,6079.946275469786
23574,8251.262829959795
23575,6292.030866497328
23576,6319.239783676722
23577,7460.84278213359
23578,5926.144396181166
23579,7172.425221233382
23580,7823.5628397658365
23581,7633.86250530345
23582,7540.319130858098
23583,5079.69707161432
23584,6200.149293732625
23585,7879.937288632825
23586,9407.041006144314
23587,9419.04807789781
23588,7671.188241284026
23589,5605.458399218063
23590,8719.202973659989
23591,6826.918542867813
23592,4921.412587835192
23593,7611.19222106437
23594,7688.810393270925
23595,7081.3032669877175
23596,7601.886172361493
23597,6417.7293702921725
23598,8448.747297985254
23599,5955.540395540647
23600,7042.108031683149
23601,8111.7237621850045
23602,6403.198195421661
23603,9188.794791931658
23604,7263.344400401836
23605,6207.109811882967
23606,7723.305628065635
23607,6072.8469063053435
23608,3749.109965663807
23609,8492.326533382517
23610,10320.04260941542
23611,10830.057835971063
23612,5837.574440869225
23613,7608.178846781379
23614,7151.040885630563
23615,7331.893663340776
23616,6528.527704515415
23617,8641.968780060119
23618,3613.8830066473647
23619,6576.673402344186
23620,7606.927615742914
23621,6654.779337284012
23622,5846.535186467903
23623,6857.043234053492
23624,8923.154065947403
23625,7588.667610013521
23626,8397.986577843456
23627,7708.223959875272
23628,7648.625871183965
23629,5935.739419277943
23630,7097.380348284017
23631,7053.758554423455
23632,8128.439919275126
23633,9102.734983901131
23634,5272.157014194244
23635,9343.907118086248
23636,8483.265930348169
23637,7695.507602233182
23638,6035.270655478622
23639,3991.8698656622764
23640,6697.8993641832985
23641,7055.794617876133
23642,7648.625871183965
23643,7743.972561816509
23644,7190.533478270858
23645,7930.216753852561
23646,7276.158454274932
23647,7462.984317564502
23648,8887.215351753095
23649,6314.156947402755
23650,9372.90482561145
23651,11582.264903686459
23652,7885.238880062828
23653,5435.489069917406
23654,6324.849670215844
23655,5353.447371145615
23656,4279.561340917141
23657,8752.73475188783
23658,6248.333718158325
23659,8860.471215997251
23660,5491.427988831702
23661,7336.834288848359
23662,7452.528149032474
23663,10209.791320154734
23664,5457.657266718335
23665,6621.606890329135
23666,6852.950922100331
23667,7584.107873342178
23668,6086.763997102552
23669,7379.599302152903
23670,7701.260563742781
23671,8416.157062798782
23672,8055.10165594107
23673,7677.467085624834
23674,7628.27258392911
23675,6207.981341688155
23676,5376.032203022981
23677,7841.661152182054
23678,9277.054533931769
23679,6749.914436963855
23680,15668.407406801069
23681,6891.32410468187
23682,6460.261162428524
23683,6423.323810882205
23684,7806.985270907139
23685,9004.2156560633
23686,7948.415900858399
23687,7755.784302657757
23688,7781.579215954626
23689,8067.260560684327
23690,7032.542822255644
23691,6356.526657388447
23692,5970.375055555233
23693,5683.599603352592
23694,4589.441091310327
23695,6397.042953847553
23696,9447.57692981344
23697,17227.716738909003
23698,7666.361136074285
23699,7475.783783475441
23700,8090.446070440804
23701,5006.345146516221
23702,8088.041568110091
23703,4285.685863237306
23704,9060.837780895246
23705,7551.408348199981
23706,7551.408348199981
23707,13048.353166813487
23708,13209.235429376184
23709,6640.504241520518
23710,7713.447244248674
23711,4233.778579277703
23712,7100.603457527411
23713,7468.742853835836
23714,8711.63946601359
23715,5258.65655473554
23716,5635.547107070199
23717,6700.76727893736
23718,6005.477913450307
23719,8621.27567399227
23720,8016.0382840803095
23721,7385.703233620306
23722,7559.706976300541
23723,7961.585823400779
23724,8298.30042860751
23725,6331.994063548664
23726,5552.768841963982
23727,7578.533239844793
23728,5677.276048250111
23729,7661.958376586898
23730,7236.700497514282
23731,5304.675419859186
23732,7868.387013334824
23733,6716.059503337596
23734,5491.1823351172825
23735,7154.24666060978
23736,7809.048870127368
23737,8112.1544770886085
23738,8445.35047638295
23739,7580.894744931548
23740,3969.6258525965345
23741,6369.29798626541
23742,7242.544212279122
23743,5439.3134336485955
23744,7070.74538478594
23745,7773.351935867995
23746,12728.281548940466
23747,8280.648024301721
23748,7560.911087857895
23749,7858.066963008689
23750,4938.123868113546
23751,7641.325285530596
23752,7043.128280630113
23753,12806.150131673916
23754,7021.337337452224
23755,5788.557187886554
23756,5921.362841078244
23757,5345.556664357057
23758,7333.185012847984
23759,17682.293109664184
23760,5028.327673447985
23761,5504.678409214094
23762,10320.083895141142
23763,6847.685653218577
23764,7382.48023998659
23765,7567.189932198703
23766,6534.04820675032
23767,6120.742400451643
23768,5250.124046696025
23769,8338.333762969873
23770,6369.069109806018
23771,7289.490362550511
23772,7721.122342263894
23773,4800.1842784070695
23774,7556.728835799792
23775,7493.35043420861
23776,4496.284924620918
23777,8128.729519306846
23778,8030.06310201324
23779,4914.036803249267
23780,7650.615068940808
23781,7131.290774727232
23782,6379.301105949586
23783,9904.581001953959
23784,7570.594318738077
23785,9320.816149928338
23786,6820.1300932347585
23787,5784.0102711343425
23788,7763.802456556112
23789,4674.3320831925885
23790,7661.958376586898
23791,4135.0884607809585
23792,6399.815716791652
23793,6240.930371135523
23794,7567.189932198703
23795,6195.9098112996835
23796,7559.174264014308
23797,7159.586870233848
23798,8658.302426653341
23799,6346.857880526364
23800,7541.3202865469075
23801,7017.3527927133555
23802,9328.681604866702
23803,7661.958376586898
23804,6865.719068221104
23805,5052.160272736766
23806,6378.284693494876
23807,7577.444297441418
23808,5158.231912731169
23809,7580.894744931548
23810,7749.727468923956
23811,7098.088007601287
23812,11122.276324541433
23813,7036.42690220002
23814,5349.645069379846
23815,12137.648569375604
23816,7570.594318738077
23817,7573.799681592376
23818,9250.4629154097
23819,9949.176256610144
23820,7100.312575629329
23821,5861.648556737235
23822,7555.058903732477
23823,6146.880800038704
23824,6682.383302995536
23825,6608.228992028019
23826,5583.706362744379
23827,6866.168889115872
23828,8084.457701654774
23829,7194.601661215367
23830,8217.857305402636
23831,7562.884197943338
23832,6941.3890532767955
23833,4952.693848508693
23834,8381.12019994062
23835,7856.139340728425
23836,6607.153474692126
23837,6908.107919699013
23838,8289.851984572457
23839,7368.989305843232
23840,7265.020900709298
23841,5632.069963486135
23842,7371.314905898507
23843,7547.273172111838
23844,7565.857780426096
23845,7435.259354811349
23846,4353.7105320690835
23847,8120.275443488283
23848,7900.886000116509
23849,7346.87890606077
23850,7935.504670168945
23851,7580.894744931548
23852,6731.589802643102
23853,5730.2703719568335
23854,4100.189227783373
23855,7298.976419783209
23856,7570.594318738077
23857,7320.6781250848435
23858,10436.81511377381
23859,8496.056716897487
23860,5717.85906752112
23861,8973.681179721254
23862,4004.767014554379
23863,3233.5617965647502
23864,6997.820686626234
23865,12537.620490002377
23866,8456.297243717088
23867,7609.0503869814775
23868,5752.021692248357
23869,7594.986165067651
23870,8753.066253871863
23871,6680.315190969655
23872,8752.408437248236
23873,5865.95475280187
23874,5207.762511473335
23875,5811.772820693103
23876,7305.255593462187
23877,6672.591708029658
23878,5450.714096763703
23879,6819.449514736513
23880,4568.50545240237
23881,7913.713716212595
23882,7963.240794234016
23883,5937.601850978624
23884,7609.0503869814775
23885,7650.615068940808
23886,5972.517224301048
23887,5583.5342290014305
23888,8464.492370047466
23889,8227.278708061027
23890,7217.114975081581
23891,4206.761854089034
23892,13528.854748614185
23893,6744.395240591871
23894,6054.66891767692
23895,9008.323046772528
23896,8677.682530437023
23897,8127.6643440075895
23898,6398.818646568866
23899,7598.577024268143
23900,11141.754098704714
23901,15677.149752747253
23902,5767.129388055333
23903,5479.674947551103
23904,5431.265528981206
23905,7034.028505932303
23906,6693.295600512951
23907,8963.862567539023
23908,9250.465754691075
23909,6708.980754234874
23910,4647.4567741367655
23911,6759.5750804090685
23912,7945.9430587606885
23913,5875.362794346767
23914,7615.172370223653
23915,4392.80643602984
23916,8019.058671431304
23917,7846.590394776735
23918,8065.068991654128
23919,9216.693193602123
23920,7526.019967231085
23921,5578.3535955739535
23922,7628.660159665132
23923,8369.81397096177
23924,8764.648362107273
23925,8161.111929293907
23926,7568.100167935066
23927,6985.678201668477
23928,7542.501200565429
23929,10078.755135131307
23930,4847.082651018873
23931,9588.12913732135
23932,7566.754568028484
23933,5237.46074116918
23934,6982.156461334146
23935,6449.85932488009
23936,8006.3890993567
23937,7378.330110887797
23938,4173.197823845822
23939,5015.110279986504
23940,8016.335925273099
23941,9095.618336369189
23942,10740.444231755566
23943,6061.142715013217
23944,6435.48202091421
23945,7146.522627018141
23946,6470.437181394215
23947,6063.999253681915
23948,9439.980459588167
23949,7598.159896396728
23950,13178.992811417746
23951,5234.71420595172
23952,6317.224506435847
23953,10024.41432142857
23954,8655.681555679488
23955,6275.413560268036
23956,7757.25997490991
23957,7171.017890379598
23958,6064.040953196258
23959,6711.658977050308
23960,5358.278580531843
23961,5450.700083519722
23962,6941.29008019049
23963,5855.312982842431
23964,5749.540713415041
23965,9532.472635150887
23966,7564.143252258359
23967,22072.30221428571
23968,6837.373688983763
23969,4973.499820083896
23970,7861.217787960946
23971,8418.001140411465
23972,6556.8465258008355
23973,7699.623851782738
23974,6487.961496239981
23975,8164.186074737801
23976,7791.356631905428
23977,6366.038199281911
23978,6311.6620268053075
23979,7683.878364071523
23980,7718.718777505286
23981,7576.385377370174
23982,8585.240560527001
23983,6147.037728197545
23984,5333.6947480439085
23985,6717.676633255312
23986,10213.54897045422
23987,10668.262575291801
23988,10520.18605377813
23989,8382.466799214728
23990,4787.013368422118
23991,7547.4516674345305
23992,5497.8222482866095
23993,7715.9925933854165
23994,13078.619986837777
23995,9714.424211954534
23996,6261.135207622688
23997,5444.16273451642
23998,4885.650191322003
23999,6568.880354334995
24000,11044.266706650516
24001,7360.847001711597
24002,5811.044078884423
24003,5948.603419933372
24004,7716.5232107064985
24005,4806.123493193193
24006,7601.153121938406
24007,5856.472542631911
24008,7391.048971560057
24009,7708.572813742627
24010,7742.553698830304
24011,8001.175953813288
24012,6544.007666079199
24013,5311.277456934805
24014,7020.0715560119315
24015,7484.2021099839185
24016,12048.773741531919
24017,6678.500111174687
24018,8448.81688693092
24019,7286.926909467514
24020,9340.362395088567
24021,7615.697868303122
24022,9305.918956669144
24023,5864.996406289476
24024,5192.677111769244
24025,6334.733244375671
24026,6682.628787727843
24027,8063.334941058724
24028,8164.925665076836
24029,6407.218443050119
24030,7188.586535118031
24031,6886.8643910500405
24032,10006.501623666465
24033,5333.574871542378
24034,8085.464517115918
24035,5154.5591423006135
24036,6485.731589631298
24037,8529.267225909345
24038,5767.895403048614
24039,6881.147586396933
24040,6903.312198018192
24041,7693.887494179386
24042,5639.372321482706
24043,5932.413786747613
24044,7627.415988223266
24045,7551.254233892837
24046,7210.211641511303
24047,5185.044032932827
24048,7293.836561809394
24049,12919.844460177967
24050,7621.853671175802
24051,5291.980207315963
24052,7552.833191643905
24053,6992.348738647315
24054,6272.923156113978
24055,7991.23643942984
24056,6863.047276224609
24057,7721.904336361714
24058,6425.398116860158
24059,7438.131950492009
24060,6800.384373042108
24061,6159.909996827869
24062,7397.500796002237
24063,6021.098252411097
24064,8212.830398622928
24065,9212.589558342026
24066,5528.986482871618
24067,5441.753385725509
24068,7121.428150180568
24069,6577.101764889043
24070,6344.791025748326
24071,9142.547173002115
24072,7108.837007717538
24073,8061.09081915158
24074,6322.497919652787
24075,5334.189814645686
24076,6977.972456632842
24077,7730.972880307274
24078,8631.376573852765
24079,8994.607094302459
24080,7758.199998697736
24081,6297.738269862631
24082,8297.743311998554
24083,7418.603289438645
24084,8243.912912948344
24085,7759.164998762089
24086,7207.179639235845
24087,7892.6102186718535
24088,8424.99633226344
24089,7706.805023476073
24090,7549.495371149584
24091,7661.637333200371
24092,7898.3458744028185
24093,6316.700990252587
24094,5337.422073045641
24095,5627.030267246414
24096,7593.728531378247
24097,7399.140484517578
24098,5830.523999008747
24099,7357.969677127138
24100,6929.560881063925
24101,6664.987466500682
24102,7310.61079725162
24103,7064.752215320454
24104,7552.476726522772
24105,7666.263855349996
24106,7028.871046151868
24107,5915.379927720391
24108,7383.726765618536
24109,7600.9672144296455
24110,4249.091029547352
24111,7571.802457993922
24112,5733.806175978496
24113,7810.454425170378
24114,7834.942176729152
24115,6802.412965209901
24116,11783.451356263904
24117,6481.920460719779
24118,5394.644977836208
24119,10930.34150295546
24120,7399.171738935298
24121,8890.639929879
24122,7431.625726242214
24123,6009.5101283438225
24124,7550.5850624341365
24125,5859.23515409731
24126,8831.695326887326
24127,7815.997768698927
24128,6704.74622674318
24129,3508.5971792558903
24130,7454.146756356104
24131,9677.206826487522
24132,9754.795111157893
24133,7428.944499573428
24134,7466.856766775089
24135,7078.814588312517
24136,5918.3397649401795
24137,3847.426210681682
24138,5669.8184353456045
24139,7539.680236749088
24140,7521.168719749564
24141,7272.651544869883
24142,7204.693313320762
24143,8424.99633226344
24144,9409.38471015417
24145,7660.038173361769
24146,6453.474214111999
24147,7414.611529939512
24148,8538.723988154306
24149,6932.0378910377785
24150,8135.455796642315
24151,6691.126321685044
24152,6831.689052141385
24153,4936.498515913022
24154,7659.937102912172
24155,5835.262001378343
24156,7761.773464223177
24157,7690.422726121138
24158,9087.871208259377
24159,8388.892865606773
24160,7523.229216981903
24161,8591.336054176943
24162,18741.75379070101
24163,11042.409003814771
24164,5789.784653409212
24165,3173.0864558072244
24166,7007.544416126906
24167,9101.501452701996
24168,6830.681584956707
24169,13396.220963486678
24170,19115.528939835287
24171,4571.241012362381
24172,5715.543294030739
24173,8595.509367853965
24174,5618.295505114659
24175,9584.628982625363
24176,7139.588671558804
24177,7674.7110537253975
24178,4471.372199483549
24179,7665.867578253185
24180,7635.05970903078
24181,7655.584156889047
24182,10556.487786744596
24183,6116.812193811757
24184,7544.922232989214
24185,7282.938643059778
24186,5912.085559205505
24187,7076.292534927833
24188,8211.78034223197
24189,6514.541106358901
24190,7054.822482324151
24191,7507.6472533570695
24192,6965.443819415103
24193,6182.657819454733
24194,7649.396212195243
24195,7353.211555226942
24196,7819.143641793139
24197,5797.889550024078
24198,7797.3501362205825
24199,5951.99701105846
24200,3968.1045538557855
24201,6648.65598025827
24202,7484.0668881885995
24203,6332.465458332697
24204,5363.770862650709
24205,9097.699611688788
24206,7381.241785562365
24207,9637.13505042196
24208,7338.419501764763
24209,7644.3500596741615
24210,5933.99277375905
24211,5296.018220047776
24212,8044.002551350845
24213,6577.629554465491
24214,8505.008691584406
24215,14496.28716033001
24216,7752.9552829757085
24217,7346.628240941991
24218,5805.699879752638
24219,6791.37626202269
24220,7689.829547731701
24221,5081.085364933921
24222,6691.592508718222
24223,7757.704079450001
24224,5852.571207210013
24225,16063.120900793649
24226,13733.369172380808
24227,5185.601071041478
24228,7725.595271686138
24229,5728.5665190831505
24230,7709.600828166918
24231,6428.0921284879205
24232,12915.526005257405
24233,9490.734493068485
24234,9311.691529525808
24235,6159.556748993783
24236,7709.600828166918
24237,5055.726131839232
24238,9030.844915934775
24239,7257.832551336019
24240,6684.584661220678
24241,6031.222137510474
24242,6562.864117262818
24243,9388.409393493705
24244,7728.954614553207
24245,6063.654255733552
24246,7536.211652533222
24247,7655.221734248311
24248,9765.232736989516
24249,5442.84113164416
24250,5751.518786706812
24251,7577.164293818668
24252,11056.725027729022
24253,7658.044492892847
24254,7613.365583928455
24255,7215.015867056504
24256,9523.49873526127
24257,5456.210506827798
24258,8773.898329829366
24259,6442.108213175129
24260,7721.333057905783
24261,14492.552431640916
24262,17281.39856076372
24263,7370.18470840497
24264,7918.40456394564
24265,9046.20450283279
24266,7529.155233219939
24267,7742.9332715574255
24268,6395.435754379974
24269,7477.299340615348
24270,7652.316477100622
24271,7721.333057905783
24272,4898.119618709215
24273,6237.664496706971
24274,5947.937435322661
24275,6454.8612153894765
24276,7705.574210922446
24277,5695.024015942679
24278,5721.5220505128955
24279,7579.03714914303
24280,4829.83949562972
24281,5414.612064818624
24282,6071.929643189458
24283,7215.781434306791
24284,7711.50593405362
24285,7972.945604567667
24286,7218.461763111973
24287,6284.143183362185
24288,7681.935596597426
24289,7807.483897644968
24290,8284.448999300068
24291,6056.133902260913
24292,6304.772268543955
24293,9492.760166039168
24294,7560.612505665748
24295,7605.938023757796
24296,6063.473935225156
24297,6541.227562510149
24298,8452.510691007012
24299,6717.547978752017
24300,5957.87326498192
24301,7736.79081804404
24302,7717.831442365144
24303,11186.182485175013
24304,7795.059369086375
24305,10215.354721031244
24306,4780.104308935525
24307,6167.1370423910175
24308,7460.644382290029
24309,5069.412616065307
24310,7329.411440126507
24311,5863.437424066652
24312,6786.147076959446
24313,7740.844966413257
24314,11212.49940799813
24315,10258.886204706241
24316,6015.19479394783
24317,6894.50014784713
24318,8153.6252347467935
24319,7698.315373409083
24320,6605.222855282369
24321,5515.49755777902
24322,7404.261669470289
24323,10187.824677784483
24324,4958.423850262735
24325,7329.163143662619
24326,7726.681345126715
24327,7795.939789894869
24328,8354.540541129545
24329,7677.467085624834
24330,14493.283610565362
24331,7528.362065392975
24332,7677.467085624834
24333,5534.96773108713
24334,6513.504699144439
24335,6458.722015464687
24336,5806.038343996182
24337,7692.457868245758
24338,5933.88768074626
24339,5435.491485017268
24340,7576.780194269266
24341,7475.420516599937
24342,8098.19588568245
24343,6011.3196448650715
24344,8043.451656858077
24345,7932.579571873666
24346,6431.402394091655
24347,8339.66184543642
24348,6812.226260409204
24349,6075.974629183797
24350,5520.119634458396
24351,5942.69404375021
24352,10072.042797290902
24353,6368.5703376435185
24354,5662.650103618461
24355,7938.198339445366
24356,8566.331069114443
24357,7680.133044559058
24358,7425.891504346914
24359,7690.657646269372
24360,7378.2445384578805
24361,6083.4177517463695
24362,6589.875942701366
24363,8910.772927643335
24364,6396.552518311888
24365,6729.9410770041
24366,7587.824664011721
24367,5918.917746599978
24368,5484.0140643075565
24369,5970.907392368303
24370,8193.865929944946
24371,8130.62314939262
24372,7782.430037330399
24373,11491.146767658474
24374,7685.319594732302
24375,7630.5552069909
24376,7662.994898944992
24377,8383.473421416782
24378,7688.810393270925
24379,7785.093752414917
24380,7118.901447744455
24381,8433.76059405112
24382,6192.48876437393
24383,4208.369019941442
24384,11950.12132149057
24385,6016.421332043584
24386,7246.070713149562
24387,6750.052508913063
24388,3947.6126742685783
24389,12022.026450784486
24390,5933.905231710752
24391,7580.608724033826
24392,4796.894966427739
24393,6482.9716935711285
24394,6475.711232212335
24395,8155.192476394939
24396,6492.9118422901165
24397,5248.028495630477
24398,5653.023872343858
24399,5827.867807083393
24400,4242.828446711827
24401,7734.056435580144
24402,16976.734358132577
24403,5490.868070694881
24404,5503.89194510422
24405,6735.718811464319
24406,5577.598537307527
24407,5720.351509664215
24408,5466.0978219285025
24409,5760.948258538366
24410,8441.521361361747
24411,7781.255115273226
24412,5286.401648825084
24413,7734.056435580144
24414,6279.604999178484
24415,5905.748166398703
24416,7734.056435580144
24417,7754.939116239411
24418,10125.71212571642
24419,6864.937909103155
24420,7105.027911517162
24421,5863.573438875557
24422,7002.04105984578
24423,15214.62328393177
24424,10115.79919507956
24425,7628.059834252382
24426,6133.682687670287
24427,5427.647415872281
24428,5979.996127676845
24429,6079.946275469786
24430,8251.262829959795
24431,6353.376754045993
24432,6272.43516627788
24433,7338.979985987416
24434,5917.75835399567
24435,7153.197111560014
24436,7885.224964416396
24437,7633.86250530345
24438,7411.922348894504
24439,5080.949532334858
24440,5925.806515446082
24441,7493.763892158084
24442,9412.680127473428
24443,9334.143493688096
24444,7671.188241284026
24445,5541.6802998448975
24446,8282.872589024788
24447,6838.881969613396
24448,4713.715376421209
24449,7579.966329502624
24450,7688.810393270925
24451,7081.3032669877175
24452,7601.886172361493
24453,6432.245290511021
24454,7967.647304859574
24455,5955.540395540647
24456,7042.108031683149
24457,7453.88923503819
24458,6394.669132125982
24459,9055.631466150351
24460,7249.090665606361
24461,6207.109811882967
24462,7723.305628065635
24463,6670.710147431931
24464,3743.8637805511685
24465,8450.002881094431
24466,8902.24812583601
24467,11045.845345032169
24468,5837.574440869225
24469,7608.178846781379
24470,6610.571879601042
24471,7331.893663340776
24472,6206.63292092215
24473,8641.968780060119
24474,3601.5757503293066
24475,6675.987559604564
24476,7606.927615742914
24477,6654.779337284012
24478,5819.462131273098
24479,6866.47439817478
24480,8928.107587283577
24481,7588.667610013521
24482,8631.919625487491
24483,7699.623080536989
24484,7648.625871183965
24485,5661.789238682494
24486,7097.380348284017
24487,7053.758554423455
24488,8098.5719235486295
24489,8855.431464900013
24490,5517.195127171319
24491,9154.442141535023
24492,8483.265930348169
24493,7695.507602233182
24494,6025.828365796083
24495,4064.5514390365347
24496,6697.8993641832985
24497,7062.704117876134
24498,7648.625871183965
24499,7548.049270101283
24500,7190.533478270858
24501,7916.177960102821
24502,7365.313974038425
24503,7446.835075914822
24504,8677.982386206217
24505,6314.156947402755
24506,9420.91029372185
24507,11578.556570353127
24508,7862.672663802024
24509,5417.124176168579
24510,6314.528021836295
24511,5227.15440462513
24512,4242.539315475832
24513,8752.73475188783
24514,6091.903087512366
24515,8788.800836516355
24516,5491.427988831702
24517,7512.745013391031
24518,7194.393126869887
24519,10198.597778615615
24520,5439.292372969508
24521,6122.277047006851
24522,6940.365512260885
24523,7584.107873342178
24524,6080.249928995128
24525,7300.759409638367
24526,7681.616377509832
24527,8416.157062798782
24528,8055.10165594107
24529,7677.467085624834
24530,7628.27258392911
24531,6207.981341688155
24532,5367.646160837485
24533,7841.661152182054
24534,9682.733584237267
24535,6749.914436963855
24536,14864.439427723028
24537,6934.030805108894
24538,6452.280114534601
24539,6474.294535359983
24540,7806.985270907139
24541,9004.2156560633
24542,7948.415900858399
24543,7755.784302657757
24544,7781.579215954626
24545,7747.2005446712465
24546,7032.542822255644
24547,6216.413267817681
24548,5970.375055555233
24549,5650.643088013667
24550,4701.0240577923105
24551,6397.042953847553
24552,9362.672345603722
24553,18093.593015203514
24554,7666.361136074285
24555,7475.783783475441
24556,8035.291523534529
24557,4972.045606502649
24558,8088.041568110091
24559,4273.672666350859
24560,9221.817896481198
24561,7551.408348199981
24562,7551.408348199981
24563,13048.353166813487
24564,11903.064516935185
24565,6698.741860568137
24566,7713.447244248674
24567,4209.287691412879
24568,7100.603457527411
24569,7468.742853835836
24570,8711.63946601359
24571,5263.475029094515
24572,5461.394037763419
24573,6696.705157296624
24574,6005.477913450307
24575,7840.203715593761
24576,8016.0382840803095
24577,7385.703233620306
24578,7545.112253786526
24579,7961.585823400779
24580,8297.79051744923
24581,6331.994063548664
24582,5548.197713201441
24583,7578.533239844793
24584,5567.291726022475
24585,7661.958376586898
24586,7236.700497514282
24587,5309.8172561149995
24588,7868.387013334824
24589,6726.573616181596
24590,5460.343969823742
24591,6908.76148090688
24592,7653.7411353012085
24593,8112.1544770886085
24594,8445.35047638295
24595,7580.894744931548
24596,3977.7412054565193
24597,6369.29798626541
24598,7057.705595665395
24599,5439.3134336485955
24600,7070.74538478594
24601,7773.351935867995
24602,12682.685130448537
24603,8273.834215877365
24604,7560.911087857895
24605,7858.066963008689
24606,4926.318375689305
24607,7641.325285530596
24608,7043.128280630113
24609,13629.724834355673
24610,6965.301299112423
24611,5855.35499057433
24612,5657.966158476397
24613,4716.193432335364
24614,7333.185012847984
24615,17115.269915492787
24616,5028.327673447985
24617,4878.521620343622
24618,10065.533807563688
24619,6864.671097721455
24620,7551.8175163994365
24621,7567.189932198703
24622,6534.04820675032
24623,5889.11476936966
24624,5250.124046696025
24625,8338.333762969873
24626,6362.758047187422
24627,7289.490362550511
24628,7710.740799416132
24629,4788.031507343471
24630,7556.728835799792
24631,7493.35043420861
24632,4529.440075605689
24633,8128.729519306846
24634,8015.39155832965
24635,4871.857954056915
24636,7650.615068940808
24637,7131.290774727232
24638,6379.301105949586
24639,9739.80841889257
24640,7570.594318738077
24641,9197.192887781039
24642,6820.1300932347585
24643,5551.881638042655
24644,7763.802456556112
24645,4664.942650716839
24646,7661.958376586898
24647,4161.621278350969
24648,6185.054704237075
24649,6240.930371135523
24650,7567.189932198703
24651,6195.9098112996835
24652,7559.174264014308
24653,7315.454935160237
24654,8644.217499424414
24655,6346.857880526364
24656,7588.721957439504
24657,7069.764894980321
24658,9275.67417115673
24659,7661.958376586898
24660,6864.7135339458555
24661,3490.386213473658
24662,6352.380835810893
24663,7577.444297441418
24664,5125.073281418039
24665,7580.894744931548
24666,7741.987781423955
24667,7176.2228290584935
24668,11132.392622544507
24669,7036.42690220002
24670,5349.645069379846
24671,12153.041280384747
24672,7570.594318738077
24673,7573.799681592376
24674,9263.736736525192
24675,10258.048190940275
24676,6523.158053981739
24677,5856.97144135262
24678,7555.058903732477
24679,6146.880800038704
24680,6475.519536985606
24681,6593.958064535979
24682,5575.3203205588825
24683,6610.4206263456435
24684,8069.2412996866715
24685,7194.601661215367
24686,8217.857305402636
24687,7562.884197943338
24688,6941.3890532767955
24689,4952.693848508693
24690,8155.597378406173
24691,7856.139340728425
24692,6607.153474692126
24693,6908.107919699013
24694,8289.851984572457
24695,7368.989305843232
24696,7253.172776918196
24697,5636.784157625329
24698,7371.314905898507
24699,7547.273172111838
24700,7565.857780426096
24701,7435.259354811349
24702,4356.845135123473
24703,8044.691493985321
24704,7676.06138783628
24705,7346.87890606077
24706,7935.504670168945
24707,7580.894744931548
24708,6791.748961526095
24709,5714.086313377208
24710,4288.854726526658
24711,7253.845638363501
24712,7570.594318738077
24713,7177.607252533082
24714,10437.527248341821
24715,8606.050596244233
24716,5717.85906752112
24717,9010.48667118005
24718,4086.2134515948874
24719,3536.4393346071442
24720,7063.054073698082
24721,12410.609899953533
24722,8390.398244298563
24723,7609.0503869814775
24724,5752.021692248357
24725,7594.986165067651
24726,9140.774199831483
24727,6680.315190969655
24728,8501.250426763434
24729,5873.013405953423
24730,5265.658304821026
24731,5718.27241321419
24732,7305.255593462187
24733,6672.591708029658
24734,5450.714096763703
24735,6810.449851591141
24736,4568.50545240237
24737,7883.580916453801
24738,7669.058042236197
24739,5937.601850978624
24740,7609.0503869814775
24741,7650.615068940808
24742,5995.92330734468
24743,5589.367895668098
24744,8406.649119288939
24745,8227.278708061027
24746,7143.949236770433
24747,4202.404310253319
24748,12807.394967486873
24749,6712.9159413720945
24750,6045.643285566339
24751,8999.60006387873
24752,8379.158841183262
24753,8127.6643440075895
24754,6386.1825520734155
24755,7598.577024268143
24756,9676.271211700725
24757,15603.637752747252
24758,5700.7094950483415
24759,5479.674947551103
24760,5429.261952058129
24761,7119.302804447123
24762,6631.574845206329
24763,8984.101318949777
24764,9249.101788679294
24765,6683.9509287080555
24766,4651.389720448895
24767,6860.463902631547
24768,7945.9430587606885
24769,5843.9456412095205
24770,7615.172370223653
24771,4392.80643602984
24772,7783.190047740154
24773,7871.423907824047
24774,8065.068991654128
24775,9216.693193602123
24776,7521.306839941707
24777,5563.996470537171
24778,7628.660159665132
24779,7899.841377675967
24780,8764.648362107273
24781,8161.111929293907
24782,7568.100167935066
24783,7034.78447041764
24784,7542.501200565429
24785,10067.52205709267
24786,4842.51152225633
24787,9580.74525287864
24788,7566.754568028484
24789,5237.46074116918
24790,7009.710149531564
24791,6455.305012624549
24792,8006.3890993567
24793,7378.330110887797
24794,4199.550214428341
24795,4831.632688991763
24796,8016.335925273099
24797,9184.987966070968
24798,10367.962061545053
24799,6061.142715013217
24800,6461.684544351413
24801,7206.654147764802
24802,6462.75468480368
24803,6063.999253681915
24804,9425.30889765373
24805,7603.524434138352
24806,12761.033061778495
24807,5052.167417562183
24808,5975.91229492437
24809,10010.35490873016
24810,8743.681120110647
24811,6245.599834080404
24812,7742.588412975472
24813,7092.559637345719
24814,6064.040953196258
24815,6404.873097474538
24816,5436.913175959253
24817,5450.700083519722
24818,6941.29008019049
24819,5833.57667154734
24820,5744.6210564365565
24821,9532.472635150887
24822,7564.143252258359
24823,21769.08725
24824,6784.446522317095
24825,4981.2443623526015
24826,8232.132554974702
24827,8418.52435035941
24828,6556.8465258008355
24829,7699.623851782738
24830,6487.961496239981
24831,8489.412399780784
24832,7791.356631905428
24833,6391.284207365293
24834,6361.585275237761
24835,7683.878364071523
24836,7742.471875736977
24837,7576.385377370174
24838,8549.220325363338
24839,6147.037728197545
24840,5332.336736396076
24841,6720.8216023374025
24842,10230.947777320118
24843,10700.092807434656
24844,10502.203580713209
24845,8407.343273186518
24846,4585.009176351119
24847,7547.4516674345305
24848,5569.185607682668
24849,7718.158449760226
24850,13369.652502710793
24851,9708.633536818124
24852,6350.790464530648
24853,5669.951072855068
24854,4895.096245793401
24855,6589.991088663595
24856,12425.475357115067
24857,7360.847001711597
24858,5790.6221162334505
24859,5951.105259480141
24860,8466.524454026461
24861,4809.476966877404
24862,7609.875791214336
24863,5856.472542631911
24864,7297.430737960604
24865,7708.572813742627
24866,7742.553698830304
24867,8001.175953813288
24868,6544.007666079199
24869,5382.392218663023
24870,7020.0715560119315
24871,7484.2021099839185
24872,11802.172199936573
24873,6678.500111174687
24874,8616.34888153274
24875,7402.605010349631
24876,9340.362395088567
24877,7615.697868303122
24878,9320.607220671587
24879,5868.420883217852
24880,5192.677111769244
24881,6551.478768777303
24882,6682.628787727843
24883,8070.871263645083
24884,8164.925665076836
24885,6407.218443050119
24886,7159.351238537618
24887,6976.775091409007
24888,9659.12525416071
24889,5333.574871542378
24890,8235.352729915876
24891,5241.623808930298
24892,6558.111730552649
24893,8863.11461231803
24894,5767.895403048614
24895,6912.378401945241
24896,7054.559993264094
24897,7693.887494179386
24898,5679.983273947694
24899,5932.413786747613
24900,7627.415988223266
24901,7551.254233892837
24902,7326.2744905480395
24903,5204.295125689933
24904,7293.836561809394
24905,12936.223377080349
24906,7621.853671175802
24907,5295.6047944871525
24908,7552.833191643905
24909,6992.348738647315
24910,6272.923156113978
24911,7991.23643942984
24912,6863.047276224609
24913,7721.904336361714
24914,6446.776595633522
24915,7475.508356073271
24916,6800.384373042108
24917,6159.909996827869
24918,7397.500796002237
24919,6002.933121860788
24920,8237.30647265663
24921,9062.604690928392
24922,5546.629742325349
24923,5446.790234210357
24924,7121.428150180568
24925,6570.392724710471
24926,6344.791025748326
24927,9156.249526913753
24928,7108.837007717538
24929,8103.701413950992
24930,6322.497919652787
24931,5353.707787317026
24932,6992.413693159386
24933,7730.972880307274
24934,8720.39310585533
24935,9040.031575915298
24936,7758.199998697736
24937,6297.738269862631
24938,8290.762092700308
24939,7418.603289438645
24940,8451.023270589549
24941,7759.164998762089
24942,7207.179639235845
24943,7892.6102186718535
24944,8424.99633226344
24945,7706.805023476073
24946,7549.495371149584
24947,7661.637333200371
24948,7898.3458744028185
24949,6316.700990252587
24950,5337.422073045641
24951,5678.716368173697
24952,7593.728531378247
24953,7392.672311440656
24954,5837.960698524681
24955,7357.969677127138
24956,6934.501669952813
24957,6664.987466500682
24958,7310.61079725162
24959,7064.752215320454
24960,7559.760518785622
24961,7673.556131485366
24962,7028.871046151868
24963,5915.379927720391
24964,7383.726765618536
24965,7611.162280809659
24966,4215.538190902664
24967,7571.802457993922
24968,5767.533691804823
24969,7810.454425170378
24970,8085.208911885499
24971,6826.594099005006
24972,11760.366403882952
24973,6675.57135143501
24974,5381.529309224699
24975,11535.761011441247
24976,7437.126400513559
24977,8890.639929879
24978,7431.625726242214
24979,5065.539268199036
24980,7550.5850624341365
24981,5877.720404715794
24982,8848.05929025729
24983,7879.038442504107
24984,6717.654345687166
24985,3625.1709237459227
24986,7463.212191096071
24987,9737.763078569405
24988,9800.567321321078
24989,7479.599149099218
24990,7527.651116510138
24991,7077.696879979185
24992,5918.3397649401795
24993,3852.0285610210613
24994,5669.8184353456045
24995,7539.680236749088
24996,7521.168719749564
24997,7273.915517312915
24998,7204.693313320762
24999,8424.99633226344
25000,9450.466064854767
25001,7660.038173361769
25002,6453.474214111999
25003,7414.611529939512
25004,8601.764661959485
25005,6932.0378910377785
25006,8225.422036415042
25007,6696.1631701698925
25008,6831.689052141385
25009,4945.86803316009
25010,7756.461343051025
25011,5909.268019252899
25012,7761.773464223177
25013,7711.802684440394
25014,9023.870962091152
25015,8460.668656740592
25016,7523.229216981903
25017,8613.119760017378
25018,18990.108471121635
25019,11071.211592594284
25020,6205.6214368257615
25021,3209.2930249938595
25022,7012.808524091507
25023,9382.360403274562
25024,6491.859326079884
25025,13311.26179682001
25026,19124.845675332723
25027,4606.906207528326
25028,5726.83325739444
25029,8209.756634380625
25030,5678.6837333967715
25031,10457.330078774887
25032,7229.247148150342
25033,7674.7110537253975
25034,4525.643699483549
25035,7831.063907149894
25036,7635.05970903078
25037,7655.584156889047
25038,10569.948473681532
25039,6120.406733561124
25040,7544.922232989214
25041,7319.905181176781
25042,6106.097542697003
25043,7076.292534927833
25044,8215.707969682951
25045,6516.858047870063
25046,7054.822482324151
25047,7507.6472533570695
25048,6965.443819415103
25049,6381.849773950547
25050,7649.396212195243
25051,7353.211555226942
25052,7819.143641793139
25053,5797.889550024078
25054,7442.242897706477
25055,5999.484128022752
25056,4077.808378335404
25057,7007.290824479558
25058,7484.0668881885995
25059,6327.906821969061
25060,5368.145343853717
25061,9277.386005172979
25062,7384.504354189815
25063,9648.14055508201
25064,7351.554133837704
25065,7644.3500596741615
25066,5933.99277375905
25067,5299.642807218966
25068,8044.002551350845
25069,6577.629554465491
25070,8509.255917289734
25071,14418.08748839044
25072,7752.9552829757085
25073,7326.455886696549
25074,5800.249509025628
25075,6791.882720356024
25076,7689.829547731701
25077,5079.324225879387
25078,6705.4152080532085
25079,7757.704079450001
25080,5852.128513913496
25081,17626.502555555555
25082,13996.732585790965
25083,5171.87925135541
25084,7725.595271686138
25085,5760.387261763744
25086,7709.600828166918
25087,6437.303557059349
25088,12538.830436311651
25089,9521.132586296346
25090,9344.087555950086
25091,6177.314977980297
25092,7709.600828166918
25093,4995.452440221668
25094,9060.398387106108
25095,7257.832551336019
25096,6684.584661220678
25097,6031.222137510474
25098,6557.87370059615
25099,9388.409393493705
25100,7728.954614553207
25101,6063.654255733552
25102,7536.211652533222
25103,7655.221734248311
25104,9724.667627851073
25105,5467.684759432063
25106,5757.4572732336555
25107,7577.164293818668
25108,11267.802696555744
25109,7658.044492892847
25110,7613.365583928455
25111,7295.074819310863
25112,9523.49873526127
25113,5452.217671840203
25114,8745.950187786193
25115,6442.108213175129
25116,7721.333057905783
25117,16147.880265645417
25118,17023.87112103263
25119,7370.18470840497
25120,7918.40456394564
25121,9051.713907594694
25122,7529.155233219939
25123,7742.9332715574255
25124,6395.435754379974
25125,7477.299340615348
25126,7652.316477100622
25127,7721.333057905783
25128,4898.119618709215
25129,6243.710875836555
25130,5947.937435322661
25131,6454.8612153894765
25132,7705.574210922446
25133,5730.166681700198
25134,5721.5220505128955
25135,7579.03714914303
25136,4829.83949562972
25137,5414.142048612399
25138,6071.929643189458
25139,7240.903835030413
25140,7711.50593405362
25141,7972.945604567667
25142,7218.461763111973
25143,6284.143183362185
25144,7681.935596597426
25145,7807.483897644968
25146,8321.52588997583
25147,6089.555903342412
25148,6155.110252670939
25149,9492.760166039168
25150,7560.612505665748
25151,7605.938023757796
25152,6063.473935225156
25153,6705.015270963348
25154,8556.731550584504
25155,6746.056528468891
25156,5994.940137043204
25157,7736.79081804404
25158,7717.831442365144
25159,11313.271003100348
25160,7795.059369086375
25161,10190.60213727557
25162,4836.408168157859
25163,6211.11271199802
25164,7460.644382290029
25165,5059.294941738622
25166,7329.411440126507
25167,5888.898822779431
25168,6786.147076959446
25169,7740.844966413257
25170,11747.442519196806
25171,8786.435205946013
25172,6015.19479394783
25173,6894.50014784713
25174,8153.6252347467935
25175,7698.315373409083
25176,6612.310531832593
25177,5515.49755777902
25178,7404.261669470289
25179,10164.150214797839
25180,5049.728005988279
25181,7329.163143662619
25182,7726.681345126715
25183,7795.939789894869
25184,8354.540541129545
25185,7677.467085624834
25186,14577.857613356453
25187,7528.362065392975
25188,7677.467085624834
25189,5497.554819655968
25190,6530.712625345052
25191,6458.722015464687
25192,5806.038343996182
25193,7692.457868245758
25194,5933.88768074626
25195,5435.491485017268
25196,7576.780194269266
25197,7475.420516599937
25198,8124.144489392917
25199,6011.3196448650715
25200,8043.451656858077
25201,7932.579571873666
25202,6431.402394091655
25203,8339.66184543642
25204,6845.300029391089
25205,6075.974629183797
25206,5520.119634458396
25207,6383.8454121445175
25208,10099.728364050938
25209,6368.5703376435185
25210,5666.457345681952
25211,8476.947278873686
25212,8572.721361322236
25213,7680.133044559058
25214,7425.891504346914
25215,7690.657646269372
25216,7378.2445384578805
25217,6104.785759138376
25218,6589.875942701366
25219,8910.772927643335
25220,6406.933851645221
25221,6729.9410770041
25222,7587.824664011721
25223,5918.917746599978
25224,5484.0140643075565
25225,5285.007269795838
25226,8183.867129708539
25227,8130.62314939262
25228,7782.430037330399
25229,11459.816810431177
25230,7685.319594732302
25231,7630.5552069909
25232,7662.994898944992
25233,8392.754360369836
25234,7688.810393270925
25235,7785.093752414917
25236,7118.901447744455
25237,8433.76059405112
25238,6192.48876437393
25239,4208.369019941442
25240,11844.484520870537
25241,6016.421332043584
25242,7278.874541985509
25243,6750.052508913063
25244,4056.0581032760965
25245,12193.064546387097
25246,5959.814448549703
25247,7580.608724033826
25248,4813.182412983818
25249,6556.351362413356
25250,6475.711232212335
25251,8488.051406567829
25252,6464.212011457694
25253,5248.028495630477
25254,5662.44508361164
25255,5960.371614825097
25256,4237.511724575309
25257,7734.056435580144
25258,17306.554765922574
25259,5495.768070694881
25260,5503.89194510422
25261,7420.395051191349
25262,5577.598537307527
25263,5738.636911706977
25264,5466.0978219285025
25265,5895.566840580884
25266,8446.78412206401
25267,7784.369925680841
25268,5291.318798930792
25269,7734.056435580144
25270,6279.604999178484
25271,5905.748166398703
25272,7734.056435580144
25273,7754.939116239411
25274,10154.0153758421
25275,6881.419817649786
25276,7101.384350440557
25277,5863.573438875557
25278,7007.903461759656
25279,16948.02776731696
25280,10044.736150704128
25281,7628.059834252382
25282,6205.804040391914
25283,5427.647415872281
25284,5979.996127676845
25285,6079.946275469786
25286,8251.262829959795
25287,6345.204182133954
25288,6289.942908176823
25289,7378.174563010989
25290,5917.75835399567
25291,7158.865501803915
25292,8059.525732599578
25293,7633.86250530345
25294,7421.124967942125
25295,5080.949532334858
25296,5965.949884462296
25297,7479.097013770178
25298,9555.131407195558
25299,9334.143493688096
25300,7671.188241284026
25301,5565.12619532643
25302,8293.169844944892
25303,6857.931667653336
25304,4713.715376421209
25305,7579.966329502624
25306,7688.810393270925
25307,7081.3032669877175
25308,7601.886172361493
25309,6445.626588927574
25310,7960.616998813866
25311,5955.540395540647
25312,7042.108031683149
25313,7440.688637031545
25314,6387.484632125982
25315,9055.631466150351
25316,7249.090665606361
25317,6207.109811882967
25318,7723.305628065635
25319,6408.63473229847
25320,4066.730972117636
25321,8446.97632574502
25322,8906.858578459858
25323,11167.248275660048
25324,5840.774605961812
25325,7608.178846781379
25326,6633.115652347748
25327,7331.893663340776
25328,6200.265633043363
25329,8641.968780060119
25330,3591.66946461502
25331,6883.514422765097
25332,7606.927615742914
25333,6681.96733421399
25334,5799.283060268939
25335,6866.47439817478
25336,8992.264693274203
25337,7588.667610013521
25338,8810.451461357583
25339,7691.775187679845
25340,7648.625871183965
25341,5602.662860291266
25342,7097.380348284017
25343,7039.131054423455
25344,8152.046642973611
25345,8941.59847704858
25346,5193.833226375313
25347,9393.672343915974
25348,8483.265930348169
25349,7695.507602233182
25350,6076.305027383716
25351,4146.197468855054
25352,6697.8993641832985
25353,7072.083648764165
25354,7648.625871183965
25355,7481.814399221755
25356,7190.533478270858
25357,7916.177960102821
25358,7424.704942671462
25359,7669.414897516861
25360,8734.461274290685
25361,6314.156947402755
25362,9547.985878256743
25363,11595.892367454577
25364,7862.672663802024
25365,5417.124176168579
25366,6314.528021836295
25367,5236.184465824242
25368,4225.131267263944
25369,8752.73475188783
25370,6096.341448056585
25371,8795.177290501724
25372,5497.784102451773
25373,7582.951945667005
25374,7176.9388924996065
25375,11676.597239295877
25376,5439.292372969508
25377,6144.9605310241905
25378,7063.346576666669
25379,7584.107873342178
25380,6088.8115871123655
25381,7542.910069200884
25382,7681.616377509832
25383,8431.442849364745
25384,8055.10165594107
25385,7677.467085624834
25386,7628.27258392911
25387,6207.981341688155
25388,5367.646160837485
25389,7841.661152182054
25390,10162.593627599244
25391,6749.914436963855
25392,15295.896145172515
25393,6934.54839955334
25394,6449.054813192379
25395,6493.9296061791965
25396,7806.985270907139
25397,9004.2156560633
25398,7948.415900858399
25399,7755.784302657757
25400,7781.579215954626
25401,7929.9166596549285
25402,7032.542822255644
25403,6216.413267817681
25404,5970.375055555233
25405,5656.25037612388
25406,4772.819601331571
25407,6397.042953847553
25408,9362.672345603722
25409,18111.526433371662
25410,7666.361136074285
25411,7475.783783475441
25412,8363.669576229804
25413,4818.1238510744015
25414,8088.041568110091
25415,4212.543449475072
25416,9190.760511982897
25417,7551.408348199981
25418,7551.408348199981
25419,13086.760854980817
25420,12288.838998869918
25421,6816.3530523890295
25422,7713.447244248674
25423,4209.287691412879
25424,7100.603457527411
25425,7468.742853835836
25426,8711.63946601359
25427,5263.475029094515
25428,5263.822044256925
25429,6844.60011614073
25430,6005.477913450307
25431,7964.425642140142
25432,8016.0382840803095
25433,7385.703233620306
25434,7545.112253786526
25435,7961.585823400779
25436,8459.338149421179
25437,6331.994063548664
25438,5696.875556478342
25439,7578.533239844793
25440,5563.362442396743
25441,7661.958376586898
25442,7236.700497514282
25443,5425.48165288224
25444,7868.387013334824
25445,6736.250226274315
25446,5460.343969823742
25447,6807.630791997106
25448,7876.6287783203015
25449,8112.1544770886085
25450,8445.35047638295
25451,7580.894744931548
25452,4007.691252441593
25453,6369.29798626541
25454,7053.209345665395
25455,5439.3134336485955
25456,7091.541834542123
25457,7773.351935867995
25458,12722.241028417357
25459,8418.107212526316
25460,7560.911087857895
25461,7858.066963008689
25462,4978.894989797214
25463,7641.325285530596
25464,7043.128280630113
25465,13859.682643548018
25466,6965.301299112423
25467,5887.885249966475
25468,5646.38985652013
25469,4726.219526404629
25470,7333.185012847984
25471,17140.514082159454
25472,5040.83406867013
25473,4881.213588062416
25474,10054.693303290183
25475,6951.503603203375
25476,7626.463758456738
25477,7567.189932198703
25478,6534.04820675032
25479,5889.11476936966
25480,5250.124046696025
25481,8338.333762969873
25482,6367.410348442652
25483,7289.490362550511
25484,7737.1389277245335
25485,4811.297281791671
25486,7556.728835799792
25487,7493.35043420861
25488,4499.335147701524
25489,8128.729519306846
25490,8015.39155832965
25491,4892.897597349752
25492,7650.615068940808
25493,7131.290774727232
25494,6379.301105949586
25495,9783.91057383003
25496,7570.594318738077
25497,9181.486830162186
25498,6820.1300932347585
25499,5540.305336086388
25500,7763.802456556112
25501,4664.942650716839
25502,7661.958376586898
25503,5206.027215169197
25504,6281.312496608927
25505,6240.930371135523
25506,7567.189932198703
25507,6204.444405894278
25508,7559.174264014308
25509,7367.591522920111
25510,8644.217499424414
25511,6346.857880526364
25512,7620.42468060899
25513,7052.620881516184
25514,9365.311647375116
25515,7661.958376586898
25516,6850.131073556337
25517,3796.6407672629703
25518,6350.792502477559
25519,7577.444297441418
25520,5470.635268043142
25521,7580.894744931548
25522,7741.987781423955
25523,7248.0892650398755
25524,11159.238579304221
25525,7009.937243175802
25526,5349.645069379846
25527,12192.336221986901
25528,7570.594318738077
25529,7573.799681592376
25530,9302.633164392435
25531,9891.260402439912
25532,6512.718887315071
25533,5900.821501379671
25534,7555.058903732477
25535,6151.533101293935
25536,6475.519536985606
25537,6593.958064535979
25538,5575.3203205588825
25539,6616.680888131137
25540,8069.2412996866715
25541,7194.601661215367
25542,8217.857305402636
25543,7562.884197943338
25544,6956.745454581378
25545,4952.693848508693
25546,8090.475611085131
25547,7856.139340728425
25548,6607.153474692126
25549,6908.107919699013
25550,8289.851984572457
25551,7368.989305843232
25552,7253.172776918196
25553,5650.2514433396145
25554,7371.314905898507
25555,7547.273172111838
25556,7565.857780426096
25557,7435.259354811349
25558,4366.666103956425
25559,9075.644197025618
25560,7725.220944750572
25561,7346.87890606077
25562,7935.504670168945
25563,7580.894744931548
25564,7832.268455195138
25565,5743.53855472829
25566,4313.133738638484
25567,7281.473871790034
25568,7570.594318738077
25569,7197.527222266738
25570,10499.989549872513
25571,9992.12206950896
25572,5721.227795103146
25573,9015.317253219415
25574,4740.141059947873
25575,3562.234207451501
25576,7086.63804154863
25577,12679.23497841074
25578,8390.398244298563
25579,7609.0503869814775
25580,5752.021692248357
25581,7594.986165067651
25582,9628.966777437763
25583,6685.148524302989
25584,8495.11953125108
25585,6106.189067933842
25586,5274.135061577782
25587,5754.154040799673
25588,7305.255593462187
25589,6672.591708029658
25590,5450.714096763703
25591,6802.074858817628
25592,4618.201612410225
25593,7877.390952218472
25594,7682.131323277048
25595,5937.601850978624
25596,7609.0503869814775
25597,7650.615068940808
25598,6142.456883206031
25599,5619.758260509358
25600,8406.649119288939
25601,8227.278708061027
25602,6891.594066112939
25603,4314.060779024706
25604,13102.489727433145
25605,6659.600149275028
25606,6045.643285566339
25607,8999.60006387873
25608,9024.04323959336
25609,8127.6643440075895
25610,6386.1825520734155
25611,7598.577024268143
25612,9871.415372805703
25613,14663.856611111112
25614,5725.078178531524
25615,5491.578269727725
25616,5429.261952058129
25617,7127.352373748443
25618,6631.574845206329
25619,9483.508914099992
25620,9264.046018199406
25621,6699.651851936168
25622,4665.165577897466
25623,7025.098463323047
25624,7945.9430587606885
25625,5858.496301994435
25626,7615.172370223653
25627,4389.070134021664
25628,7792.64184403645
25629,7954.555163792277
25630,8065.068991654128
25631,9244.27266248804
25632,7521.306839941707
25633,5563.996470537171
25634,7628.660159665132
25635,7979.586509413527
25636,8764.648362107273
25637,8161.111929293907
25638,7568.100167935066
25639,7046.207595688856
25640,7542.501200565429
25641,10068.92205709267
25642,4881.047610085461
25643,9580.74525287864
25644,7551.598139457055
25645,5237.46074116918
25646,7383.260924696023
25647,6455.305012624549
25648,8018.577833050052
25649,7378.330110887797
25650,4206.376939703066
25651,4846.607108602309
25652,8016.335925273099
25653,9232.826126899245
25654,10484.23812128841
25655,6051.217457865888
25656,6452.326817078687
25657,7277.216860561972
25658,6462.75468480368
25659,6063.999253681915
25660,9425.30889765373
25661,7603.524434138352
25662,12632.441673069985
25663,5059.5212508955165
25664,6078.433207667301
25665,10129.955265873017
25666,8740.245800814218
25667,6245.599834080404
25668,7742.588412975472
25669,7145.622359194057
25670,6054.115696048929
25671,6247.906347997628
25672,5431.373348024279
25673,5455.784065329313
25674,6941.29008019049
25675,5858.818603143485
25676,5744.6210564365565
25677,9548.94205287151
25678,7564.143252258359
25679,22126.71553571428
25680,6777.118022317095
25681,5635.32676564695
25682,8736.25335609588
25683,9967.5183267153
25684,6951.499494753432
25685,7922.892050498297
25686,6773.366964781733
25687,8489.412399780784
25688,7791.356631905428
25689,6404.497504809271
25690,6528.556816670769
25691,7683.878364071523
25692,8398.654686634261
25693,7623.747096612375
25694,8566.563608946797
25695,6785.6211393233425
25696,5337.597837229543
25697,6716.618044047195
25698,10325.639257996558
25699,11679.997834571952
25700,11275.473715278844
25701,8409.212434285946
25702,5937.588663526016
25703,7027.603179506125
25704,5593.517329495948
25705,8718.218632628594
25706,13759.556711492154
25707,9892.226858742993
25708,6837.704040839218
25709,6151.582027649652
25710,5168.706448974712
25711,6589.991088663595
25712,11978.971773846943
25713,7360.847001711597
25714,5595.828553543845
25715,6071.5530280173025
25716,8465.707638386502
25717,4947.276054045906
25718,7634.402386143588
25719,6019.139888332533
25720,7297.430737960604
25721,7714.3605404348355
25722,7169.994413406163
25723,8006.917977069958
25724,6544.007666079199
25725,5551.2448090984835
25726,7661.422409047764
25727,7484.2021099839185
25728,12131.893737294364
25729,6683.481220319908
25730,9371.623222886852
25731,7425.174012665117
25732,9752.793054111418
25733,7701.982658927841
25734,10871.554142940393
25735,6440.241711968435
25736,6153.251982896629
25737,7298.254463500136
25738,6411.663881644342
25739,8843.464128492427
25740,8273.127915836149
25741,6637.677731227254
25742,7408.469918795272
25743,7018.159568742121
25744,10814.066595321347
25745,5031.310864214039
25746,11492.551421084632
25747,5653.376155682392
25748,6680.702181250984
25749,9293.525903337295
25750,5914.258501311102
25751,7234.963211035263
25752,7298.412875930927
25753,8079.775065404535
25754,5716.6395311960205
25755,5934.725921093835
25756,8031.846993152781
25757,7558.377839953443
25758,7879.220404452462
25759,5403.007584731518
25760,7844.876114611748
25761,11324.420396920545
25762,7477.688266819672
25763,5194.846180605919
25764,7552.833191643905
25765,7379.545850400909
25766,6652.844385339119
25767,7996.978462686511
25768,6574.087697734608
25769,8084.300087054948
25770,7158.147734810327
25771,7646.17218974103
25772,7530.169851537757
25773,5843.910569062835
25774,7408.886639899825
25775,6155.000744681046
25776,8270.2824725974
25777,9158.19930825176
25778,5593.823460440571
25779,5804.842083356171
25780,7121.428150180568
25781,6581.5025029871795
25782,6346.402043827023
25783,9280.545861739109
25784,7121.3171565693965
25785,8244.556827545824
25786,6344.615712063972
25787,5545.880032883626
25788,7473.5673217013045
25789,7976.088201239082
25790,8910.751024552646
25791,9091.000136099221
25792,8137.429823817935
25793,6297.738269862631
25794,8845.685817528954
25795,8016.994165659708
25796,8938.714357118557
25797,8324.291268906818
25798,7207.179639235845
25799,8963.709533023626
25800,8424.99633226344
25801,8313.96689199429
25802,7425.844750810045
25803,7829.812629722321
25804,7898.3458744028185
25805,6344.910729382224
25806,5337.422073045641
25807,5885.460990908294
25808,8449.454158944542
25809,7443.093110007031
25810,5951.28596727681
25811,8646.920442062737
25812,7244.688160419322
25813,6664.987466500682
25814,7052.736150070036
25815,7161.098379955688
25816,8133.354972081389
25817,7906.81778574581
25818,7169.029801071934
25819,6123.867023115336
25820,7365.225001803094
25821,7734.905432130438
25822,4434.704344824231
25823,7867.990017796588
25824,5778.3349469244085
25825,8782.462614689874
25826,8022.87114841473
25827,6942.831960316205
25828,11770.112993009512
25829,6931.470409465928
25830,5364.743598982422
25831,11936.086207871784
25832,7622.533003206415
25833,8890.639929879
25834,8192.551968441734
25835,5264.272628604676
25836,7194.20186056994
25837,6003.43977616302
25838,9072.692911599432
25839,10460.959917505836
25840,6717.654345687166
25841,3760.8952715770893
25842,6629.180503506251
25843,9861.606807976497
25844,9968.708123672797
25845,7637.3225799377415
25846,8118.465364274762
25847,6260.112554587331
25848,6160.127878611646
25849,4518.575433840833
25850,6066.220430011261
25851,6921.513129399213
25852,7528.40674351194
25853,8296.987757514973
25854,7744.4409435079215
25855,8424.99633226344
25856,9608.187298444287
25857,7752.977384047272
25858,6466.499301524081
25859,8591.394870294127
25860,10843.446536947798
25861,7058.900245690655
25862,8859.017575908161
25863,6447.734145674365
25864,7063.535435123998
25865,4957.237869938417
25866,8517.907566135515
25867,6049.835819040878
25868,8703.097468702785
25869,7742.839074430024
25870,9606.02705019156
25871,8768.566362399193
25872,6769.2661798270055
25873,8623.764289634102
25874,19703.99547835395
25875,12530.617550327286
25876,7174.619990946518
25877,3506.9123261571935
25878,7012.808524091507
25879,10826.592393694062
25880,6431.420110805859
25881,13284.82771348668
25882,19334.816903464394
25883,4672.591272201896
25884,6194.314985311304
25885,8589.584957694313
25886,6100.844727673743
25887,11474.702651555092
25888,7659.272489976583
25889,8113.750173163297
25890,4585.947699483549
25891,7930.050149432231
25892,7640.770454166042
25893,7630.857639119225
25894,10579.364117178784
25895,6236.175986502972
25896,6929.2631582118875
25897,7473.937006638575
25898,6563.433542943064
25899,7243.701977048301
25900,8300.708646226856
25901,6548.614537515525
25902,6868.998267589169
25903,7983.516852546013
25904,7293.108102409367
25905,6594.5149675786415
25906,8342.682151967345
25907,8040.312887446523
25908,8229.944032890546
25909,6577.322870402817
25910,8167.576910956047
25911,6360.2893326031335
25912,4113.058734683918
25913,7124.904297395675
25914,8009.276386171821
25915,6396.797829535471
25916,5387.168800321046
25917,9666.7949790759
25918,7526.568470121545
25919,9659.530340706277
25920,7529.223957259365
25921,7407.003771155758
25922,5934.837913945966
25923,5169.784745313741
25924,9547.706138202857
25925,6577.629554465491
25926,8522.429713819432
25927,15658.664019225927
25928,7758.726477691007
25929,7361.332102859533
25930,5800.249509025628
25931,6322.987666383033
25932,7738.539858266452
25933,5078.869667238219
25934,6902.204935628427
25935,8980.54863739602
25936,5940.529621243156
25937,17985.497071428566
25938,16471.40401259751
25939,5181.468534667618
25940,7732.614710933158
25941,5946.725371478815
25942,7895.733415281313
25943,6609.06401464844
25944,12503.434869175628
25945,9505.778458845363
25946,10855.574735954198
25947,6345.865357151992
25948,7946.3939073609035
25949,4995.452440221668
25950,9135.412663551087
25951,7363.47210780097
25952,6714.41383994902
25953,6031.222137510474
25954,6556.3567958342455
25955,8358.74010788157
25956,8543.883850443273
25957,6063.654255733552
25958,9226.373399418546
25959,7523.04233675661
25960,10685.643502003555
25961,5793.835171203859
25962,5790.998718510552
25963,7124.008688716402
25964,11515.985850578263
25965,7616.265016891183
25966,7618.192978641717
25967,7591.376454109903
25968,9570.516249064309
25969,5452.217671840203
25970,9684.243402867236
25971,7640.320833436714
25972,7004.467874414927
25973,16319.997140431255
25974,17784.026757692398
25975,7856.135647450075
25976,7925.449635100379
25977,10702.611852181377
25978,9719.77567252599
25979,8517.325398314539
25980,6594.405863640804
25981,8296.279788220896
25982,7711.635912951107
25983,8282.606898929927
25984,6314.694181704674
25985,7301.122255213123
25986,5947.937435322661
25987,6462.255377613628
25988,8276.317893944288
25989,5921.6323410184405
25990,5726.058819357223
25991,7579.03714914303
25992,4829.83949562972
25993,5427.502987331023
25994,6071.929643189458
25995,7455.466495908706
25996,8232.691210548352
25997,7972.945604567667
25998,7378.515433478889
25999,6284.143183362185
26000,7732.82288464511
26001,8346.180969607109
26002,9003.07120163152
26003,6291.675336408174
26004,6170.8896693376055
26005,9492.760166039168
26006,7442.080098279041
26007,7605.938023757796
26008,5033.214804641908
26009,6960.032007558338
26010,9245.34304467007
26011,6719.771798675569
26012,6048.92265149933
26013,7935.976881513816
26014,7946.219124731504
26015,12554.58209641663
26016,7821.465152990147
26017,10012.003316894197
26018,5281.294677714603
26019,6252.688071364382
26020,7122.706705772135
26021,5060.96799133209
26022,7548.447058489385
26023,6128.536405657168
26024,6600.161571930527
26025,7896.670827136845
26026,11743.452926850194
26027,9010.494765469823
26028,6015.19479394783
26029,7076.219907615998
26030,8244.990996923507
26031,7875.112525281323
26032,7488.425586803243
26033,5515.49755777902
26034,7714.672624100066
26035,11218.833931646235
26036,5043.178922350725
26037,7743.559677691072
26038,7892.6439757842945
26039,7943.692936251215
26040,8575.979940241066
26041,7780.540394392616
26042,15006.252789027996
26043,7537.307826960182
26044,7877.048264887731
26045,5653.06189545522
26046,6911.368636741466
26047,6570.388295996971
26048,5810.0225106628495
26049,7891.711852237581
26050,5933.88768074626
26051,5440.1201881194565
26052,7580.784014299549
26053,7376.654611629142
26054,8409.532561110564
26055,6011.3196448650715
26056,8102.884922762968
26057,7932.579571873666
26058,6431.402394091655
26059,8847.879564894802
26060,6961.6656501127
26061,6075.974629183797
26062,5520.119634458396
26063,6650.007157751843
26064,11177.09267857143
26065,7142.3126339030705
26066,5827.355490330161
26067,8497.244701728609
26068,8581.421602868131
26069,7687.152483806077
26070,7454.951002112764
26071,7884.570663568443
26072,6649.240639271621
26073,6140.440876456817
26074,6604.938867423738
26075,8910.772927643335
26076,7470.485340553154
26077,7304.1877290931
26078,7587.824664011721
26079,5918.917746599978
26080,5488.043407256274
26081,5471.297178800754
26082,8174.582440443003
26083,8331.317481817767
26084,8002.47963929235
26085,12663.639538377249
26086,7942.689999165936
26087,7861.760439953879
26088,7881.782459008801
26089,8548.544066170209
26090,7882.723410569994
26091,7808.061291798011
26092,7603.245118690876
26093,8452.966590479691
26094,6209.086055252282
26095,4875.8569701221695
26096,11654.293420665243
26097,6016.421332043584
26098,7561.097688404537
26099,6997.112308204619
26100,4652.379802356704
26101,13136.867340674797
26102,6004.575612897628
26103,7827.207519628023
26104,5366.762156766043
26105,6670.985776152939
26106,7707.386143065864
26107,8616.70209610632
26108,6478.320511457693
26109,6229.636661499418
26110,5746.607931055464
26111,6052.415948695075
26112,5865.497917355171
26113,8017.477822198666
26114,18042.512792577436
26115,5842.749443942489
26116,5503.89194510422
26117,7742.267515070143
26118,5577.598537307527
26119,5903.901489952177
26120,5468.582370992599
26121,6072.5369345884565
26122,8446.188683030823
26123,7784.369925680841
26124,5328.624045911647
26125,8087.107842618945
26126,6356.043648248508
26127,5911.855297140152
26128,8025.793148713999
26129,8061.723030730799
26130,10487.5632662556
26131,7985.808478943713
26132,7674.183773256327
26133,5868.44612055092
26134,6300.082361071586
26135,17048.613243512787
26136,9984.380165645656
26137,7899.5710492584985
26138,6464.489544135511
26139,5427.647415872281
26140,5979.996127676845
26141,6077.205377006168
26142,8237.316047002118
26143,6594.678017405416
26144,6531.222059878777
26145,7393.285926551355
26146,5921.577413479396
26147,7247.8876184450855
26148,8832.20591563828
26149,8015.911611121306
26150,7445.303360558232
26151,5629.836546792376
26152,6076.838720812143
26153,7483.892402119693
26154,10592.692085830306
26155,9733.859126122205
26156,7868.833680940515
26157,5585.399537442788
26158,8349.144194351724
26159,7360.199524375272
26160,5256.48057364509
26161,7643.347730376159
26162,7888.391572533821
26163,7513.503226565779
26164,7872.440975386953
26165,7194.372261136643
26166,8017.030113146413
26167,5955.540395540647
26168,7600.292938847328
26169,7460.322357980532
26170,6785.489648108195
26171,9055.631466150351
26172,7601.196887493704
26173,7426.244876084268
26174,7920.951067722124
26175,7694.294447527769
26176,4090.0914868012874
26177,8978.963628044541
26178,8886.291509304288
26179,12536.089404679386
26180,6152.597525305086
26181,7845.270517467882
26182,6940.858206984134
26183,7694.624333626514
26184,6680.754886875361
26185,8641.968780060119
26186,3641.5908571674927
26187,7312.037516739651
26188,7606.927615742914
26189,7412.112327718559
26190,5885.655972607545
26191,7684.891841884784
26192,9862.60598129901
26193,7854.566431974476
26194,9897.929072862617
26195,7753.190507144943
26196,8218.138131959506
26197,5473.363901587539
26198,7392.041251097203
26199,7154.905022362966
26200,8155.838467212736
26201,8956.359114650046
26202,5273.226477965971
26203,9515.19426616366
26204,8537.562275076976
26205,7741.78543731293
26206,6326.535715178041
26207,4604.8757706879205
26208,6705.022970243905
26209,7611.0894418555245
26210,8142.924200281629
26211,7976.420085795681
26212,7568.596946421936
26213,7916.177960102821
26214,8077.560381909848
26215,9029.242477966078
26216,8815.102483838278
26217,6591.073553827016
26218,9466.603479649504
26219,11605.047969306428
26220,8513.178398257345
26221,5421.752879270768
26222,6613.3094099884065
26223,5189.061975364745
26224,5136.944633027195
26225,8969.168028630642
26226,6189.72240012702
26227,9145.285408889158
26228,5516.076561970394
26229,7791.468256196829
26230,7326.59385909745
26231,11519.047676225182
26232,5439.292372969508
26233,6188.724420436999
26234,7172.748358023715
26235,8605.057268125263
26236,6075.485106274179
26237,7522.646819339634
26238,7681.616377509832
26239,8879.236180279719
26240,8055.10165594107
26241,7940.508727526062
26242,7946.954663161967
26243,6143.187616328967
26244,5373.889934981752
26245,8111.4177304930545
26246,10690.119508334301
26247,7344.845228520061
26248,15484.544982248208
26249,7409.340313171911
26250,6467.5151417902825
26251,7268.154541792763
26252,8047.220704173702
26253,9015.538431520858
26254,8209.477509959292
26255,8018.825944558984
26256,8053.840333193532
26257,7911.353224727006
26258,7057.936003729868
26259,6278.266277542843
26260,6243.689850794701
26261,5680.109327450575
26262,6123.799299802582
26263,6482.493721129709
26264,9778.68787589232
26265,18241.81972939563
26266,7896.102891416106
26267,7828.93752097109
26268,8321.568710604572
26269,4686.814342302472
26270,8160.112016628152
26271,4311.484782959175
26272,9993.346503521567
26273,7797.604842502741
26274,7825.579908858788
26275,12979.404611574937
26276,12368.851101142647
26277,6993.789026805051
26278,7992.563005087603
26279,4446.503282295319
26280,7516.549943298804
26281,6994.135106718234
26282,8711.63946601359
26283,5321.92895197239
26284,5118.986829971212
26285,7309.640187264201
26286,6005.477913450307
26287,8858.836385531278
26288,8016.0382840803095
26289,7315.572407440529
26290,7595.784172435282
26291,8024.972602383781
26292,8900.515484670539
26293,6833.563597875092
26294,5773.127109744616
26295,7858.923860335805
26296,5620.916828464076
26297,8018.497915397032
26298,6582.59910441363
26299,6362.77135732602
26300,7868.387013334824
26301,6980.48095549537
26302,5462.828518887835
26303,6799.446067801934
26304,8099.740683758419
26305,8215.026377719318
26306,9054.519806523484
26307,7711.076532570569
26308,4033.5242913031557
26309,6634.784496799049
26310,7053.388345665394
26311,6251.396201292273
26312,7301.673884069078
26313,7408.188729794928
26314,12782.023309827893
26315,8742.438798918904
26316,7710.363102344705
26317,8081.445600534816
26318,5352.198342194744
26319,7751.270342050436
26320,7488.625455854427
26321,15555.148437534965
26322,7110.2791526392675
26323,5943.235948990978
26324,6308.79179967821
26325,6201.230619987375
26326,8005.218737371427
26327,18372.699406464537
26328,5051.07956136638
26329,4901.061816569189
26330,10947.158725930496
26331,7215.302605175804
26332,7684.478344782229
26333,7718.625865165446
26334,6544.838445541743
26335,5856.832375718866
26336,5296.868385242548
26337,8414.841293371308
26338,6452.327013067212
26339,7689.537998183626
26340,7779.636297555361
26341,5085.0597740114135
26342,7758.51402266995
26343,7662.163243313511
26344,4478.431756945221
26345,8150.990819747052
26346,8136.054381448456
26347,4914.213682420355
26348,7860.005697886348
26349,7131.290774727232
26350,6712.755572587548
26351,9804.635417786694
26352,7638.821148608201
26353,9181.486830162186
26354,7219.364008737612
26355,6330.036728843374
26356,7596.834931560954
26357,4693.3387774991725
26358,7776.661332375711
26359,5192.962891114081
26360,6745.76697600871
26361,6771.249850725112
26362,7635.416762068827
26363,7054.951874068076
26364,7655.05353667537
26365,7842.222222503695
26366,8652.214499424414
26367,6363.412887551968
26368,7772.404224788267
26369,7413.369080893795
26370,9731.363151972235
26371,7894.05555227443
26372,7151.670244450874
26373,3620.768904651704
26374,6447.9883569660515
26375,7839.651082748748
26376,5641.24828981513
26377,8029.998477464413
26378,7741.987781423955
26379,7965.197839597325
26380,10969.317401157283
26381,7181.995165368861
26382,5406.820907414129
26383,12430.670809286325
26384,7844.030175251204
26385,7666.4088168763465
26386,10241.732542006193
26387,11302.31307286869
26388,6457.923679712732
26389,6596.326042796532
26390,7661.0821816768275
26391,6237.616242635429
26392,6481.781614386118
26393,7127.1731317989625
26394,5604.162269758931
26395,6722.826954124205
26396,8069.2412996866715
26397,7653.529627444584
26398,8217.857305402636
26399,7758.419398842811
26400,7490.850771727122
26401,4952.693848508693
26402,8388.303982085314
26403,7856.139340728425
26404,7055.486242719793
26405,7709.267318499448
26406,8309.526509458845
26407,7938.901459180747
26408,7421.8491343055975
26409,5700.18872594051
26410,7371.314905898507
26411,7711.355342885762
26412,8338.325028390916
26413,7522.172223794275
26414,4858.9427536895255
26415,8620.449795635523
26416,7746.113013064598
26417,7671.804054469806
26418,7952.427098708743
26419,7788.567425457319
26420,7898.50679598034
26421,5767.94080138088
26422,4376.529147118192
26423,7568.033376450137
26424,7714.696161514979
26425,8253.211734239901
26426,10714.84225518223
26427,10120.894482846437
26428,5910.006257221622
26429,9015.317253219415
26430,4773.125495845308
26431,3855.476398977898
26432,7195.495275923813
26433,13365.365982620318
26434,8390.398244298563
26435,7747.350666616365
26436,5847.325036802043
26437,7809.040089599572
26438,10237.929597175762
26439,6917.805730880014
26440,8504.497057238606
26441,6283.085149733928
26442,5822.273146581865
26443,5866.932135096102
26444,7628.814807739889
26445,6848.02350147596
26446,5471.185732191358
26447,6802.074858817628
26448,4783.879614190278
26449,7988.926691566082
26450,9152.542043387024
26451,6149.21578359174
26452,7710.816573567217
26453,7826.625171340568
26454,6429.926596812937
26455,6474.845250140502
26456,8406.649119288939
26457,8234.301440071404
26458,6720.074033100415
26459,4744.032404201444
26460,14843.26420139137
26461,6701.127204754764
26462,6670.71989918256
26463,9045.734707421185
26464,8879.468041757751
26465,8247.880929601748
26466,6578.615417735972
26467,8182.159807793164
26468,11856.39547770957
26469,14970.765154761908
26470,6610.277440384657
26471,6311.629248974401
26472,5429.261952058129
26473,7328.765645633891
26474,7128.078187052814
26475,9364.091654493182
26476,9563.45218727366
26477,6824.595698189505
26478,4718.207630737426
26479,7483.414804514647
26480,8114.976349395578
26481,5987.0386044084
26482,7619.176190253937
26483,4474.510875025247
26484,7797.070930358675
26485,8530.193406778682
26486,8065.068991654128
26487,10182.107826565863
26488,7600.614349967683
26489,5563.996470537171
26490,7629.432927403088
26491,9082.7578888549
26492,8649.83683014851
26493,8161.111929293907
26494,7676.885678083566
26495,7578.332748773276
26496,7277.554253482802
26497,11417.648025548762
26498,4930.8429511843415
26499,10600.988830358472
26500,7256.070737626275
26501,5237.46074116918
26502,8061.999795328161
26503,7192.113804713009
26504,8063.559755413278
26505,7405.5326694896285
26506,4279.640587372829
26507,5054.4592717939295
26508,8039.725690871168
26509,10544.346276315791
26510,10543.865486904206
26511,6115.356790503291
26512,7233.3681131536605
26513,8310.709198881334
26514,6699.772581331627
26515,6162.03058883643
26516,10323.532685109407
26517,8141.261199858288
26518,12505.677609487737
26519,5097.14565033927
26520,6493.926284258261
26521,10329.716123015874
26522,8976.565667595512
26523,6622.208620285641
26524,9563.34956838342
26525,7567.3299997059385
26526,6118.2550286863325
26527,6299.787826300021
26528,5703.8481890521525
26529,5468.212606459708
26530,7769.01252423022
26531,5940.007885018013
26532,6127.142713969822
26533,11440.100528508194
26534,7422.135383436065
26535,22335.472154761894
26536,6789.404022317096
26537,5806.994371018327
26538,9764.300107979685
26539,12457.544255735505
26540,8903.762513423893
26541,10348.405399585481
26542,7714.545205448788
26543,9394.918021673226
26544,9928.534947025153
26545,7724.145782970341
26546,8223.422234441452
26547,9334.179213362466
26548,10267.700076732437
26549,9352.111000810324
26550,9499.371421537293
26551,8435.069709673115
26552,7533.015829718005
26553,8370.725847954061
26554,13792.349000598311
26555,13699.84480206234
26556,14109.024037342304
26557,11543.012338917317
26558,6278.252776162491
26559,8322.075112143606
26560,7574.304515710745
26561,10897.265277235545
26562,19089.840103610004
26563,10654.18435791577
26564,9358.733124269054
26565,8202.33993568267
26566,4825.648666666668
26567,8309.919461394113
26568,14689.516869307363
26569,9025.00849229678
26570,7212.2216217151645
26571,7873.116075745115
26572,9257.420678623625
26573,5438.45331134613
26574,9599.33328182549
26575,6891.784435175909
26576,9233.852883503198
26577,9770.576279722336
26578,8151.488128215656
26579,9857.20254932558
26580,10827.64685185355
26581,6596.153233940853
26582,9328.378161466526
26583,9181.330867395536
26584,14521.153194257498
26585,8094.006344403574
26586,11659.428035166728
26587,7976.755400425539
26588,10963.23475523921
26589,10021.295111034653
26590,13701.3548638767
26591,8062.0279603132185
26592,6707.890482695693
26593,9011.19960744062
26594,7891.050287919303
26595,12404.014694650907
26596,10423.120885608945
26597,8289.792296914424
26598,10223.80007804624
26599,8756.949025864973
26600,13191.041765495544
26601,6123.778484243683
26602,16180.416356282818
26603,7085.293268280531
26604,8407.306472095028
26605,11731.688359316597
26606,7821.446021435941
26607,8894.034415623632
26608,8416.14440467613
26609,10329.418907732439
26610,7296.299094398769
26611,7310.706379269223
26612,10287.434789128467
26613,9217.419684889826
26614,10638.30619283372
26615,7266.330171408807
26616,9506.245235859473
26617,14842.046492190291
26618,9107.870324596253
26619,6529.435189866321
26620,9027.792166122821
26621,7640.918359254399
26622,8598.52279694609
26623,9204.505244243379
26624,6785.055457006832
26625,11144.675058233503
26626,8918.711585459863
26627,9985.895628964776
26628,10095.317303908858
26629,5572.3566867488
26630,8660.188539964149
26631,7898.973264059263
26632,11146.258242193408
26633,8531.15662463934
26634,7622.178002688355
26635,6716.566016828713
26636,9423.236985083578
26637,7771.311093815823
26638,8647.195473222273
26639,9716.71774478804
26640,8655.03433900236
26641,9644.625702472944
26642,7517.632976744561
26643,6221.437843070136
26644,9912.400574794161
26645,10085.785827069163
26646,10235.168952689122
26647,11939.215769986182
26648,10667.949385714865
26649,8262.663155946435
26650,11487.819797990704
26651,9477.77729155289
26652,10772.78972693896
26653,11044.603844317757
26654,8662.080719305523
26655,13691.060253125319
26656,8973.163977896169
26657,11388.283070942214
26658,8278.001329162067
26659,9282.181639555323
26660,10704.76156323283
26661,8168.054798380721
26662,7487.4226819805945
26663,7007.8374061855875
26664,10896.478645108493
26665,8900.837251162773
26666,8432.655113088897
26667,11703.127102863784
26668,8347.224390525935
26669,7991.348498196674
26670,7765.311189530992
26671,8684.818745689054
26672,10384.787701044348
26673,9709.633747480948
26674,9639.327163676262
26675,7201.732508231142
26676,8980.816151887168
26677,9878.753309539065
26678,5782.443351947367
26679,9223.493715161067
26680,8430.958580291
26681,11181.967669216558
26682,9822.287204356908
26683,8257.69699739097
26684,11804.357472473956
26685,8623.164882336278
26686,6231.278161022904
26687,14469.259350087117
26688,8817.015840796765
26689,11525.171402024573
26690,9228.519837472788
26691,6489.431740861426
26692,8750.09431047146
26693,7382.222403471927
26694,9741.54181602803
26695,15604.66535036492
26696,8229.70462285244
26697,4519.194743388877
26698,7637.7202251701665
26699,12151.990362133609
26700,12810.738901314759
26701,9179.88647380456
26702,10151.13466578524
26703,6468.300967191201
26704,7064.253387858555
26705,4743.2127015507685
26706,7119.557443350543
26707,8209.838281289813
26708,9358.98233679159
26709,9405.401205687624
26710,9607.042569433832
26711,9794.84599511525
26712,11149.961827854902
26713,9553.787778350747
26714,7381.943669583014
26715,11065.668163719085
26716,16276.845170009197
26717,9361.514470974682
26718,9874.181946367537
26719,7349.254549893865
26720,8791.70107854381
26721,7536.466538508815
26722,10877.740981829222
26723,8938.410358825908
26724,11178.131290346564
26725,8976.175887649015
26726,13007.132941656562
26727,10262.43576389482
26728,7562.577700711887
26729,9719.20060722128
26730,25971.5958912431
26731,16095.778926579775
26732,9462.804070671009
26733,4271.691449175824
26734,8516.621036521252
26735,13188.10164974023
26736,7786.9805476190495
26737,13990.052706349206
26738,20415.93044372295
26739,5963.5958809443455
26740,8191.096457702857
26741,10416.463688713271
26742,7411.206061826538
26743,14225.046340965564
26744,9818.667030739105
26745,10627.57410300433
26746,5420.917663673505
26747,9661.86806856915
26748,9095.810807407346
26749,9596.783273516625
26750,13229.32307828391
26751,7668.190786173467
26752,8430.476603942103
26753,8647.568904021417
26754,8257.691838384013
26755,8265.074192250415
26756,9457.165387402503
26757,8439.515126808099
26758,8979.643068023433
26759,10790.910731154545
26760,8232.887648044676
26761,7626.20258910566
26762,9580.703083878849
26763,10074.173397146566
26764,10678.78629853179
26765,9559.425674468584
26766,8586.903513719288
26767,7200.490220234152
26768,5444.552874686881
26769,8777.516802351813
26770,9387.244511869309
26771,8523.01119496902
26772,6598.22037703911
26773,12551.515842903022
26774,10015.791989160894
26775,13188.417571116508
26776,8855.566784541637
26777,8706.355766861549
26778,7708.77101626461
26779,6091.06639843836
26780,14526.188031586302
26781,8295.395490356716
26782,9711.386879547505
26783,19074.895334687375
26784,9392.787312598268
26785,8896.064362345795
26786,6428.971429210314
26787,6791.374379581477
26788,8757.57247465095
26789,5563.028495754293
26790,8576.582038221713
26791,10958.260020778558
26792,7120.006927926709
26793,22348.72290079365
26794,17701.065457167035
26795,6070.780070321355
26796,9714.543238760305
26797,6522.243114624463
26798,9870.16748007106
26799,7732.75085828569
26800,14265.487360758247
26801,11217.82374429947
26802,14036.320681125879
26803,7343.635276438057
26804,9814.402757991273
26805,5924.431225395312
26806,10991.30634976436
26807,9145.229836875591
26808,8780.909187114496
26809,8372.059346742788
26810,6812.782078128715
26811,11117.524041295184
26812,10642.029747696859
26813,6900.549942832253
26814,14201.291370433
26815,9293.671566037327
26816,12786.818815018316
26817,6567.38840071085
26818,7662.817102129703
26819,9092.715150003885
26820,15632.268672401608
26821,9275.442605508768
26822,9651.448331361717
26823,10252.481042100864
26824,13104.36420499347
26825,6004.525185340949
26826,10165.703401679266
26827,8796.886829307767
26828,7309.269018859033
26829,19303.836520559245
26830,19953.506510642135
26831,10827.386612230219
26832,10779.259033886066
26833,13508.511846798181
26834,13605.07920132844
26835,11321.376691332795
26836,8306.97583506424
26837,11563.453809001216
26838,9221.69479895418
26839,10661.808869137609
26840,6233.233787316534
26841,8615.264446653375
26842,7161.452311331801
26843,8251.073937465462
26844,10168.71588127911
26845,6650.564076530058
26846,8506.028214499078
26847,8966.936278735275
26848,6602.700437842303
26849,7586.934325375242
26850,7121.874216823232
26851,9759.031933891614
26852,11098.577921674165
26853,10062.278333652432
26854,9430.367679933457
26855,7903.32689557947
26856,9401.337857824637
26857,12303.88964919658
26858,10704.818310462986
26859,8531.489270988652
26860,6668.631129867114
26861,11407.664504026074
26862,8302.555826209706
26863,9319.793266234028
26864,5774.826910429043
26865,7985.560524208204
26866,12075.021218423895
26867,8740.958712569709
26868,7832.482601525458
26869,10061.074400474752
26870,10218.25158709304
26871,14133.254554874648
26872,9229.66387751168
26873,12045.363983247673
26874,6681.716652004697
26875,7646.295693480186
26876,8585.9825529916
26877,7362.088674410829
26878,9289.726355599836
26879,7713.301135423613
26880,7340.301011520834
26881,10011.330023945391
26882,15648.914720482035
26883,11294.124919730488
26884,8453.417311151055
26885,7681.834076541244
26886,10237.357933854011
26887,9839.260502472649
26888,8754.390002276104
26889,7161.213526977384
26890,9391.627953942858
26891,12688.484032221328
26892,6242.14943247437
26893,9489.159485200362
26894,10284.902976426027
26895,10591.511123255252
26896,12227.51572362301
26897,9444.50570184795
26898,16599.87597273653
26899,8895.311911036526
26900,9266.689157392326
26901,5333.533550635741
26902,8705.656133411023
26903,8492.318819135571
26904,7939.010493532117
26905,9372.709078855247
26906,6926.064789141852
26907,7078.761465104662
26908,9104.055835128464
26909,7497.31581492654
26910,9632.245164618142
26911,9314.781585324145
26912,9262.628852435126
26913,10281.401652543478
26914,8199.428769579026
26915,10500.741600880292
26916,8183.960468317174
26917,6876.91782728089
26918,6760.599967501069
26919,8121.812585149064
26920,14425.921016106438
26921,8992.287564308815
26922,6782.228512480784
26923,11536.198170096175
26924,12118.471696672714
26925,9440.467533794825
26926,9097.009991612433
26927,9957.673502086654
26928,7801.939566226208
26929,6411.6111900704855
26930,8661.40819144289
26931,10352.37730863333
26932,9355.8486839863
26933,9724.839856974162
26934,9358.28357096349
26935,7184.522847805404
26936,5647.000371647406
26937,6640.6170591154905
26938,10260.261243409615
26939,10548.264758795398
26940,10469.185345361988
26941,16224.295899703875
26942,9967.563780883858
26943,9261.114869005514
26944,9516.227188673356
26945,11543.464884730856
26946,10197.435049166046
26947,9027.321640316237
26948,10765.51415571005
26949,11343.963407466306
26950,7555.65187282959
26951,5968.1509074680225
26952,12130.963704990629
26953,9519.483815594449
26954,9877.807179170408
26955,8655.709067529624
26956,5476.221092323944
26957,16398.128746649498
26958,7882.5789468711055
26959,8940.146398299346
26960,6340.305693411347
26961,8729.614959036036
26962,8508.162997443475
26963,10678.015515015746
26964,7909.6389786604195
26965,6824.137878346136
26966,6908.710775197462
26967,6759.055856071977
26968,5775.020147054472
26969,10007.484821648764
26970,19783.503029941076
26971,6613.717371878813
26972,7383.839376389205
26973,9508.529860743627
26974,6864.553229343249
26975,7927.067056465922
26976,6344.343474264947
26977,7275.541138225729
26978,9799.977379628795
26979,9805.648819497299
26980,6549.283779390561
26981,10920.866544524974
26982,8870.812128902031
26983,6832.748157566291
26984,10783.433831143544
26985,11136.693647719163
26986,12389.355766971777
26987,9226.419353966281
26988,9477.404132029684
26989,8257.129284339999
26990,6915.590748055334
26991,20159.574752951918
26992,13440.077619614534
26993,9290.317424166344
26994,8268.996855529036
26995,6808.584601534478
26996,7475.384630656881
26997,6546.747855079924
26998,10510.789778345623
26999,6530.1573028741495
27000,7547.725784799906
27001,9206.669901802823
27002,7279.945713737028
27003,8495.611111768738
27004,8755.57534564296
27005,10567.733126137786
27006,9171.564979795681
27007,7099.255095739992
27008,7346.021922318283
27009,9460.80171580586
27010,12460.852946230301
27011,11090.329426794033
27012,9930.751665341391
27013,7971.713532863928
27014,9310.64982711667
27015,7800.601207391554
27016,6541.623154924591
27017,9312.882405532211
27018,9868.901725480164
27019,8970.8929725861
27020,8870.885648222295
27021,8291.386001739056
27022,9507.54655888988
27023,7368.8059276268095
27024,8858.927143112329
27025,8219.254909407848
27026,8793.774778655434
27027,10764.79686806332
27028,8070.2696117314135
27029,8061.4180362960105
27030,10745.85854964479
27031,8677.357864233541
27032,4582.889999309329
27033,9977.445769097225
27034,10362.056424320965
27035,13661.131227960816
27036,6805.35142483519
27037,9044.575050649131
27038,8134.061078860225
27039,9494.477209824214
27040,8267.926477805264
27041,13650.030893989473
27042,5127.135151394534
27043,9133.659592528289
27044,9571.28030097637
27045,8661.877367532741
27046,7694.072212154932
27047,8867.40254135559
27048,11798.179261787785
27049,8586.162227203902
27050,11551.618326142901
27051,10431.94526926605
27052,11013.185166297453
27053,6035.862287133346
27054,8861.907583053457
27055,8756.174846505906
27056,10593.604990761061
27057,11636.481066902768
27058,6744.600994521154
27059,9960.010843405098
27060,10629.39570185139
27061,10312.043939326692
27062,5879.838414479899
27063,5195.283751655604
27064,9805.682218670896
27065,10381.834769281779
27066,10405.532427350874
27067,9962.535262587686
27068,8386.559546665785
27069,10319.248189760232
27070,10698.253020003436
27071,11797.68210747265
27072,9829.875876513745
27073,9205.439978717313
27074,11087.46051387067
27075,14606.030400223648
27076,9794.753528270616
27077,6973.1856126815865
27078,8990.09368957237
27079,6355.333171437217
27080,4622.385904854649
27081,12015.334919738185
27082,7779.47220005732
27083,11464.118463566243
27084,7274.662018780326
27085,9782.08301742888
27086,8545.424745240054
27087,14133.81963559218
27088,6630.355713384112
27089,7530.073023009276
27090,8803.85733464997
27091,10613.729692235765
27092,7422.321917108913
27093,9429.893334403558
27094,8659.014407735793
27095,12024.939526318907
27096,9563.806959378127
27097,10227.71131421512
27098,8662.745613833777
27099,7391.891699273436
27100,6844.530937539273
27101,12302.535302184093
27102,13370.726817545185
27103,9265.655562559345
27104,16270.1936796042
27105,8819.269462824606
27106,7754.143797750551
27107,9228.679797593062
27108,10232.190261513006
27109,13094.004847957784
27110,10005.882075283467
27111,10316.006435818208
27112,10348.167399876831
27113,9240.361077893647
27114,9258.541447491767
27115,7623.560814318277
27116,8148.6469310779685
27117,7100.549519570437
27118,6961.139177822675
27119,8446.89162543117
27120,12122.304280748103
27121,21174.740740620495
27122,9786.453917399595
27123,8834.933400383006
27124,10550.270649299946
27125,5706.546862824058
27126,8731.495195416257
27127,5725.971792124543
27128,12001.940261904763
27129,9605.176038690393
27130,9398.726287824575
27131,16871.32999285272
27132,12892.220288680026
27133,9002.58352845816
27134,9404.331021321754
27135,5882.569374196861
27136,7870.7974576783445
27137,7215.984781727993
27138,11026.356932907089
27139,7209.771929162364
27140,5696.903192984299
27141,7853.456409896721
27142,6817.898992480644
27143,11516.780647693202
27144,10194.492829949786
27145,6662.027028950444
27146,9419.331982761196
27147,10423.355980584165
27148,11108.812934188796
27149,9136.017442712986
27150,7875.592537742344
27151,9949.015814253116
27152,6276.629665980872
27153,9887.884395673345
27154,7657.021010206905
27155,8158.4911761384
27156,9724.926310370613
27157,9530.039966409908
27158,6127.290086501985
27159,8665.249671356425
27160,10656.473231777962
27161,10690.312471650384
27162,13218.733132684112
27163,9114.354360916737
27164,5304.274799838572
27165,8601.14105515591
27166,8832.434023066982
27167,6987.34902544652
27168,8547.084353899747
27169,8088.288697776218
27170,15057.93272390678
27171,12543.683155619463
27172,9345.489414308739
27173,9714.323066352395
27174,6884.032936497239
27175,10076.310017121541
27176,8115.705670715991
27177,15540.305225900373
27178,8483.46895480925
27179,7573.476942194326
27180,8200.985625219955
27181,6563.013117704843
27182,10104.876865318045
27183,20446.755059448
27184,6822.478039508048
27185,5981.641245937319
27186,13293.570229635989
27187,8880.596664912215
27188,9595.054306120814
27189,9771.440860882843
27190,8723.745179739768
27191,6792.302805888186
27192,7186.9774726503865
27193,10328.883562722891
27194,7981.64509273747
27195,9168.57586922446
27196,9416.975588307378
27197,6728.044334831823
27198,9627.193180754051
27199,8678.299529568458
27200,4719.312918023467
27201,10834.782646097774
27202,9418.375357440658
27203,5766.23266912001
27204,9714.915567288846
27205,9410.51912084005
27206,7938.215185265869
27207,12692.172975693837
27208,9147.537247537568
27209,10856.3777537638
27210,8552.423777442933
27211,7225.723717164415
27212,8541.295695820294
27213,5708.012955485574
27214,9641.44947314479
27215,6710.924493283226
27216,7856.339502464339
27217,8034.457539147912
27218,9331.395601417185
27219,7529.278198139168
27220,9126.672953067002
27221,10418.760099274374
27222,9474.433758564677
27223,7900.066158086466
27224,10166.624402685015
27225,8178.789691438704
27226,12896.991247080361
27227,10351.367067985826
27228,8453.011052901793
27229,4571.138011904762
27230,7982.891699024338
27231,9813.321945710004
27232,7867.182046977013
27233,11931.145789557047
27234,8673.752109474723
27235,10228.866604467623
27236,13788.768361909699
27237,8243.699752475839
27238,7368.848117796039
27239,14243.138866863488
27240,10190.223774956266
27241,8601.619559819022
27242,11843.169960254862
27243,12365.207557571724
27244,7488.021568297673
27245,7376.752026026096
27246,9394.131383565878
27247,7958.763465462077
27248,7332.977986040408
27249,9193.024898027052
27250,7161.88776394531
27251,7373.075310231298
27252,10547.549335165562
27253,9844.169317573556
27254,12495.924435894252
27255,8966.761105543936
27256,9532.791830287902
27257,5399.975538143182
27258,9908.602896428278
27259,9650.865934320242
27260,8508.114677904157
27261,8781.72212661715
27262,10547.058902036484
27263,11264.665188908708
27264,9409.731136766439
27265,7168.576866192667
27266,8748.846681670995
27267,9058.300214674886
27268,10176.889574341732
27269,7821.111373198472
27270,6100.851133563501
27271,9662.218453164693
27272,8109.328047236868
27273,8878.07856838293
27274,10211.815391816132
27275,9019.352976626866
27276,10548.728221827547
27277,6766.618037250333
27278,5789.871012023552
27279,9061.426337707353
27280,9324.903121654777
27281,10147.65357575948
27282,12469.5605727461
27283,12123.641935905885
27284,7057.9890627700315
27285,10994.028679835743
27286,5002.883352090481
27287,5102.779421034977
27288,9902.65827991984
27289,15271.282229188846
27290,9897.839207698555
27291,9996.832272705817
27292,8628.901091024922
27293,10584.956233025621
27294,13375.133000666001
27295,8814.067057708122
27296,10382.042666046453
27297,7608.715839140008
27298,5997.844150047045
27299,7293.918364642228
27300,8865.443493271752
27301,8460.75466515319
27302,7973.968350544778
27303,8291.210293070988
27304,5475.936133702073
27305,9695.4146411779
27306,11245.872284660683
27307,7708.996109533297
27308,9303.262945689683
27309,9664.044829933511
27310,7854.687686380614
27311,6832.542038250441
27312,11322.96857843634
27313,10365.369657618878
27314,7795.659228683448
27315,6677.79194336819
27316,18614.726381719418
27317,8285.046114828994
27318,8851.498357042141
27319,13777.917728737228
27320,11006.279289030188
27321,10662.07325706718
27322,8216.885585349679
27323,9283.441644464343
27324,13459.34264085786
27325,21339.048581890333
27326,8120.618769501632
27327,8125.367498037514
27328,6815.4705955197205
27329,9218.380171310986
27330,8699.916314315667
27331,9968.234824883197
27332,13187.379845738646
27333,7591.985669701581
27334,6594.167901417647
27335,9111.419620066812
27336,10771.308750828064
27337,7740.144121226377
27338,9914.480007694658
27339,6345.171103970185
27340,10004.220056123686
27341,9756.242773309064
27342,10580.337683880292
27343,12778.783246008354
27344,9208.12814402899
27345,6717.401415932401
27346,9309.864139042616
27347,10577.251110335621
27348,10435.288042919998
27349,10422.41555407224
27350,9613.278019005927
27351,9154.293853744137
27352,8913.428181827647
27353,12614.099488654874
27354,7129.295551709706
27355,12481.51541534028
27356,8832.255667259624
27357,6095.428400035263
27358,10327.584745713359
27359,7651.866403630216
27360,10421.720356268308
27361,9871.54838574282
27362,5741.949655113718
27363,6767.087952944013
27364,10321.216889298788
27365,12946.635088994817
27366,11308.840242725877
27367,6717.172868338306
27368,7912.351086649652
27369,10869.024799059438
27370,8458.419737940552
27371,7607.86608242629
27372,12515.329311200878
27373,10581.62784004727
27374,14534.439416755484
27375,6571.8681610712
27376,8572.812085273477
27377,11455.579115987695
27378,11429.3982271794
27379,8370.310651885688
27380,13031.221558511239
27381,8887.868879472293
27382,7116.58324016091
27383,7418.038390882171
27384,7626.285401174436
27385,6923.291746177719
27386,10156.552112745316
27387,7740.178932891377
27388,7894.9578436955235
27389,14946.018284211816
27390,9155.999113578519
27391,24761.957809523814
27392,8351.662769986742
27393,0.0
27394,0.0
27395,0.0
27396,0.0
27397,0.0
27398,0.0
27399,0.0
27400,0.0
27401,0.0
27402,0.0
27403,0.0
27404,0.0
27405,0.0
27406,0.0
27407,0.0
27408,0.0
27409,0.0
27410,0.0
27411,0.0
27412,0.0
27413,0.0
27414,0.0
27415,0.0
27416,0.0
27417,0.0
27418,0.0
27419,0.0
27420,0.0
27421,0.0
27422,0.0
27423,0.0
27424,0.0
27425,0.0
27426,0.0
27427,0.0
27428,0.0
27429,0.0
27430,0.0
27431,0.0
27432,0.0
27433,0.0
27434,0.0
27435,0.0
27436,0.0
27437,0.0
27438,0.0
27439,0.0
27440,0.0
27441,0.0
27442,0.0
27443,0.0
27444,0.0
27445,0.0
27446,0.0
27447,0.0
27448,0.0
27449,0.0
27450,0.0
27451,0.0
27452,0.0
27453,0.0
27454,0.0
27455,0.0
27456,0.0
27457,0.0
27458,0.0
27459,0.0
27460,0.0
27461,0.0
27462,0.0
27463,0.0
27464,0.0
27465,0.0
27466,0.0
27467,0.0
27468,0.0
27469,0.0
27470,0.0
27471,0.0
27472,0.0
27473,0.0
27474,0.0
27475,0.0
27476,0.0
27477,0.0
27478,0.0
27479,0.0
27480,0.0
27481,0.0
27482,0.0
27483,0.0
27484,4510.659727272728
27485,0.0
27486,0.0
27487,0.0
27488,0.0
27489,0.0
27490,0.0
27491,0.0
27492,0.0
27493,0.0
27494,0.0
27495,0.0
27496,0.0
27497,0.0
27498,0.0
27499,0.0
27500,0.0
27501,0.0
27502,0.0
27503,0.0
27504,0.0
27505,0.0
27506,0.0
27507,0.0
27508,0.0
27509,0.0
27510,0.0
27511,0.0
27512,0.0
27513,0.0
27514,0.0
27515,0.0
27516,0.0
27517,0.0
27518,0.0
27519,0.0
27520,0.0
27521,0.0
27522,0.0
27523,0.0
27524,0.0
27525,0.0
27526,0.0
27527,0.0
27528,0.0
27529,0.0
27530,0.0
27531,0.0
27532,0.0
27533,0.0
27534,0.0
27535,0.0
27536,0.0
27537,0.0
27538,0.0
27539,0.0
27540,0.0
27541,0.0
27542,0.0
27543,0.0
27544,0.0
27545,0.0
27546,0.0
27547,0.0
27548,0.0
27549,0.0
27550,0.0
27551,0.0
27552,2742.1552501652745
27553,0.0
27554,0.0
27555,0.0
27556,0.0
27557,0.0
27558,0.0
27559,0.0
27560,0.0
27561,0.0
27562,0.0
27563,0.0
27564,0.0
27565,0.0
27566,0.0
27567,0.0
27568,0.0
27569,0.0
27570,0.0
27571,0.0
27572,0.0
27573,0.0
27574,0.0
27575,0.0
27576,0.0
27577,0.0
27578,0.0
27579,0.0
27580,0.0
27581,0.0
27582,0.0
27583,0.0
27584,0.0
27585,0.0
27586,0.0
27587,0.0
27588,0.0
27589,0.0
27590,0.0
27591,0.0
27592,0.0
27593,17635.57077777778
27594,29131.65117857143
27595,0.0
27596,0.0
27597,0.0
27598,0.0
27599,0.0
27600,0.0
27601,0.0
27602,7559.929476190475
27603,0.0
27604,0.0
27605,0.0
27606,0.0
27607,0.0
27608,0.0
27609,0.0
27610,0.0
27611,0.0
27612,0.0
27613,0.0
27614,0.0
27615,0.0
27616,0.0
27617,0.0
27618,0.0
27619,0.0
27620,0.0
27621,5526.296119047617
27622,0.0
27623,0.0
27624,0.0
27625,0.0
27626,0.0
27627,0.0
27628,0.0
27629,0.0
27630,0.0
27631,2849.5110837032803
27632,0.0
27633,0.0
27634,0.0
27635,0.0
27636,0.0
27637,0.0
27638,0.0
27639,0.0
27640,0.0
27641,0.0
27642,0.0
27643,0.0
27644,0.0
27645,0.0
27646,0.0
27647,0.0
27648,0.0
27649,8271.117666500166
27650,0.0
27651,0.0
27652,0.0
27653,0.0
27654,0.0
27655,0.0
27656,0.0
27657,0.0
27658,0.0
27659,0.0
27660,0.0
27661,0.0
27662,0.0
27663,0.0
27664,0.0
27665,0.0
27666,9219.03863533772
27667,0.0
27668,0.0
27669,0.0
27670,0.0
27671,0.0
27672,0.0
27673,0.0
27674,0.0
27675,0.0
27676,0.0
27677,0.0
27678,0.0
27679,0.0
27680,0.0
27681,0.0
27682,0.0
27683,0.0
27684,0.0
27685,0.0
27686,0.0
27687,0.0
27688,0.0
27689,0.0
27690,0.0
27691,0.0
27692,0.0
27693,0.0
27694,0.0
27695,0.0
27696,0.0
27697,0.0
27698,0.0
27699,0.0
27700,0.0
27701,0.0
27702,0.0
27703,0.0
27704,0.0
27705,0.0
27706,0.0
27707,0.0
27708,0.0
27709,0.0
27710,0.0
27711,0.0
27712,0.0
27713,0.0
27714,0.0
27715,0.0
27716,0.0
27717,0.0
27718,0.0
27719,0.0
27720,0.0
27721,0.0
27722,0.0
27723,0.0
27724,0.0
27725,0.0
27726,0.0
27727,0.0
27728,1609.957079365079
27729,0.0
27730,0.0
27731,0.0
27732,0.0
27733,0.0
27734,0.0
27735,0.0
27736,0.0
27737,0.0
27738,0.0
27739,0.0
27740,0.0
27741,0.0
27742,5766.870047619048
27743,0.0
27744,0.0
27745,0.0
27746,0.0
27747,0.0
27748,0.0
27749,0.0
27750,0.0
27751,0.0
27752,0.0
27753,0.0
27754,0.0
27755,0.0
27756,0.0
27757,0.0
27758,0.0
27759,0.0
27760,0.0
27761,0.0
27762,0.0
27763,0.0
27764,0.0
27765,0.0
27766,0.0
27767,0.0
27768,0.0
27769,0.0
27770,0.0
27771,0.0
27772,0.0
27773,0.0
27774,0.0
27775,0.0
27776,0.0
27777,0.0
27778,0.0
27779,0.0
27780,0.0
27781,0.0
27782,0.0
27783,0.0
27784,0.0
27785,7942.759774725274
27786,0.0
27787,0.0
27788,0.0
27789,0.0
27790,0.0
27791,0.0
27792,0.0
27793,0.0
27794,0.0
27795,2117.697643068388
27796,0.0
27797,0.0
27798,0.0
27799,5577.819906204907
27800,0.0
27801,0.0
27802,0.0
27803,0.0
27804,0.0
27805,0.0
27806,0.0
27807,0.0
27808,0.0
27809,0.0
27810,0.0
27811,0.0
27812,0.0
27813,0.0
27814,0.0
27815,0.0
27816,0.0
27817,0.0
27818,0.0
27819,0.0
27820,0.0
27821,0.0
27822,0.0
27823,0.0
27824,0.0
27825,0.0
27826,18609.995785714287
27827,0.0
27828,0.0
27829,0.0
27830,0.0
27831,0.0
27832,0.0
27833,0.0
27834,0.0
27835,0.0
27836,0.0
27837,0.0
27838,0.0
27839,0.0
27840,6122.527040826974
27841,0.0
27842,0.0
27843,0.0
27844,0.0
27845,0.0
27846,0.0
27847,0.0
27848,0.0
27849,0.0
27850,0.0
27851,0.0
27852,0.0
27853,0.0
27854,0.0
27855,0.0
27856,0.0
27857,0.0
27858,0.0
27859,0.0
27860,0.0
27861,0.0
27862,0.0
27863,0.0
27864,0.0
27865,0.0
27866,0.0
27867,0.0
27868,0.0
27869,0.0
27870,0.0
27871,0.0
27872,0.0
27873,0.0
27874,0.0
27875,0.0
27876,0.0
27877,0.0
27878,0.0
27879,0.0
27880,0.0
27881,0.0
27882,0.0
27883,0.0
27884,0.0
27885,0.0
27886,0.0
27887,0.0
27888,0.0
27889,0.0
27890,0.0
27891,0.0
27892,0.0
27893,0.0
27894,0.0
27895,0.0
27896,0.0
27897,0.0
27898,0.0
27899,0.0
27900,0.0
27901,0.0
27902,0.0
27903,0.0
27904,0.0
27905,0.0
27906,0.0
27907,0.0
27908,0.0
27909,0.0
27910,0.0
27911,0.0
27912,0.0
27913,0.0
27914,0.0
27915,13310.652077533578
27916,0.0
27917,0.0
27918,0.0
27919,0.0
27920,0.0
27921,0.0
27922,0.0
27923,0.0
27924,0.0
27925,0.0
27926,0.0
27927,0.0
27928,0.0
27929,0.0
27930,0.0
27931,0.0
27932,0.0
27933,0.0
27934,0.0
27935,0.0
27936,0.0
27937,0.0
27938,0.0
27939,0.0
27940,0.0
27941,0.0
27942,0.0
27943,0.0
27944,0.0
27945,0.0
27946,0.0
27947,0.0
27948,0.0
27949,0.0
27950,0.0
27951,0.0
27952,0.0
27953,0.0
27954,0.0
27955,0.0
27956,0.0
27957,0.0
27958,0.0
27959,5082.787706349205
27960,16736.088642857143
27961,0.0
27962,0.0
27963,0.0
27964,0.0
27965,0.0
27966,0.0
27967,0.0
27968,0.0
27969,0.0
27970,0.0
27971,0.0
27972,0.0
27973,0.0
27974,0.0
27975,0.0
27976,0.0
27977,0.0
27978,0.0
27979,0.0
27980,0.0
27981,0.0
27982,0.0
27983,0.0
27984,0.0
27985,0.0
27986,0.0
27987,0.0
27988,11498.393572510828
27989,0.0
27990,0.0
27991,0.0
27992,0.0
27993,0.0
27994,0.0
27995,0.0
27996,0.0
27997,0.0
27998,0.0
27999,0.0
28000,0.0
28001,0.0
28002,0.0
28003,0.0
28004,0.0
28005,0.0
28006,0.0
28007,0.0
28008,0.0
28009,0.0
28010,0.0
28011,0.0
28012,0.0
28013,0.0
28014,0.0
28015,0.0
28016,0.0
28017,0.0
28018,0.0
28019,0.0
28020,0.0
28021,0.0
28022,0.0
28023,0.0
28024,0.0
28025,0.0
28026,0.0
28027,0.0
28028,0.0
28029,0.0
28030,0.0
28031,0.0
28032,0.0
28033,0.0
28034,0.0
28035,0.0
28036,0.0
28037,0.0
28038,0.0
28039,0.0
28040,0.0
28041,0.0
28042,0.0
28043,0.0
28044,0.0
28045,0.0
28046,0.0
28047,0.0
28048,0.0
28049,0.0
28050,0.0
28051,0.0
28052,0.0
28053,0.0
28054,0.0
28055,0.0
28056,0.0
28057,0.0
28058,2681.788787199363
28059,0.0
28060,0.0
28061,0.0
28062,2422.3672530072336
28063,0.0
28064,0.0
28065,0.0
28066,0.0
28067,0.0
28068,0.0
28069,0.0
28070,0.0
28071,0.0
28072,0.0
28073,0.0
28074,0.0
28075,0.0
28076,0.0
28077,0.0
28078,0.0
28079,0.0
28080,0.0
28081,0.0
28082,0.0
28083,0.0
28084,0.0
28085,0.0
28086,0.0
28087,0.0
28088,0.0
28089,0.0
28090,0.0
28091,0.0
28092,0.0
28093,0.0
28094,0.0
28095,0.0
28096,0.0
28097,0.0
28098,0.0
28099,0.0
28100,0.0
28101,0.0
28102,0.0
28103,0.0
28104,0.0
28105,0.0
28106,0.0
28107,0.0
28108,0.0
28109,0.0
28110,0.0
28111,0.0
28112,0.0
28113,2759.109809295967
28114,0.0
28115,0.0
28116,0.0
28117,0.0
28118,0.0
28119,0.0
28120,0.0
28121,0.0
28122,0.0
28123,0.0
28124,0.0
28125,0.0
28126,0.0
28127,0.0
28128,11194.827087301588
28129,0.0
28130,0.0
28131,0.0
28132,0.0
28133,0.0
28134,0.0
28135,0.0
28136,0.0
28137,0.0
28138,0.0
28139,0.0
28140,0.0
28141,0.0
28142,0.0
28143,0.0
28144,0.0
28145,0.0
28146,0.0
28147,0.0
28148,0.0
28149,0.0
28150,0.0
28151,0.0
28152,0.0
28153,0.0
28154,0.0
28155,0.0
28156,0.0
28157,0.0
28158,0.0
28159,0.0
28160,0.0
28161,0.0
28162,0.0
28163,0.0
28164,0.0
28165,0.0
28166,0.0
28167,0.0
28168,0.0
28169,0.0
28170,0.0
28171,0.0
28172,0.0
28173,0.0
28174,0.0
28175,0.0
28176,0.0
28177,0.0
28178,0.0
28179,0.0
28180,0.0
28181,0.0
28182,0.0
28183,0.0
28184,0.0
28185,0.0
28186,0.0
28187,0.0
28188,0.0
28189,0.0
28190,0.0
28191,0.0
28192,4538.247500000001
28193,0.0
28194,0.0
28195,0.0
28196,0.0
28197,0.0
28198,0.0
28199,0.0
28200,0.0
28201,0.0
28202,0.0
28203,0.0
28204,0.0
28205,0.0
28206,0.0
28207,0.0
28208,0.0
28209,0.0
28210,0.0
28211,0.0
28212,0.0
28213,0.0
28214,0.0
28215,0.0
28216,0.0
28217,0.0
28218,0.0
28219,0.0
28220,0.0
28221,0.0
28222,0.0
28223,0.0
28224,0.0
28225,0.0
28226,0.0
28227,0.0
28228,0.0
28229,0.0
28230,0.0
28231,0.0
28232,0.0
28233,13176.538402930402
28234,5377.71518963553
28235,0.0
28236,0.0
28237,0.0
28238,0.0
28239,0.0
28240,0.0
28241,0.0
28242,0.0
28243,0.0
28244,0.0
28245,0.0
28246,0.0
28247,0.0
28248,0.0
28249,3995.90156601092
28250,3517.81822165187
28251,5572.52539656984
28252,3245.1933656718656
28253,5442.703007374393
28254,4664.550813240859
28255,6044.913099363769
28256,5987.0328120637
28257,0.0
28258,3787.6120646852355
28259,6410.476966030579
28260,5736.951233976108
28261,4621.0444538472875
28262,0.0
28263,5700.066050553585
28264,0.0
28265,5630.593765520816
28266,5917.378846917717
28267,8301.676720792082
28268,7289.82779986579
28269,6927.932128902952
28270,3656.103109781184
28271,6578.022156744866
28272,0.0
28273,8307.692484208927
28274,8618.401296505464
28275,0.0
28276,5807.864107707615
28277,3111.482751105174
28278,4936.654907793896
28279,0.0
28280,8146.711467343947
28281,4701.869782979784
28282,5712.069318074511
28283,0.0
28284,5875.389446529431
28285,2695.1764050478723
28286,6712.965321811457
28287,4068.3813328899473
28288,0.0
28289,0.0
28290,4593.289796345137
28291,9355.044406609477
28292,5896.370745318177
28293,4578.501681458161
28294,5413.532836076811
28295,6909.063230758966
28296,8684.38930912566
28297,5392.058617579207
28298,5650.9005370417135
28299,7719.194433047423
28300,6557.174929024761
28301,6457.235977507995
28302,6775.77139556765
28303,2212.4726490056732
28304,2890.900775134514
28305,4611.485388566519
28306,6405.376212061199
28307,6900.446204764308
28308,7928.036586373898
28309,4850.367989642226
28310,6339.670396640206
28311,0.0
28312,4609.745451942707
28313,4825.123248002506
28314,6676.884386087315
28315,3696.7771660582616
28316,0.0
28317,7362.569447677803
28318,4174.398790559283
28319,5897.363448830279
28320,3446.286555355845
28321,6557.1331765411705
28322,5188.56789919921
28323,0.0
28324,0.0
28325,6972.8561149752695
28326,5401.7201354979825
28327,3647.70277454926
28328,6916.2092519401085
28329,0.0
28330,5148.317979102404
28331,5344.374610290476
28332,6589.889608974031
28333,5961.9611471497465
28334,0.0
28335,0.0
28336,2346.8880917337765
28337,6850.536285451282
28338,5309.173685535577
28339,5373.539075776227
28340,6273.363590680047
28341,3107.299672339614
28342,5248.618703033504
28343,4921.737532322818
28344,7529.849329539006
28345,0.0
28346,4351.578604762171
28347,4769.279751959898
28348,0.0
28349,6234.029340596101
28350,0.0
28351,0.0
28352,0.0
28353,6128.85439000173
28354,4798.970480101841
28355,3156.758610271507
28356,5320.453686940501
28357,0.0
28358,0.0
28359,6637.245994874408
28360,6588.599136727459
28361,0.0
28362,6643.006871062871
28363,5379.089622153205
28364,3783.3689088901347
28365,6557.1331765411705
28366,6715.8613991240645
28367,5478.656337870727
28368,6793.726755064733
28369,6197.659376192306
28370,6427.177542389375
28371,5758.42879763107
28372,6888.18345877153
28373,4346.789618460184
28374,0.0
28375,5264.990037022193
28376,5044.390264802501
28377,5689.445071766432
28378,3948.1574724381458
28379,5178.201521760496
28380,0.0
28381,0.0
28382,6297.644519083048
28383,4781.852853730543
28384,5863.264474064801
28385,6877.836525693844
28386,3717.798235480337
28387,5465.123862588043
28388,0.0
28389,6163.8408059416015
28390,0.0
28391,5700.289358423944
28392,4488.561586988269
28393,6830.382129967796
28394,0.0
28395,0.0
28396,0.0
28397,4192.397561545645
28398,5011.05929539144
28399,10166.956764047796
28400,6450.8403789142985
28401,7443.264946609717
28402,6724.898087537213
28403,5701.76212453308
28404,6395.099809030065
28405,0.0
28406,4881.457920180127
28407,5322.627919457708
28408,5280.874393537082
28409,3011.9596664860837
28410,4923.217035733431
28411,7424.239823502709
28412,9204.243687401806
28413,0.0
28414,6058.87060829866
28415,5924.992302633565
28416,0.0
28417,3884.9886622636523
28418,4397.357506594007
28419,6401.530501046691
28420,6838.500583140992
28421,5544.010489325389
28422,5207.7931676260305
28423,6640.853748292443
28424,7224.359647463104
28425,6531.043927560672
28426,0.0
28427,5548.924901276422
28428,7095.921239385247
28429,4133.743773896045
28430,5615.534358642813
28431,5753.762635353949
28432,5783.046045216656
28433,3060.420305726983
28434,5467.547625682416
28435,4669.086467338934
28436,7524.776535863422
28437,6758.869547340727
28438,7316.495467288231
28439,6872.0208827657925
28440,6335.040177667794
28441,6859.284044251768
28442,16367.596870070154
28443,8784.586739222868
28444,3539.4887861430725
28445,3244.67126823617
28446,6370.650640857518
28447,7637.063692746796
28448,0.0
28449,9634.547755665903
28450,17051.50493130421
28451,0.0
28452,2871.6789701908174
28453,9980.544350430617
28454,4221.115340189618
28455,6840.247336637926
28456,3373.4771001394274
28457,5861.940715279422
28458,4751.210404761906
28459,0.0
28460,0.0
28461,5881.605403087001
28462,7397.150233520666
28463,5876.542320416846
28464,6505.301601696767
28465,0.0
28466,0.0
28467,5207.7931676260305
28468,0.0
28469,0.0
28470,6160.299888838064
28471,3924.41429130843
28472,3160.7420156998587
28473,5163.993219234044
28474,4552.821341216668
28475,5045.289202609242
28476,0.0
28477,6428.298006663419
28478,7111.924178835943
28479,4419.365701521553
28480,4248.861015073508
28481,4661.8755916353475
28482,5458.833820776195
28483,6622.395193253707
28484,0.0
28485,7128.639464616689
28486,5499.641750595078
28487,7766.744336232855
28488,5807.957084398891
28489,5935.4903181714435
28490,3401.3873034647654
28491,5344.374610290476
28492,8243.978581601772
28493,0.0
28494,5524.111592804367
28495,11222.003288548125
28496,7001.543955791796
28497,4446.6368828375535
28498,5833.716838248127
28499,3107.5880416635728
28500,4482.217734789661
28501,4286.8928143356225
28502,4237.620065652673
28503,5881.605403087001
28504,4625.415694997975
28505,8725.16417857143
28506,10273.890708233734
28507,5866.024422074605
28508,6201.750083200067
28509,4378.2641013648945
28510,5861.940715279422
28511,5018.523844202961
28512,0.0
28513,6050.274030152295
28514,7464.44038313418
28515,0.0
28516,5861.940715279422
28517,5002.171020522472
28518,0.0
28519,6002.523584263756
28520,5348.971653950809
28521,6228.84949199132
28522,5060.088546400253
28523,7700.6571711319475
28524,6022.173441980957
28525,6513.101059316542
28526,8740.558116122162
28527,6744.300899294625
28528,8409.05723717949
28529,3453.8845987274344
28530,0.0
28531,6325.52370140034
28532,8075.385448784932
28533,6510.76320642735
28534,6966.308862455737
28535,6452.777920362443
28536,8352.576811966086
28537,6538.569268040892
28538,6767.374703272148
28539,5492.570182307619
28540,5483.390399885114
28541,12171.678696244966
28542,16090.298953941758
28543,0.0
28544,6408.281213583303
28545,6999.755865326144
28546,5609.617080019164
28547,6022.173441980957
28548,2959.6665321136084
28549,5506.911015971315
28550,6127.214028363362
28551,6186.964323868485
28552,4017.8061876523093
28553,5084.917544773267
28554,5381.208179457229
28555,0.0
28556,5165.723254634613
28557,2836.203007631902
28558,3145.1744765914655
28559,6553.2446780408845
28560,0.0
28561,4485.630120262076
28562,5497.943499832247
28563,5169.270389722268
28564,6957.669232230694
28565,0.0
28566,0.0
28567,7076.917987364333
28568,6694.076181375953
28569,6346.257141169218
28570,5732.7666182535995
28571,3355.5939958116187
28572,0.0
28573,11584.255937969401
28574,5602.62823877381
28575,6249.214848876466
28576,5142.439212017664
28577,4056.9015929349
28578,5629.318206917465
28579,0.0
28580,0.0
28581,0.0
28582,7034.155184699702
28583,8222.6773504166
28584,4590.696301131685
28585,0.0
28586,2160.899490461479
28587,3525.317575038471
28588,5762.083521252115
28589,4415.3409667098385
28590,9885.080246832984
28591,2619.2121472964004
28592,5331.973454920582
28593,5182.823709010187
28594,7651.193042542844
28595,9012.34000086
28596,5006.186013769052
28597,3037.4955243143795
28598,6288.9571285430775
28599,6837.864896895472
28600,4476.4846625250575
28601,0.0
28602,6947.077590949297
28603,5935.76495999527
28604,5895.760698982943
28605,4917.368575342854
28606,6779.343045332724
28607,5705.38860862126
28608,7787.604982080356
28609,6664.634613080627
28610,12677.284508645567
28611,0.0
28612,6597.048673853649
28613,2405.573085680031
28614,6321.8664934389535
28615,0.0
28616,6168.234964875246
28617,6341.006539263773
28618,0.0
28619,3823.1217548600607
28620,6684.57474910434
28621,5812.407185796195
28622,0.0
28623,6865.8918584643
28624,6921.640063101341
28625,6989.691035512876
28626,4753.624103207356
28627,7040.031456814267
28628,0.0
28629,5415.388163110782
28630,0.0
28631,0.0
28632,8775.819813624033
28633,5894.1531610172715
28634,3772.448669491249
28635,5227.924738909732
28636,6104.4190920816045
28637,5972.732065077252
28638,4197.181287370806
28639,5853.408407809105
28640,5152.280218213605
28641,7147.077503339379
28642,0.0
28643,8977.330660517508
28644,5106.555989941656
28645,5433.767543036721
28646,6024.118216581889
28647,5411.576466680121
28648,3093.0480787955726
28649,4751.756597567507
28650,7796.46633008647
28651,5551.803457238656
28652,6995.062775776405
28653,6571.096079494994
28654,6769.361123391793
28655,5691.757050953626
28656,5853.408407809105
28657,8724.984084242833
28658,5866.518037601275
28659,6454.001268298008
28660,5216.711383799234
28661,5234.896305148753
28662,5124.6272156013765
28663,2157.2344449903517
28664,0.0
28665,0.0
28666,6363.185446750773
28667,0.0
28668,1476.446506361533
28669,6223.802565089792
28670,0.0
28671,5926.860495959233
28672,3875.684323631437
28673,6720.945127747173
28674,4838.72103569707
28675,4263.260221121147
28676,10092.9074064337
28677,5553.979415950575
28678,0.0
28679,3557.033752714275
28680,4088.418707601402
28681,6085.745981234274
28682,12684.8365515873
28683,4855.935928637265
28684,6514.435554880247
28685,5164.921759330534
28686,3910.459588527836
28687,3671.182211552108
28688,5950.849535356583
28689,3284.818033318584
28690,0.0
28691,6608.348308379989
28692,0.0
28693,6807.480906029994
28694,2723.483135070406
28695,3756.0029304905593
28696,6167.576225113154
28697,7536.631218689729
28698,8661.219304418426
28699,2783.9052176234068
28700,5381.876378665532
28701,4492.38650306316
28702,5904.893443805872
28703,16087.04881316099
28704,0.0
28705,6533.162690744182
28706,3048.028587095676
28707,6493.269899019598
28708,4362.87518713121
28709,3171.839487707141
28710,6243.945873045413
28711,4603.790553117187
28712,0.0
28713,6856.213874615065
28714,4885.685198821237
28715,4529.156285682026
28716,6094.695918812833
28717,0.0
28718,6628.027540160643
28719,2910.4212625679957
28720,0.0
28721,6788.401182461668
28722,7802.349531020379
28723,6070.305696024061
28724,6784.369695205332
28725,0.0
28726,0.0
28727,5066.804620289386
28728,3263.692703450936
28729,4881.6771687041355
28730,4672.8896739990505
28731,4863.963195933856
28732,6548.363093307689
28733,4536.152652007205
28734,0.0
28735,4668.516021064459
28736,5927.671639496906
28737,0.0
28738,4685.1896490665995
28739,0.0
28740,0.0
28741,2636.8576867017964
28742,6784.369695205332
28743,3682.1615641870508
28744,3256.4481345261765
28745,5863.035341912925
28746,0.0
28747,9183.732894610068
28748,0.0
28749,5306.302230096446
28750,0.0
28751,6634.9896303100695
28752,6207.6421157131135
28753,8052.784911342918
28754,2932.012844106671
28755,5023.2354304980945
28756,5612.139917408906
28757,5160.456900551398
28758,0.0
28759,6947.712208027964
28760,5894.690633119134
28761,5306.302230096446
28762,5121.869345176929
28763,7554.8602655138375
28764,6986.902405905849
28765,0.0
28766,0.0
28767,0.0
28768,7079.007002255541
28769,4878.040457812868
28770,2450.772274270743
28771,6186.894064875343
28772,0.0
28773,5938.225974361694
28774,5212.347772297843
28775,3163.1624765494735
28776,0.0
28777,3649.6833783682982
28778,7337.597735634056
28779,5234.036145558114
28780,4837.489055245286
28781,7019.035706505874
28782,4087.3506145296033
28783,4685.476986945945
28784,0.0
28785,2761.1829879656143
28786,6373.803484018526
28787,9410.993826919179
28788,6825.9984972329485
28789,3041.4860380695886
28790,0.0
28791,0.0
28792,2331.508259576988
28793,5247.077235506059
28794,0.0
28795,5498.370060268233
28796,0.0
28797,5292.280995005211
28798,0.0
28799,9383.713536513324
28800,5914.1616919291055
28801,0.0
28802,4125.158530640478
28803,5685.157010717008
28804,0.0
28805,5891.529935048365
28806,6841.821985264434
28807,8251.827538865518
28808,7249.046420374115
28809,6681.222024992262
28810,6602.8457221143
28811,4273.662129119853
28812,5185.977185962275
28813,6746.73132881375
28814,6694.3748212022365
28815,5793.758424868511
28816,15051.159527694525
28817,3861.3399359784607
28818,0.0
28819,3986.3647102335804
28820,6870.061794800908
28821,0.0
28822,6830.8095639877665
28823,6736.834269958918
28824,6933.12455776315
28825,0.0
28826,6503.416245254746
28827,4951.638966602221
28828,2793.574258312874
28829,0.0
28830,4249.372864246998
28831,3016.206652709033
28832,6834.0903928906455
28833,17479.237247252742
28834,5515.167721065394
28835,5292.495083755776
28836,4982.706035458062
28837,4177.0939455839125
28838,6523.294020978859
28839,1978.1333537027112
28840,5859.207420938749
28841,0.0
28842,5256.847880066065
28843,9963.040743554071
28844,11148.620822510824
28845,3229.0242077100224
28846,0.0
28847,4977.589565360346
28848,4964.170563682343
28849,4500.488654627944
28850,0.0
28851,3901.7549483702314
28852,4344.828596616055
28853,0.0
28854,4926.167558463046
28855,4896.401654452647
28856,7529.551672011985
28857,5290.248579567031
28858,6849.655142465091
28859,5600.209095788306
28860,5165.411076940232
28861,5088.501574926016
28862,4293.66905373231
28863,4770.887069121934
28864,0.0
28865,9386.820462043719
28866,5522.031820455224
28867,3804.939047619048
28868,6172.774563462494
28869,10045.619726221741
28870,0.0
28871,0.0
28872,0.0
28873,7760.453632928248
28874,7125.416076187434
28875,6665.49259196919
28876,3831.8590286455055
28877,4050.244156682074
28878,0.0
28879,5385.03251348877
28880,4889.3312851822875
28881,4816.541909204652
28882,0.0
28883,7030.691865189164
28884,4735.6875703911755
28885,4645.52346058684
28886,0.0
28887,5579.9953874107405
28888,5139.151572705528
28889,9383.424969696962
28890,5778.28038429581
28891,4671.1999141710485
28892,4217.277748877292
28893,2196.3581145637336
28894,4469.348689094505
28895,0.0
28896,2203.7054821892593
28897,4979.753809518591
28898,5656.275849851252
28899,6826.31819527464
28900,5490.375587533512
28901,6587.051590822763
28902,5632.278274114891
28903,0.0
28904,2995.72406875251
28905,5368.315321991437
28906,3979.495533062882
28907,5545.961878256585
28908,7991.013530336815
28909,0.0
28910,0.0
28911,6559.046365577535
28912,3271.754581137824
28913,5779.282644915023
28914,4932.433716957633
28915,2767.6143703042444
28916,7264.003522770797
28917,6314.6068493542025
28918,6591.020446964115
28919,9372.828111077117
28920,6718.414750042229
28921,6931.250953868317
28922,5201.245644168321
28923,3633.7709290311823
28924,5808.101850296501
28925,0.0
28926,5971.016026368304
28927,2375.1776856266
28928,5925.674348520049
28929,3197.6671864960067
28930,0.0
28931,4552.169187271494
28932,4933.60207354637
28933,5438.004853072467
28934,7058.546548960353
28935,0.0
28936,7524.392105512063
28937,0.0
28938,6213.048112819097
28939,6495.459118231414
28940,6392.326878026682
28941,3660.0605593716173
28942,0.0
28943,5751.805501565715
28944,0.0
28945,0.0
28946,0.0
28947,5359.464664531087
28948,8848.76740009547
28949,6729.342302802461
28950,2227.263811613347
28951,0.0
28952,5989.55885451763
28953,6708.910860790927
28954,7477.437984912524
28955,6212.80316013782
28956,0.0
28957,5018.140503338425
28958,4674.329832488821
28959,0.0
28960,0.0
28961,6604.031542590337
28962,2807.682005580749
28963,7597.198172552485
28964,6440.741162465294
28965,4990.202583806373
28966,6198.928128962886
28967,4309.969106180208
28968,6552.755854609129
28969,3780.880926616178
28970,5303.827506798272
28971,5034.828048051685
28972,3880.726200512342
28973,6456.477478409565
28974,7076.403615156972
28975,7691.532680514381
28976,5875.788919268151
28977,0.0
28978,6659.219022887926
28979,6614.32224741174
28980,7222.927889158998
28981,3532.7651089282804
28982,3273.294252718086
28983,8711.886657339888
28984,6000.6967890752085
28985,3801.3177083019023
28986,6185.945958965574
28987,0.0
28988,6357.924020225295
28989,4744.5337924200085
28990,2156.111579667985
28991,5655.977594690676
28992,6711.091852743546
28993,5343.565457087077
28994,8438.511738316209
28995,6774.560357840482
28996,3421.0033219862676
28997,6020.02523390521
28998,2946.1169687070055
28999,1129.1248750348634
29000,6156.913941162377
29001,0.0
29002,5291.446462063935
29003,4923.642904303605
29004,3216.951127585493
29005,5106.4907009692515
29006,7678.123882883785
29007,5870.97898604823
29008,8891.841361677161
29009,4697.296879981309
29010,4506.478451020919
29011,0.0
29012,6255.828687450887
29013,3505.5768596149674
29014,2664.0935107135842
29015,6442.93532335086
29016,3774.671062420145
29017,0.0
29018,4620.589069308439
29019,0.0
29020,5039.257839335924
29021,6912.818553863865
29022,4541.359365282228
29023,0.0
29024,7401.653614183106
29025,7338.382206943331
29026,0.0
29027,2145.6893583507535
29028,5130.736528243938
29029,5267.541843915067
29030,4310.557994129169
29031,7796.77873073668
29032,8891.846809163057
29033,6450.475703948336
29034,6231.709500600749
29035,5108.364296622146
29036,7760.531656413617
29037,10430.885599853618
29038,3125.4684707876527
29039,3967.3024501867294
29040,6343.54818230696
29041,5661.451675768912
29042,0.0
29043,10471.452591216746
29044,6807.2077419489415
29045,0.0
29046,2723.6071073002945
29047,6221.615021649471
29048,5369.533935399916
29049,3274.4581644812624
29050,6093.575572952283
29051,0.0
29052,6854.61490842023
29053,5157.538983022716
29054,4513.146112002771
29055,6430.329507080232
29056,4871.917039094537
29057,6189.376305016315
29058,6362.868269326376
29059,4793.176468859995
29060,7825.030881988141
29061,5605.169514824894
29062,6711.091852743546
29063,4969.507874639318
29064,4357.416989827733
29065,7596.53881317508
29066,0.0
29067,10353.23611280976
29068,0.0
29069,4815.180331457697
29070,7218.479478059537
29071,4442.370194114931
29072,4354.875520723797
29073,5673.5230986504175
29074,3103.8641482259577
29075,2884.476021271244
29076,6133.35115269635
29077,6210.640266940774
29078,0.0
29079,5575.538497346224
29080,5317.637152987383
29081,4040.877097048077
29082,6700.326842618384
29083,3109.0666163271612
29084,9869.698033500916
29085,5086.428733005943
29086,0.0
29087,0.0
29088,5231.605311806711
29089,7818.341190476191
29090,7196.3768694303335
29091,3229.2326920723413
29092,6912.818553863865
29093,0.0
29094,5856.664642173424
29095,0.0
29096,4818.748840988988
29097,4138.496643077672
29098,5088.472063549968
29099,0.0
29100,3058.421065794759
29101,7635.056211891393
29102,5075.065494790376
29103,21764.86209523809
29104,7479.204857142859
29105,3914.805038076399
29106,5756.058087333808
29107,6914.318476236722
29108,5003.818272780485
29109,6204.700323940305
29110,4898.734886235757
29111,6677.300042594753
29112,5884.673711219512
29113,4040.255010866633
29114,4703.488485650903
29115,6402.993617947984
29116,6649.470763728948
29117,5842.109866909828
29118,6163.884068931413
29119,5609.950835813586
29120,4182.631765576018
29121,5753.868530152399
29122,7593.585532228042
29123,8874.458068989534
29124,7365.175489486209
29125,6927.932128902952
29126,3424.6328792589
29127,6578.022156744866
29128,3650.75398065222
29129,7011.108698503022
29130,8657.362181272
29131,7616.053283172067
29132,5540.050354050203
29133,3852.3444008065208
29134,4062.3624476191803
29135,6115.914469505634
29136,8572.297171229146
29137,5411.466409031148
29138,5588.941424458841
29139,4575.8559022513355
29140,6423.3276726591275
29141,3439.0833740700746
29142,6712.965321811457
29143,3509.230602773071
29144,6256.160626239573
29145,6378.535797534618
29146,5949.351759679676
29147,7653.452052371543
29148,6561.627042548859
29149,3907.912069422316
29150,5966.510183267052
29151,6635.729292612491
29152,8411.942436957625
29153,5339.913571389999
29154,6303.7926973316025
29155,7919.636797109836
29156,6567.168270905103
29157,6457.235977507995
29158,7750.630200744188
29159,3608.193442691959
29160,5467.810975621251
29161,5221.6609712247655
29162,6405.376212061199
29163,6900.446204764308
29164,7745.89809489822
29165,4985.9341245311325
29166,6170.058904559079
29167,6278.199059778195
29168,7791.458729587727
29169,4924.802220099586
29170,6761.003287646488
29171,3705.055327967754
29172,4939.504173160883
29173,6900.200474913076
29174,4262.89642834807
29175,5246.152782672899
29176,5434.8167076069685
29177,6557.1331765411705
29178,5066.774169067609
29179,5014.691193898667
29180,6164.3877020364125
29181,6861.217842153577
29182,5312.957330276319
29183,4566.695352731351
29184,5901.08422031711
29185,9479.855073744458
29186,6649.470763728948
29187,5941.046629710257
29188,6589.889608974031
29189,5747.41274625929
29190,6604.539158900364
29191,8399.099936348666
29192,4329.172259644631
29193,6568.08846787897
29194,5516.84200511429
29195,5793.123230209711
29196,6100.894758340783
29197,5379.3278501068135
29198,5275.693562370034
29199,3969.672758709292
29200,7268.552532452927
29201,7535.509799690588
29202,4516.09165970143
29203,4132.5431733162695
29204,6124.477744904846
29205,5358.705004006357
29206,5716.074500726637
29207,6836.14223635906
29208,5822.670430807342
29209,6223.7543588991975
29210,4747.04243290757
29211,5375.409977592883
29212,4921.6937553164635
29213,6592.979766282886
29214,6433.077920919972
29215,6637.245994874408
29216,6588.599136727459
29217,4701.949421351104
29218,6643.006871062871
29219,5885.91913836229
29220,5513.637574241509
29221,6557.1331765411705
29222,5969.992221307644
29223,6661.138840824112
29224,6793.726755064733
29225,6194.188072838647
29226,6427.177542389375
29227,6940.814104624343
29228,6888.18345877153
29229,5457.395882426536
29230,3493.967164513112
29231,4696.581832390527
29232,6258.261437297111
29233,5819.31600854374
29234,4254.819727496956
29235,5139.714562913975
29236,6015.165202906382
29237,6223.082810579584
29238,6254.373641467779
29239,5169.453984727361
29240,6351.360272689776
29241,5735.479813597527
29242,5179.289264968766
29243,5016.996762370696
29244,6266.089280594114
29245,6163.8408059416015
29246,3186.0235372367006
29247,6541.507475926308
29248,4137.0356634352775
29249,6830.382129967796
29250,6629.019141985593
29251,6580.993769120788
29252,11904.264065467396
29253,4348.92918243139
29254,5002.023620077842
29255,9521.7008238315
29256,6450.8403789142985
29257,7339.5641417086545
29258,6913.236446757302
29259,5792.1180189735815
29260,6395.099809030065
29261,5161.144234293778
29262,6161.733177861431
29263,6394.352994254657
29264,6506.3357059762875
29265,2593.6878943924803
29266,6541.507475926308
29267,7373.390342161488
29268,9265.119376403503
29269,5241.15573318305
29270,5667.4873482457215
29271,5924.992302633565
29272,4633.117906515334
29273,2966.0323824727016
29274,5106.815635947152
29275,6401.530501046691
29276,6538.9538528175735
29277,5731.800164380726
29278,5246.358547602128
29279,6640.853748292443
29280,7266.50843086331
29281,6531.043927560672
29282,5751.548463347935
29283,6163.284733932632
29284,6953.573895021796
29285,5025.456635006746
29286,6420.361249173558
29287,5753.762635353949
29288,5783.046045216656
29289,3742.8292905317044
29290,5641.646170240414
29291,4325.338467394392
29292,6570.942944547747
29293,6763.644525903804
29294,7184.196715608465
29295,7280.624572207428
29296,6335.040177667794
29297,6851.534838267391
29298,17338.349427543675
29299,8709.661265079521
29300,3969.5400749997452
29301,2621.179818469137
29302,6370.650640857518
29303,7523.108671829128
29304,5282.080444323856
29305,11750.6920515873
29306,17631.41008585859
29307,5159.170952466806
29308,4747.036522664794
29309,7832.610099825717
29310,3852.894767653069
29311,7310.990057423403
29312,5211.982537235776
29313,6579.245139376321
29314,4866.510404761906
29315,6524.788341477455
29316,6578.36420339097
29317,6931.2025888101125
29318,7373.340379624561
29319,5945.874991011183
29320,6505.301601696767
29321,6053.308870220009
29322,5614.135240325472
29323,5063.329820151826
29324,6679.199435196647
29325,4689.739975124285
29326,5073.8736850515215
29327,5270.679376423981
29328,4869.580717571345
29329,4843.305001174151
29330,6261.26453963524
29331,5647.541658815497
29332,6394.400534474997
29333,6428.298006663419
29334,6419.471319444445
29335,6080.312000058861
29336,3196.4063858083564
29337,5150.9481574848205
29338,6585.290983871727
29339,5096.369137925144
29340,4825.948144176441
29341,7094.265956444546
29342,5496.920446647188
29343,7899.27538576014
29344,6320.544779482968
29345,5938.762532457159
29346,4329.400044671518
29347,5941.046629710257
29348,8088.904379915488
29349,5017.5059929316685
29350,7992.249039146568
29351,13278.435055366434
29352,6800.444042412448
29353,5388.050405396413
29354,5800.600176024871
29355,4788.526586781307
29356,5783.6341302947285
29357,3428.625587228263
29358,5512.142269049957
29359,6975.2232672404625
29360,4733.32207197173
29361,12400.603571428568
29362,10409.865525694051
29363,5538.47082918485
29364,6014.0043510461555
29365,4645.326196969738
29366,6579.245139376321
29367,4989.821606626999
29368,9940.265665322882
29369,6124.591349946422
29370,7958.62833306591
29371,4294.3277095916665
29372,6597.339343731513
29373,4823.84205762305
29374,6399.267404539589
29375,5657.0529072526415
29376,5399.648503028642
29377,6197.496738391571
29378,6053.346773702033
29379,7690.656999923002
29380,6780.871664744815
29381,6513.101059316542
29382,8169.75531192123
29383,6744.300899294625
29384,7851.599558071559
29385,4642.401301084627
29386,4412.844219966475
29387,6318.852485184124
29388,8038.439735448115
29389,6510.76320642735
29390,6940.536099356332
29391,6145.312715459575
29392,8153.490260820749
29393,6538.569268040892
29394,7698.121134896788
29395,6219.470778322637
29396,5657.49153330508
29397,11320.567679925054
29398,14521.0572806139
29399,5734.523336376933
29400,6408.281213583303
29401,7040.8422446647755
29402,6105.646615021347
29403,6816.05488571694
29404,5150.489095073612
29405,6002.940550973499
29406,6127.214028363362
29407,6102.13876353449
29408,3742.1770951627045
29409,4957.605765682777
29410,4779.082583660609
29411,4981.202068824271
29412,6499.6940646485045
29413,4230.318545983207
29414,3675.534066204856
29415,6544.964572220779
29416,3848.402270320825
29417,4109.807370616343
29418,4870.84724924732
29419,5148.581735393466
29420,6928.793141321604
29421,8021.602573461248
29422,6041.912189626368
29423,6048.3415635699175
29424,6694.076181375953
29425,6816.05488571694
29426,5931.804111374094
29427,4533.7642259812965
29428,4735.06320294561
29429,9152.646292448295
29430,5610.287491321708
29431,6249.214848876466
29432,5152.279800252958
29433,4124.246329407044
29434,5709.239277077239
29435,5561.412659217762
29436,6210.128395479917
29437,6865.510082723215
29438,7034.155184699702
29439,10471.969366292327
29440,6198.611013368651
29441,7542.208156147284
29442,2825.7405673408266
29443,5321.677644761827
29444,5765.525487099162
29445,4072.8369044756146
29446,8232.708966689874
29447,4154.429157917477
29448,6042.699471383956
29449,6785.169877056809
29450,9026.745546848651
29451,7143.664815196818
29452,4792.620532413348
29453,4200.456132484876
29454,6636.488108454159
29455,6837.864896895472
29456,4535.330094044006
29457,6248.834763735147
29458,6812.773830822429
29459,7191.97828056164
29460,5871.472421187579
29461,5150.950261301239
29462,6779.343045332724
29463,7157.3810391271345
29464,7304.421840997333
29465,6664.634613080627
29466,10351.918752213234
29467,6118.29099721487
29468,6597.048673853649
29469,3095.392247090047
29470,5335.6174722807355
29471,5192.570108699645
29472,6168.234964875246
29473,7095.831905974719
29474,6301.233963203281
29475,4766.750070173535
29476,6684.57474910434
29477,5207.153534693677
29478,7321.201888523716
29479,5965.530323459537
29480,6399.830438723072
29481,6989.691035512876
29482,4520.529497370485
29483,6660.998091047975
29484,6856.644109444606
29485,4919.840707028982
29486,6014.411333693233
29487,5724.4919920743505
29488,8605.858274307393
29489,5894.1531610172715
29490,4399.151352911907
29491,6201.702726688648
29492,7511.426351698276
29493,6406.612859998178
29494,5069.106703447443
29495,6715.506730935442
29496,5017.113973185786
29497,6098.33836102484
29498,6005.330809978424
29499,8256.297637655316
29500,4967.066277471856
29501,6999.107777439265
29502,6015.341796828803
29503,4789.690387837214
29504,3734.8931120006428
29505,4728.313220711929
29506,7796.46633008647
29507,6584.483054508939
29508,6995.062775776405
29509,8776.855411586512
29510,6769.361123391793
29511,6677.769067485429
29512,6694.318377501606
29513,6955.488219000267
29514,6732.926484966214
29515,6234.451740066932
29516,5157.227187980281
29517,7177.667421807531
29518,5098.196910225434
29519,3444.3642046554496
29520,9716.44775406653
29521,5959.50068437019
29522,6290.615031317715
29523,5483.044504110871
29524,2014.4800191641623
29525,7221.0515384220525
29526,5605.344723930673
29527,5926.860495959233
29528,5654.332379753877
29529,5780.584030397911
29530,6114.593224191509
29531,5470.678769021281
29532,6735.598950080061
29533,5553.979415950575
29534,6884.362142518806
29535,3469.822138711368
29536,3191.441236069202
29537,6095.321353074238
29538,15431.059297619046
29539,4527.015874847256
29540,6514.435554880247
29541,5725.846586237623
29542,4818.379325305822
29543,4049.540568565677
29544,5508.931938327945
29545,3563.192284208364
29546,6558.821529915971
29547,6608.348308379989
29548,3420.5239514996233
29549,6817.056277869959
29550,4030.0295457621432
29551,4221.030159614163
29552,6167.576225113154
29553,6745.066949452394
29554,8981.425717532346
29555,4403.794692453557
29556,5617.167365772242
29557,4098.188083015939
29558,5949.667683464828
29559,12979.670900029394
29560,9297.938070494863
29561,6533.162690744182
29562,4609.269347635243
29563,6441.277770566795
29564,5275.5477329887535
29565,4770.838271117565
29566,7448.28179244192
29567,4539.558926060087
29568,4780.760108217228
29569,6866.8967563618335
29570,4429.413871455014
29571,5097.7128884774465
29572,6197.0422779945875
29573,6152.480789443311
29574,6465.033771665846
29575,3546.3046434634866
29576,5249.640639973878
29577,6788.401182461668
29578,7743.459560601903
29579,7125.516810163136
29580,6784.369695205332
29581,3732.9978707311866
29582,8167.028959009401
29583,5055.3644020867905
29584,5597.048214384014
29585,6423.1907800808385
29586,6676.5996565499545
29587,5506.492253693192
29588,6548.363093307689
29589,6135.677022717881
29590,6344.455930262509
29591,4717.415188976893
29592,5752.143810046329
29593,7049.521661781361
29594,4273.599829527644
29595,6619.883345628245
29596,5070.462884862252
29597,4477.998610112578
29598,6784.369695205332
29599,4657.347915903271
29600,3239.270325737508
29601,6798.981954205857
29602,8868.865001443002
29603,7882.52788282522
29604,4548.494349362752
29605,6429.307345278194
29606,5571.469658516371
29607,6301.013067632956
29608,6207.6421157131135
29609,7650.173137204421
29610,2781.1270711365005
29611,4876.007489412759
29612,5635.944615394136
29613,5258.186255029144
29614,4253.264860695205
29615,6947.712208027964
29616,5914.16123688379
29617,6440.2783574385485
29618,6823.734635973367
29619,5718.884220407154
29620,6976.975726167288
29621,5855.328749811419
29622,5578.553164302547
29623,5527.049999331521
29624,6994.349976414192
29625,7672.157058720477
29626,3729.486662940085
29627,8629.890747130446
29628,5976.214257975612
29629,6154.214837465884
29630,4655.828945594308
29631,3253.1038137771766
29632,6145.786427237849
29633,4845.864952739185
29634,7288.176882741057
29635,5923.32338628289
29636,4863.195535887647
29637,7019.035706505874
29638,5195.951346974759
29639,4645.797296232524
29640,6865.502538935721
29641,4542.128355343594
29642,6289.930114243559
29643,9337.20919961707
29644,6715.370699863448
29645,5456.419577562055
29646,4435.337518069186
29647,3967.8225106455184
29648,2770.172428020101
29649,6545.847748578103
29650,5263.079288228765
29651,7051.805780018893
29652,3745.1425869807244
29653,5576.27835571126
29654,5380.186188819969
29655,8047.885732832399
29656,5909.525858476851
29657,5168.194234246783
29658,4212.306132559528
29659,6592.39666414162
29660,6227.544241809827
29661,6576.609403379788
29662,6882.562917846411
29663,8234.516907825491
29664,6622.691815360613
29665,6681.222024992262
29666,6602.8457221143
29667,4158.1686719208465
29668,5167.771567017078
29669,6746.73132881375
29670,7571.00786731244
29671,6171.4547831946375
29672,15563.156109318996
29673,4842.295492037204
29674,5272.636815761251
29675,4960.335046146425
29676,6870.061794800908
29677,8177.733051275381
29678,6810.011999052701
29679,6736.834269958918
29680,6933.12455776315
29681,6665.815738460673
29682,6180.775404761904
29683,4912.875144564627
29684,5976.58788810005
29685,4844.693354584744
29686,4043.261049815475
29687,4096.597710387503
29688,6955.829016031344
29689,15613.864782051274
29690,6364.466012885273
29691,6212.086833269426
29692,5636.400064050842
29693,3854.4758014068684
29694,6523.294020978859
29695,3756.588206779532
29696,7822.366750539155
29697,6736.834269958918
29698,6301.598367477773
29699,8380.188846022636
29700,12456.27744047619
29701,4476.769037167556
29702,6119.021635438574
29703,5022.023825486774
29704,5096.612147087161
29705,5863.14972373164
29706,6798.65244942086
29707,3979.4293192041396
29708,4260.772500793717
29709,4944.477249312509
29710,4932.864049114348
29711,6529.107962111939
29712,7504.937273863882
29713,6230.632009609067
29714,6849.655142465091
29715,6360.577914947652
29716,5772.257336584528
29717,5122.748605715985
29718,3613.3105823521105
29719,6393.2397811498
29720,4176.173164772822
29721,7671.197927760281
29722,5546.484011988244
29723,4725.495103388926
29724,6393.799486634674
29725,10047.3476419589
29726,4769.640500326032
29727,4968.586816488876
29728,5611.256968886418
29729,6052.664620090202
29730,6697.719689011873
29731,6665.49259196919
29732,3665.2892059030773
29733,5880.716629581357
29734,6085.964987349762
29735,5404.999303126187
29736,4645.655067187229
29737,6017.584992522453
29738,8742.8213156169
29739,6611.734677465286
29740,6384.75454342319
29741,6236.174478336532
29742,3954.5416243829786
29743,6477.517494402091
29744,4804.947297931465
29745,10399.127104781317
29746,5652.592355781554
29747,4701.963684147409
29748,4535.939512803408
29749,5031.4033093517555
29750,6568.242255265154
29751,15408.0338136715
29752,3597.1812204389485
29753,4960.967248319194
29754,8115.66624607695
29755,5690.380678189125
29756,5585.316967245417
29757,6587.051590822763
29758,5499.192770746604
29759,5081.227964468505
29760,3966.9947792319977
29761,6245.050822325881
29762,4987.501875529816
29763,5739.0615987026285
29764,7270.2693060863485
29765,4354.859793702828
29766,6222.773789185121
29767,6559.046365577535
29768,3299.701233432066
29769,7377.499156320425
29770,6897.722760043227
29771,3763.628849046292
29772,7188.987489564207
29773,6085.866797182347
29774,6591.020446964115
29775,9086.033498601224
29776,6718.414750042229
29777,7614.430075671868
29778,5085.509649108647
29779,4499.787345741783
29780,6268.982582654859
29781,3369.4517893626166
29782,6461.993812345495
29783,3487.356781947811
29784,5789.197197171116
29785,4811.538801400594
29786,6686.282720231192
29787,5376.233901916018
29788,6409.825174202391
29789,5580.606078361157
29790,7058.546548960353
29791,5242.474583502944
29792,6687.651769880829
29793,5609.333832342027
29794,6553.337101564131
29795,6504.387428900823
29796,6064.230193339243
29797,3251.9592817429507
29798,5032.5765567513
29799,6514.737109513371
29800,4338.191265944345
29801,7068.912821431999
29802,5660.6160334851675
29803,5401.621341496275
29804,8951.690190735822
29805,6552.167107142855
29806,3576.5678816600434
29807,8838.915567135602
29808,6476.2263290385845
29809,6708.910860790927
29810,7040.409642298539
29811,8216.718476644166
29812,6792.5868213128
29813,4812.432305159244
29814,5684.409605780213
29815,4760.383396829165
29816,5765.976158717431
29817,6271.499271098266
29818,4232.4406568066515
29819,6464.665582606278
29820,6440.741162465294
29821,5107.067574508145
29822,6198.928128962886
29823,6421.907420248794
29824,5736.10134279605
29825,4134.39647628397
29826,6037.025829204322
29827,6164.31789890762
29828,6658.82172718514
29829,5964.089500662273
29830,5712.830165872774
29831,6963.555189946568
29832,5863.883480643142
29833,4233.064871916031
29834,6659.219022887926
29835,6614.32224741174
29836,7043.161349375433
29837,5032.43815711765
29838,3840.585615626804
29839,6516.3991375445
29840,7438.145985791457
29841,4953.659735722477
29842,6185.945958965574
29843,6691.013286126038
29844,5283.023235069456
29845,4740.592569168999
29846,3445.1157214292816
29847,5627.198387072589
29848,6711.091852743546
29849,5343.565457087077
29850,7581.163734754409
29851,6839.256568043946
29852,4389.317105596473
29853,6603.893736845596
29854,3266.7357480085157
29855,2905.868126221167
29856,6271.117214603785
29857,10793.08927894491
29858,6319.508517834648
29859,5116.540666693197
29860,3712.811802229071
29861,6214.604864602612
29862,7359.878928443472
29863,5022.063550835243
29864,8576.44537350003
29865,4710.387321128157
29866,4494.113760424934
29867,4674.370066239667
29868,5108.068246702806
29869,5025.029380022342
29870,4391.811072789958
29871,6442.93532335086
29872,3906.771666890424
29873,6653.240126783029
29874,5698.540525027502
29875,5032.7592429221995
29876,4615.19333208199
29877,6912.818553863865
29878,4430.33169567365
29879,4517.123613659602
29880,7295.819219543593
29881,6581.555697154682
29882,6659.218955031795
29883,3543.735379192558
29884,11018.246501375186
29885,5490.93148876393
29886,4427.46876556337
29887,7734.6303015510675
29888,6519.46873221203
29889,6513.861249900445
29890,6240.125759405282
29891,6132.738490604467
29892,8374.212195089467
29893,10533.270150200873
29894,4035.559208628258
29895,3867.294614745947
29896,6334.913218794641
29897,5673.083784719223
29898,5560.800190212679
29899,7727.877643713241
29900,7382.855229101424
29901,5338.446935198568
29902,3563.660389600247
29903,5497.540697429765
29904,6845.469429328586
29905,4532.550078367605
29906,6093.575572952283
29907,3479.238026632923
29908,6545.447918751166
29909,6004.640145320001
29910,6372.327628167913
29911,7123.104552824361
29912,6272.072408585506
29913,6189.376305016315
29914,6362.868269326376
29915,6742.36776711793
29916,7224.2640268103705
29917,6432.857702678428
29918,6711.091852743546
29919,4937.960130843308
29920,6353.016148852826
29921,6960.718962271649
29922,3941.6964541864813
29923,10338.408104637183
29924,6750.687751284946
29925,4212.130756555466
29926,7112.444452216565
29927,5243.020894220447
29928,6304.328850495499
29929,6546.135469201009
29930,3764.068736637547
29931,4029.9512883106922
29932,6133.35115269635
29933,7009.624884314584
29934,9462.204747928241
29935,5318.880984170773
29936,5224.702966316064
29937,4746.8849875988035
29938,6700.326842618384
29939,4335.118319472929
29940,9788.165906173632
29941,6426.455686861386
29942,10914.191611954902
29943,4014.755858234169
29944,5164.08969591463
29945,8747.265095238097
29946,8342.882974706657
29947,4109.149215725794
29948,6912.818553863865
29949,5417.031416523494
29950,4652.100158711846
29951,4731.03468418576
29952,4384.575225422976
29953,6284.36025796457
29954,4469.028901496646
29955,4244.952560829064
29956,4405.60607931006
29957,7630.418669899284
29958,6382.819659557814
29959,20926.20445238096
29960,6079.752578571428
29961,3882.4111030957492
29962,5821.798726308352
29963,7314.083765637325
29964,4996.838433271655
29965,6055.930432064117
29966,4877.676920066393
29967,6875.374227028926
29968,5835.453708613311
29969,3885.163670192832
29970,4660.795368411945
29971,5452.338867388825
29972,6314.629562008282
29973,5800.244646733996
29974,7834.976372854539
29975,3695.1727719297137
29976,3851.457820528889
29977,4170.6513715585015
29978,7516.645269641627
29979,8810.657163003592
29980,7383.538646948292
29981,5806.148418847071
29982,3510.5493172043125
29983,5474.570963671841
29984,3629.4943580874074
29985,6488.608308995845
29986,8371.577790059167
29987,7097.507700051596
29988,4452.472991916194
29989,3903.7310237311985
29990,3979.587071682457
29991,4888.277366299705
29992,8838.265044042906
29993,5256.1829966487885
29994,4315.217700213002
29995,4091.760692318171
29996,6374.542352376096
29997,3439.0833740700746
29998,5635.645682372254
29999,3144.5614131848956
30000,5466.664561673151
30001,5566.767672315457
30002,4793.6231779677155
30003,6648.342468911808
30004,5874.446690842546
30005,4046.2447814441525
30006,5966.510183267052
30007,5412.509223365233
30008,8616.369200836976
30009,5128.549137548424
30010,6392.255683223189
30011,7775.77972180086
30012,7230.21886111797
30013,5814.01825761227
30014,7442.637298470276
30015,3617.0285599201334
30016,5749.232111900509
30017,5221.6609712247655
30018,5323.769497325635
30019,6082.1987757568095
30020,5690.401283148417
30021,4978.103502964451
30022,5736.701611282053
30023,6157.326533923495
30024,7535.429051160362
30025,4916.028711920537
30026,8780.445764875514
30027,3696.376633955483
30028,4931.583309398983
30029,6853.799545157272
30030,4174.344223049712
30031,4929.635908722461
30032,4975.415730221554
30033,5563.5695776130915
30034,4255.194360113956
30035,4359.626453025269
30036,5812.306169721963
30037,6080.578556570096
30038,5212.864221637911
30039,4503.646881970248
30040,5833.5655632426115
30041,9905.664307170176
30042,6108.703745624699
30043,4691.919111740112
30044,4954.004577344003
30045,5747.41274625929
30046,5912.270661092258
30047,7211.512039986737
30048,4326.2599614309265
30049,5458.122313940025
30050,5311.09100577633
30051,5419.808794699007
30052,6224.251645538607
30053,5353.530590838861
30054,4920.473575150061
30055,3860.7302952138275
30056,6178.0425354609315
30057,7522.206843593408
30058,4501.029280982222
30059,3973.2274076427448
30060,5375.226689124007
30061,4914.064114947257
30062,5513.113706225987
30063,6870.919292140989
30064,5788.867008943639
30065,6302.211296335055
30066,4365.2634631680085
30067,5352.950742950821
30068,4710.482476936811
30069,5873.874267651604
30070,6433.361834501262
30071,6631.415713508758
30072,5944.908466296943
30073,4590.628576148394
30074,6332.57234423282
30075,5885.91913836229
30076,5493.208171742358
30077,5624.208745340922
30078,5608.491739776916
30079,6303.786642711784
30080,6600.187465552128
30081,5750.419554942441
30082,5371.418663077305
30083,6244.473261680014
30084,5427.246061989119
30085,5481.4507671956535
30086,3513.7351901674456
30087,4599.73810474146
30088,6258.261437297111
30089,5669.767507688544
30090,4127.859181609044
30091,5139.714562913975
30092,6006.500026222634
30093,6202.7672358893005
30094,5652.864524965029
30095,5169.453984727361
30096,6083.701544959905
30097,5607.5378000445935
30098,4994.258175672889
30099,4354.639987660217
30100,6266.089280594114
30101,5789.876145290287
30102,3191.162403471977
30103,5549.451502987611
30104,3759.309626242257
30105,5996.305130142481
30106,6549.89673905519
30107,6554.4115772401055
30108,7401.0328748649135
30109,4348.92918243139
30110,4497.158007322182
30111,9023.169267120411
30112,5646.944941564689
30113,6217.369926149641
30114,6880.170591175315
30115,4702.801970456986
30116,4966.2542620389695
30117,5152.437676895833
30118,6258.749749294338
30119,6394.352994254657
30120,5795.7529918317105
30121,2415.1316416504465
30122,5457.725618596663
30123,6576.808253673076
30124,7082.159661297236
30125,4911.051696132416
30126,5459.909788460357
30127,5584.023960048534
30128,4691.4017311348825
30129,2960.6268690872607
30130,5106.815635947152
30131,5327.293999885593
30132,5365.220911434806
30133,5731.800164380726
30134,5246.358547602128
30135,6594.69168777435
30136,6559.626105332046
30137,5543.149645524332
30138,3703.6499771047866
30139,6163.284733932632
30140,5911.551265835598
30141,4694.472720863485
30142,6337.860031449003
30143,4295.598001605079
30144,5184.97561224101
30145,3042.489782494547
30146,5775.6448020797
30147,3926.5615186308714
30148,6299.819299828469
30149,5760.019447792865
30150,6700.8427704165215
30151,7466.761169086746
30152,5304.741367584326
30153,5746.370594326934
30154,17449.649451440804
30155,8433.143645208942
30156,3970.4449547492886
30157,2247.8566460393545
30158,5094.418486553046
30159,7248.779686919326
30160,5050.733381253194
30161,11874.479964740576
30162,16655.09327334267
30163,5117.020458196033
30164,4744.789081071617
30165,6575.175260433192
30166,3833.6033715490526
30167,7192.6261243503695
30168,5162.198748404817
30169,6129.008882605483
30170,4799.683547619047
30171,5829.485438606706
30172,4948.369851857732
30173,6246.455567980005
30174,6823.56224138077
30175,5085.643789790489
30176,5659.566053431943
30177,6042.984970209262
30178,4832.599580939199
30179,5063.329820151826
30180,5638.823319428158
30181,4285.547062823795
30182,4983.062439541542
30183,5192.172069333934
30184,4865.328543511639
30185,4827.088476963916
30186,6249.604775669859
30187,5647.541658815497
30188,6049.438266379932
30189,5547.867510193592
30190,6191.856811392391
30191,4654.304341482264
30192,2745.8722328800136
30193,5130.736489499984
30194,6585.290983871727
30195,4644.572035870647
30196,4846.295362285391
30197,7087.180501409811
30198,5374.027037481153
30199,7856.427372946142
30200,6068.232810352454
30201,5560.549396090417
30202,4272.645744017942
30203,4677.6343016361125
30204,7897.563339655802
30205,4385.420289626698
30206,6643.429108082683
30207,13263.297132567011
30208,6270.67637337938
30209,6603.095591252882
30210,4705.516960423047
30211,4769.745681878088
30212,5741.367787964501
30213,3313.2297329961875
30214,5318.681222162358
30215,7894.536620468185
30216,4609.808539643951
30217,12602.292948412694
30218,10533.637584875149
30219,4306.278345481846
30220,5676.033035584695
30221,4595.07645314598
30222,6144.267564146541
30223,4968.609237078946
30224,9365.582872790977
30225,5293.275147997367
30226,7933.522226623333
30227,4290.640669599289
30228,6144.267564146541
30229,4729.308482695968
30230,6377.84396208214
30231,5116.60880749458
30232,4787.8147160267235
30233,5561.126396343619
30234,6052.282177238048
30235,6226.305507047229
30236,6488.031957463768
30237,4661.767326397279
30238,7944.714792225615
30239,5789.876145290287
30240,7746.117444499517
30241,4461.33321987345
30242,4156.041924900193
30243,5175.007455643112
30244,6437.942519643365
30245,5535.885868933489
30246,6030.381047722168
30247,5194.894378399143
30248,7220.8969935782325
30249,4027.221712232111
30250,7642.316616753327
30251,6096.234727271875
30252,5704.125964217036
30253,11070.533040407938
30254,14681.786272157467
30255,5632.529855202598
30256,6024.11315779897
30257,6990.058916855625
30258,6105.646615021347
30259,6511.086188113499
30260,4946.292467086153
30261,6002.940550973499
30262,4637.461903637995
30263,5718.166879674626
30264,3715.9463787321124
30265,4953.07472799504
30266,4031.1500176718987
30267,4773.425151835848
30268,6499.6940646485045
30269,4229.518385842862
30270,3584.841696928807
30271,4657.248638596888
30272,3578.029696156421
30273,3799.132301543436
30274,4658.660481770865
30275,5101.526052279458
30276,5921.410283259257
30277,5849.354798580716
30278,6286.660034543847
30279,5089.656762402249
30280,5593.807533485288
30281,6690.623384973603
30282,6171.800421563563
30283,3996.5684595123907
30284,4550.28391245777
30285,7996.953927731154
30286,5808.1071169657025
30287,6118.721262755376
30288,3062.262516280564
30289,4118.907940518155
30290,5768.088443533132
30291,5255.074966189036
30292,4392.893998709276
30293,6011.160634137386
30294,5844.895031043897
30295,10522.809150832505
30296,5072.938027593033
30297,6983.874674958801
30298,2822.905619227619
30299,4989.2361235511435
30300,5672.487894849986
30301,3341.778399202334
30302,7118.207936006732
30303,4114.530299532842
30304,6129.725204639856
30305,6189.38952292709
30306,9244.615651273989
30307,7467.589221313898
30308,4622.731771519918
30309,4141.89558813757
30310,7433.989951057148
30311,5921.410283259257
30312,4656.74853000698
30313,4062.927364856767
30314,5714.646215778561
30315,7281.805301439708
30316,3847.4328841890824
30317,5150.950261301239
30318,5632.143700836558
30319,6355.594847182103
30320,9574.206793779214
30321,4885.02458487253
30322,9849.860213276841
30323,5721.457865671353
30324,5207.112031509795
30325,3048.411941719717
30326,5016.844023701458
30327,4926.865963645367
30328,4197.682701134378
30329,5867.789443514822
30330,4078.624590169541
30331,4766.750070173535
30332,5150.414830936964
30333,5706.720258791138
30334,7235.17941330441
30335,5142.821825167342
30336,6277.14964631094
30337,5942.797505850909
30338,4242.924244489015
30339,6406.946261395369
30340,7243.595893132164
30341,4661.058681883713
30342,5054.251226274046
30343,5853.246070354413
30344,8411.060051609165
30345,5411.260291057179
30346,4415.2648392167375
30347,6085.4817082071295
30348,6422.117156311035
30349,5940.192092088988
30350,5009.824271628657
30351,6207.624518015033
30352,4980.973168514409
30353,5811.277831830304
30354,5052.42516495295
30355,6866.721115230038
30356,4945.093958439345
30357,6060.69287620915
30358,4868.661122606028
30359,3967.0242965325847
30360,3671.9872649476074
30361,4121.2346293816045
30362,7024.025159198965
30363,7142.355077570139
30364,8043.903244148161
30365,10371.567858723265
30366,5527.0745858684495
30367,5557.553910033862
30368,6137.3355764063635
30369,6468.160888526866
30370,6207.624518015033
30371,5358.392535322271
30372,5157.227187980281
30373,6260.93130736198
30374,5092.4015744605995
30375,3444.3642046554496
30376,9469.114155640822
30377,4571.518390764957
30378,6052.9231311322255
30379,5315.01332628413
30380,2025.8393199131203
30381,7097.755110948732
30382,5166.698512389172
30383,4411.511030460701
30384,5811.813101220659
30385,4919.1966439448315
30386,6097.878963692622
30387,5464.858376983218
30388,5576.180049401612
30389,4351.40821917482
30390,4086.4072497683505
30391,3483.4306076527455
30392,3186.068554383246
30393,5711.349469214375
30394,14880.279567765572
30395,4485.714278970153
30396,4450.942340404285
30397,5741.237410825847
30398,4802.761239336366
30399,4082.23219947936
30400,4358.416770037425
30401,3566.528387669829
30402,6100.411277318915
30403,4978.53460220695
30404,3362.424392483421
30405,5745.483161742948
30406,4008.2228297887023
30407,4213.780005769098
30408,5783.604341253289
30409,6157.368464066006
30410,8912.717883250254
30411,4328.318212913966
30412,5530.253131255979
30413,3910.2573485681773
30414,4612.842341687235
30415,12886.432215947776
30416,8254.064920747946
30417,5541.8109490632105
30418,4227.282843235465
30419,4209.327001371522
30420,4887.227681206394
30421,4770.838271117565
30422,9145.885096575883
30423,4507.050534872046
30424,4722.351676035626
30425,5487.30021209124
30426,4082.156814561326
30427,5122.312007921897
30428,6221.357201866869
30429,5696.249908497379
30430,5561.741383800442
30431,3352.0346891739237
30432,5168.904021518093
30433,5564.2674890967955
30434,7770.0913565950605
30435,6846.986929305067
30436,5553.335975699751
30437,3679.834791811778
30438,6970.115484053052
30439,4965.538373245213
30440,5799.037812654661
30441,6013.787776212084
30442,6142.443153984092
30443,5506.492253693192
30444,4963.906220198301
30445,6001.4530767168735
30446,6056.472960866629
30447,4731.334951988072
30448,5746.107247862304
30449,5869.4750452414655
30450,4091.105404917557
30451,7405.357971471486
30452,4840.959811376603
30453,4344.765404868
30454,6758.939509509685
30455,4665.98036867989
30456,3245.1101882007515
30457,6368.2631939499615
30458,7756.768484321841
30459,7860.722808112388
30460,4547.296439968224
30461,6089.480638263861
30462,5489.614088433609
30463,6182.609695109319
30464,4911.53081427596
30465,6456.696733570861
30466,2766.11115913239
30467,4816.667348771921
30468,5188.4149527804
30469,5499.866074784666
30470,4201.673060709712
30471,5849.345256503552
30472,5832.453677015799
30473,6048.101288138199
30474,6699.139370496826
30475,4896.34459471443
30476,5902.211644209309
30477,4797.447416546597
30478,5562.925951004131
30479,5522.247554321282
30480,5766.453909526137
30481,6622.271783067202
30482,4003.109677444154
30483,8360.871256716793
30484,6058.479681461728
30485,6120.1403738133495
30486,4484.302821490925
30487,3268.889725350112
30488,5228.5921409335015
30489,4836.13775503707
30490,6197.33311748212
30491,5649.866081411615
30492,4839.903227698811
30493,6368.546918994649
30494,5193.82610129687
30495,4493.490442225725
30496,6727.248603170822
30497,4522.211947010377
30498,6140.334242817513
30499,8818.068682872437
30500,6594.866222864116
30501,5788.287452284125
30502,4339.373751991073
30503,3499.8060532846202
30504,2810.2360160476183
30505,6351.466872623339
30506,4538.517790612449
30507,6231.718700673438
30508,3586.976853751615
30509,5323.108168631367
30510,5309.685861387598
30511,8005.375049049796
30512,4057.0021425762206
30513,4745.573785152755
30514,4095.554849101514
30515,6592.39666414162
30516,4740.2426310268065
30517,5707.822290292439
30518,6434.076137380279
30519,8206.364954998111
30520,5753.020113749913
30521,6384.358744124745
30522,5751.91280035865
30523,4072.5366960671613
30524,4551.152460655583
30525,6822.3522436984695
30526,7359.947350238933
30527,6501.178142205616
30528,15047.876323965458
30529,4799.0747236234765
30530,4705.725508794683
30531,4932.972156433336
30532,6448.606797737046
30533,6477.639536291258
30534,5655.989563936106
30535,5764.070801495911
30536,6197.33311748212
30537,6382.775151599937
30538,5377.891653544257
30539,4329.475362719996
30540,5929.331970007765
30541,4050.5033873379543
30542,4043.261049815475
30543,3983.2581480785475
30544,6649.878692963746
30545,14593.674424297924
30546,6113.052532671927
30547,5351.474494084151
30548,5436.323298872152
30549,3403.3181612002295
30550,5536.0051067482555
30551,3529.782763164727
30552,7500.646995998186
30553,5581.167229182982
30554,5639.306865325845
30555,6787.808318420956
30556,12109.67445021645
30557,4191.693370192068
30558,6041.07171602582
30559,3204.430354540099
30560,5094.843816517018
30561,6116.060598082133
30562,7180.715363077476
30563,3901.8273525607924
30564,3804.864963210467
30565,4852.928996822456
30566,4768.295817527728
30567,5759.811813654431
30568,5041.556053552383
30569,6043.673503165765
30570,5750.586364864618
30571,6360.577914947652
30572,5548.6045503771775
30573,5066.956502622465
30574,3583.7462612843474
30575,6222.604374339647
30576,4103.098129116267
30577,6381.532416796998
30578,5789.999160633307
30579,4586.266711822891
30580,5889.764926706982
30581,7340.964428361731
30582,3917.5900840123218
30583,4815.856083456809
30584,5159.634555382272
30585,6021.1038507689345
30586,6590.591655182669
30587,5327.498931894151
30588,3665.2892059030773
30589,5880.716629581357
30590,5907.519670670025
30591,4444.31271281711
30592,4629.742841567182
30593,6139.218807194208
30594,7544.910264694455
30595,5731.516620407658
30596,5660.151558298762
30597,6236.174478336532
30598,3861.8475013521543
30599,6268.041386974428
30600,4755.736343344505
30601,10409.449630239189
30602,5397.284346524987
30603,4509.4947322216785
30604,4168.2725731110295
30605,3718.1385943390064
30606,6568.242255265154
30607,15409.602575806923
30608,3566.9458064058867
30609,4017.9242612546723
30610,7201.986484268264
30611,5452.734917595922
30612,5517.7282687168745
30613,5950.289854471398
30614,4894.246448925091
30615,4339.489525977206
30616,3914.63953932888
30617,6245.050822325881
30618,4928.880347137223
30619,5720.079483250136
30620,5393.463236220812
30621,4266.245676255842
30622,5757.871642916546
30623,4915.146221073497
30624,3301.9643257751454
30625,7444.73323057276
30626,6541.224147941136
30627,3763.628849046292
30628,5687.099885445035
30629,5361.54241944553
30630,5104.517376616121
30631,7363.968216640749
30632,5277.34194435903
30633,7077.7282821381705
30634,5085.509649108647
30635,4023.8072072635155
30636,6531.981051802646
30637,3150.5208769936066
30638,6255.636545803228
30639,3480.7726378587795
30640,4979.655475935958
30641,4804.016162017741
30642,5884.176960036432
30643,5384.3473218294375
30644,5674.800701793009
30645,5426.13105667487
30646,5845.651164626165
30647,4915.836916745616
30648,6395.356125987314
30649,5623.647233588017
30650,6111.217724284261
30651,6286.569174969537
30652,5908.148326938872
30653,3178.763069209855
30654,5027.974674398359
30655,6365.546578828915
30656,4338.191265944345
30657,7448.220896123906
30658,5287.1272725204435
30659,5415.039253656011
30660,8762.38768617663
30661,6416.358523809521
30662,3537.052274996035
30663,16338.653931535628
30664,6596.203636599484
30665,4703.586760554903
30666,6454.119164564668
30667,8238.944794549298
30668,4887.217827672226
30669,4676.005966318355
30670,5638.631419115663
30671,4727.4597480468665
30672,5275.520855770405
30673,5777.558683498257
30674,4055.9506491770117
30675,5741.223659566808
30676,5427.246061989119
30677,5099.625629212244
30678,5238.832560586214
30679,6289.5358313026
30680,5623.32812919555
30681,4035.662861844855
30682,5988.240882324134
30683,5751.8606767601905
30684,6007.65557506608
30685,5756.070386320989
30686,5370.267038207581
30687,6897.035271594741
30688,5700.69448459538
30689,4187.097329193396
30690,4749.463895731274
30691,5486.751621521519
30692,5881.713536424908
30693,4188.299594690368
30694,3826.7810282438204
30695,6355.592779761451
30696,7235.628909056483
30697,4862.186489886258
30698,6140.527719701995
30699,5970.62853080668
30700,5276.123512414874
30701,4095.8581805983144
30702,3422.826859030289
30703,5361.947197800749
30704,5476.314200427415
30705,5328.196363183043
30706,7545.679916980237
30707,6951.790081622894
30708,4299.205687181622
30709,6440.082088568764
30710,3609.895181197875
30711,2928.3163143996167
30712,6318.560590761906
30713,10716.603933706814
30714,6010.47292546194
30715,5116.540666693197
30716,3687.4915249949163
30717,6048.089381808883
30718,7351.017843817316
30719,4829.692596688635
30720,6289.552824695269
30721,4693.357300456014
30722,4517.713274075466
30723,4552.665708809125
30724,4315.308538430973
30725,4987.456423350669
30726,3983.1321170818246
30727,4380.552336572206
30728,3860.7223094186397
30729,6500.157991115544
30730,5286.670598851181
30731,4294.903662330316
30732,4612.2467390431675
30733,5442.701051627638
30734,4236.712277905131
30735,4523.3595660405545
30736,5833.414771978233
30737,6229.553702210938
30738,4753.783419926752
30739,3367.531734888258
30740,10022.414923266722
30741,5150.218475855993
30742,4315.144938283961
30743,6037.533149845055
30744,6257.9680585523565
30745,6276.70844657451
30746,4877.6050810765155
30747,6122.3205496109185
30748,7143.108658324435
30749,10333.468091291339
30750,3781.060345812621
30751,3761.6961551111876
30752,4084.115431426203
30753,5743.328387110007
30754,5315.8028760716725
30755,7438.792624012462
30756,7034.261169512295
30757,5066.523124109956
30758,3497.2764131009553
30759,5192.12213186514
30760,7343.201731252
30761,3865.6165267207484
30762,5191.401895036197
30763,3471.6152627466736
30764,5946.216563639515
30765,6033.711414227564
30766,6111.949120422662
30767,7123.104552824361
30768,5903.04612914344
30769,3410.070728184739
30770,5428.726045824478
30771,6085.619672591138
30772,6832.364351609044
30773,6098.711891099261
30774,6070.274133918633
30775,4800.663730480076
30776,5888.678064577378
30777,6623.905681216155
30778,3897.0031011857523
30779,9617.988720349882
30780,5476.116997533138
30781,3575.724604571753
30782,5254.806158775382
30783,5147.152777336271
30784,6152.79272012146
30785,6243.54099836739
30786,3761.6694033042127
30787,3594.587765880241
30788,5304.3631560362755
30789,6607.204474163948
30790,8955.367375625328
30791,4769.735197865761
30792,5213.353029977839
30793,4770.498139572499
30794,5377.281933605048
30795,4304.145913375738
30796,7970.234013114688
30797,6271.716445329233
30798,10833.36426863252
30799,3693.7500448259216
30800,5183.602346759708
30801,8523.24097863248
30802,8417.628528804045
30803,3977.463734062281
30804,7990.453128822698
30805,5404.569259483629
30806,4420.260366518871
30807,4273.985396421496
30808,4124.014279927361
30809,6027.084314956778
30810,4227.29428532448
30811,4181.7588197997275
30812,4384.815494517383
30813,6978.753627622551
30814,6176.004278592891
30815,19607.46561904762
30816,5436.118023809524
30817,3882.4111030957492
30818,5825.676725123605
30819,7314.083765637325
30820,4993.330734858956
30821,6055.930432064117
30822,4865.270253399726
30823,6874.245120292689
30824,5835.453708613311
30825,3641.3396662703053
30826,4657.444789501967
30827,5452.338867388825
30828,6314.629562008282
30829,5803.715274753319
30830,7834.976372854539
30831,3695.1727719297137
30832,3846.1057932384406
30833,4166.672769497794
30834,7516.645269641627
30835,8831.168619231576
30836,7683.699047741942
30837,5806.148418847071
30838,3387.581480615502
30839,5474.570963671841
30840,3664.7367498052704
30841,6488.608308995845
30842,8310.992843818734
30843,7097.507700051596
30844,4452.472991916194
30845,3940.785501850812
30846,3873.532698463482
30847,4888.277366299705
30848,8915.944751585157
30849,5222.070041007054
30850,4290.159785201307
30851,4076.488950356332
30852,6375.393514805078
30853,3439.0833740700746
30854,5635.645682372254
30855,3131.6966643585115
30856,5466.664561673151
30857,5550.228017143044
30858,4793.6231779677155
30859,6516.14311932512
30860,5874.446690842546
30861,4131.325121029919
30862,5966.510183267052
30863,5412.509223365233
30864,8427.913646680745
30865,4904.323092149859
30866,6386.627515835022
30867,7687.493078943717
30868,7230.21886111797
30869,5814.01825761227
30870,7377.757206356714
30871,3631.1600112195088
30872,5749.232111900509
30873,5221.6609712247655
30874,5323.769497325635
30875,6082.1987757568095
30876,5666.547862152746
30877,4978.103502964451
30878,5736.701611282053
30879,6157.326533923495
30880,7421.151891820299
30881,4919.539780858087
30882,8780.445764875514
30883,3694.5003992419024
30884,4931.583309398983
30885,6870.258094268986
30886,4189.9559619155525
30887,4769.095552168068
30888,4975.415730221554
30889,5563.5695776130915
30890,4221.869857884333
30891,4330.032620490864
30892,5812.306169721963
30893,6103.357311202139
30894,5217.160480262879
30895,4493.470987134926
30896,5838.943292066933
30897,9903.676886535257
30898,6108.703745624699
30899,4691.919111740112
30900,4954.004577344003
30901,5747.41274625929
30902,5895.3466184412355
30903,7211.512039986737
30904,4326.2599614309265
30905,5458.122313940025
30906,5317.91500525112
30907,5417.802898218676
30908,6224.251645538607
30909,5353.530590838861
30910,4920.9222596966765
30911,3863.4704142614464
30912,6178.0425354609315
30913,7542.110727191292
30914,4501.029280982222
30915,3973.2274076427448
30916,5375.226689124007
30917,4838.889563665205
30918,5513.113706225987
30919,6883.168809049201
30920,5575.957541099155
30921,6306.075125550336
30922,4334.239356734571
30923,5352.950742950821
30924,4698.075810270144
30925,5873.874267651604
30926,6414.193767433067
30927,6631.415713508758
30928,5944.908466296943
30929,4584.5379828469595
30930,6332.57234423282
30931,5885.91913836229
30932,5510.046014995344
30933,5624.208745340922
30934,5657.701492360897
30935,6303.786642711784
30936,6608.565307868028
30937,5750.419554942441
30938,5371.418663077305
30939,6244.473261680014
30940,5427.246061989119
30941,5449.255965608351
30942,3541.7899768656766
30943,4569.893177990878
30944,6258.261437297111
30945,5845.78962492686
30946,4126.116970070582
30947,5139.714562913975
30948,6033.56621856624
30949,6202.7672358893005
30950,5652.864524965029
30951,5169.453984727361
30952,6083.701544959905
30953,5602.796919762903
30954,4994.258175672889
30955,4312.1988584060155
30956,6266.089280594114
30957,5789.876145290287
30958,3183.284775893673
30959,5549.451502987611
30960,3759.309626242257
30961,5996.305130142481
30962,6567.815316806385
30963,6563.979077240106
30964,7401.0328748649135
30965,4348.92918243139
30966,4464.8612078112355
30967,8901.080526128035
30968,5646.944941564689
30969,6253.666443289595
30970,6884.609809601817
30971,4663.20054168296
30972,4966.2542620389695
30973,5136.722862081017
30974,6268.829055250733
30975,6394.352994254657
30976,5795.7529918317105
30977,2409.175719611466
30978,5457.725618596663
30979,6550.4885190706955
30980,7080.669318019449
30981,4841.724842172651
30982,5472.007120776717
30983,5584.023960048534
30984,4700.875289289738
30985,2960.6268690872607
30986,5106.815635947152
30987,5327.293999885593
30988,5353.5500781014725
30989,5731.800164380726
30990,5246.358547602128
30991,6603.06953009025
30992,6569.050990688173
30993,5543.149645524332
30994,3703.6499771047866
30995,6163.284733932632
30996,5911.551265835598
30997,4694.472720863485
30998,6356.320828866275
30999,4295.598001605079
31000,5184.97561224101
31001,2866.0503026452207
31002,5776.583365162098
31003,3964.753402930984
31004,6299.819299828469
31005,5760.019447792865
31006,6551.555534451659
31007,7618.660510963281
31008,5304.741367584326
31009,5746.370594326934
31010,17112.968751933884
31011,8434.891226321552
31012,4028.161466206557
31013,2252.8253960393545
31014,5094.418486553046
31015,7138.299972437763
31016,5050.733381253194
31017,11638.390870223984
31018,16331.949237628383
31019,5101.468595450936
31020,4739.287969960506
31021,6139.821075966699
31022,3833.6033715490526
31023,7183.601739395048
31024,4875.719197635116
31025,6129.008882605483
31026,4775.936285714285
31027,5829.485438606706
31028,4948.369851857732
31029,6246.455567980005
31030,6823.56224138077
31031,4798.569332269868
31032,5659.566053431943
31033,6042.984970209262
31034,4810.881475575215
31035,5063.329820151826
31036,5638.823319428158
31037,4285.547062823795
31038,4983.062439541542
31039,5209.871563902633
31040,4865.328543511639
31041,4837.825905535345
31042,6247.230132812716
31043,5647.541658815497
31044,6049.438266379932
31045,5547.867510193592
31046,5849.373712387856
31047,4674.371014059687
31048,2748.603185260966
31049,5142.069653895267
31050,6585.290983871727
31051,4614.665613397438
31052,4840.794251174279
31053,7087.180501409811
31054,5334.5509711270415
31055,7856.427372946142
31056,6068.232810352454
31057,5551.146298084534
31058,4215.593643381912
31059,4677.6343016361125
31060,7885.0746459320035
31061,4389.534934613148
31062,6610.347313164718
31063,13245.21551278523
31064,6287.135709343176
31065,5141.514383187452
31066,4701.912017894311
31067,4769.745681878088
31068,5741.367787964501
31069,3319.1370761767002
31070,5321.989490360289
31071,7894.536620468185
31072,4567.91925574807
31073,13260.946916666666
31074,10426.195977732294
31075,4297.436252504304
31076,5682.29421614025
31077,4595.758505559623
31078,6144.267564146541
31079,4968.609237078946
31080,9341.185948642807
31081,5276.357166667617
31082,7894.497959681941
31083,4292.579340909919
31084,6144.267564146541
31085,4370.496836725406
31086,6368.702297343148
31087,5096.750526431437
31088,4726.747664744673
31089,5427.579269470542
31090,5922.401770200639
31091,6226.305507047229
31092,6488.031957463768
31093,4661.767326397279
31094,7936.599236670059
31095,5789.876145290287
31096,7792.783507752689
31097,4515.073239779808
31098,4156.041924900193
31099,5175.007455643112
31100,6437.942519643365
31101,5535.885868933489
31102,5888.934361807136
31103,5194.894378399143
31104,7220.8969935782325
31105,4022.9605342872487
31106,7544.366968970076
31107,6096.234727271875
31108,5704.125964217036
31109,11227.125119430717
31110,13780.04885071131
31111,5632.529855202598
31112,6024.11315779897
31113,7009.554078545905
31114,6105.646615021347
31115,6511.086188113499
31116,4946.292467086153
31117,6002.940550973499
31118,4637.461903637995
31119,5718.166879674626
31120,3715.9463787321124
31121,4953.392668585151
31122,4031.1500176718987
31123,4773.425151835848
31124,6499.6940646485045
31125,4232.84708437364
31126,3572.2895910408674
31127,4657.248638596888
31128,3546.491118932739
31129,3799.132301543436
31130,4658.660481770865
31131,5042.770392965825
31132,5921.410283259257
31133,5849.354798580716
31134,6286.660034543847
31135,5093.135998820402
31136,5593.807533485288
31137,6690.623384973603
31138,6181.879727519957
31139,3996.5684595123907
31140,4552.421759308632
31141,8124.61011522933
31142,5808.1071169657025
31143,6118.721262755376
31144,3059.0210883746704
31145,4208.828900730272
31146,5676.059415475767
31147,5249.111632855702
31148,4392.9613219416
31149,6011.160634137386
31150,5844.895031043897
31151,10504.451175175434
31152,5072.938027593033
31153,6970.873008292134
31154,2826.595446408827
31155,4922.77662274055
31156,5672.487894849986
31157,3341.778399202334
31158,7122.079444778662
31159,4114.530299532842
31160,6129.725204639856
31161,6189.38952292709
31162,9249.509436988275
31163,6998.403598994221
31164,4622.731771519918
31165,4136.792024374943
31166,7433.989951057148
31167,5921.410283259257
31168,4763.541081080574
31169,4058.6661869119043
31170,5714.646215778561
31171,7136.569542949393
31172,3847.4328841890824
31173,5150.950261301239
31174,5632.143700836558
31175,6355.594847182103
31176,9580.512412826834
31177,4885.02458487253
31178,9890.834860891864
31179,5737.565864746893
31180,5207.112031509795
31181,2987.335528416811
31182,5049.2895495804005
31183,4905.08849651115
31184,4197.682701134378
31185,5867.789443514822
31186,4078.624590169541
31187,4766.750070173535
31188,5150.414830936964
31189,5706.720258791138
31190,7225.057806161553
31191,5142.821825167342
31192,6277.14964631094
31193,5942.797505850909
31194,4242.924244489015
31195,6406.946261395369
31196,7472.765284157806
31197,4662.235380296411
31198,5126.241130118725
31199,5865.956903687747
31200,8319.220829011714
31201,5411.260291057179
31202,4443.861234125579
31203,6091.791629513406
31204,6422.117156311035
31205,5940.192092088988
31206,5009.824271628657
31207,6207.624518015033
31208,4980.973168514409
31209,5697.342230348453
31210,5052.42516495295
31211,6866.721115230038
31212,4954.47894270147
31213,6060.69287620915
31214,4868.661122606028
31215,3969.389256514218
31216,3671.9872649476074
31217,3972.1214004997832
31218,7024.025159198965
31219,7142.355077570139
31220,8043.903244148161
31221,10396.87141494923
31222,5527.0745858684495
31223,5557.553910033862
31224,6137.3355764063635
31225,6468.160888526866
31226,6207.624518015033
31227,5352.895535322271
31228,5157.227187980281
31229,6260.93130736198
31230,5107.717958502486
31231,3444.3642046554496
31232,9489.567067405527
31233,4571.518390764957
31234,6052.9231311322255
31235,5303.292197956068
31236,2042.031290172278
31237,7103.652513720984
31238,5112.964639810981
31239,4384.186701680049
31240,5811.813101220659
31241,4900.781670370092
31242,6097.878963692622
31243,5464.858376983218
31244,5573.732026370492
31245,4351.40821917482
31246,3901.8067883761582
31247,3502.6301631774195
31248,3186.068554383246
31249,5711.349469214375
31250,15179.587865384618
31251,4485.714278970153
31252,4450.942340404285
31253,5624.824698918745
31254,4802.761239336366
31255,4082.23219947936
31256,4360.781730019057
31257,3573.5965243342002
31258,6094.178301128439
31259,4978.53460220695
31260,3362.424392483421
31261,5745.483161742948
31262,4010.212890039475
31263,4217.108704299878
31264,5783.604341253289
31265,6170.880211243588
31266,8886.675745725808
31267,4328.318212913966
31268,5541.081142439576
31269,3910.2573485681773
31270,4612.312008353902
31271,12824.264537271265
31272,8162.56758041181
31273,5541.8109490632105
31274,4247.619911788388
31275,4209.327001371522
31276,4887.227681206394
31277,4770.838271117565
31278,7878.391842726809
31279,4499.987201538714
31280,4732.374324240448
31281,5482.167919585196
31282,4066.6335844025957
31283,5122.312007921897
31284,6296.981611821144
31285,5696.249908497379
31286,5561.741383800442
31287,3352.0346891739237
31288,5161.853651147723
31289,5564.2674890967955
31290,7761.56599713419
31291,6833.79797936544
31292,5553.335975699751
31293,3679.834791811778
31294,6970.115484053052
31295,4921.973723455389
31296,5799.037812654661
31297,5999.743931562059
31298,6142.443153984092
31299,5506.492253693192
31300,4963.906220198301
31301,6001.4530767168735
31302,6067.286586646145
31303,4733.161217519901
31304,5746.107247862304
31305,5849.869997635884
31306,4091.105404917557
31307,7400.821841593794
31308,4840.495311376603
31309,4344.765404868
31310,6758.939509509685
31311,4618.762743134845
31312,3239.9054301362357
31313,6458.554348360149
31314,7524.593246226602
31315,7870.356271161104
31316,4547.296439968224
31317,6089.480638263861
31318,5489.614088433609
31319,6196.414457014081
31320,4911.53081427596
31321,6372.112999067938
31322,2765.508962162693
31323,4832.974833034046
31324,5188.4149527804
31325,5499.866074784666
31326,4205.980950320102
31327,5849.345256503552
31328,5832.453677015799
31329,6048.101288138199
31330,6708.914025396105
31331,4896.34459471443
31332,5902.211644209309
31333,4797.447416546597
31334,5531.309249112461
31335,5529.071553796073
31336,5709.431704813183
31337,6646.863141828577
31338,3518.045945850689
31339,8349.893399573935
31340,6046.347939037486
31341,6109.132988829053
31342,4484.302821490925
31343,3263.6849672855956
31344,5228.5921409335015
31345,4836.13775503707
31346,6197.33311748212
31347,5649.866081411615
31348,4839.903227698811
31349,6368.546918994649
31350,5161.122959205806
31351,4419.287766421094
31352,6727.248603170822
31353,4412.930933591146
31354,6140.334242817513
31355,8799.830211206041
31356,6598.769022401153
31357,5788.287452284125
31358,4276.883499349718
31359,3523.398123584367
31360,2813.5771301815735
31361,6340.821001829522
31362,4539.382973226404
31363,6231.718700673438
31364,3551.6500873855566
31365,5314.924990059938
31366,5309.685861387598
31367,8064.837848589769
31368,4057.0021425762206
31369,4738.748615074783
31370,3894.3739736017396
31371,6590.040336543779
31372,4740.2426310268065
31373,5707.822290292439
31374,6370.092949750331
31375,8214.20688978244
31376,5695.997909036961
31377,6384.358744124745
31378,5751.91280035865
31379,4072.5366960671613
31380,4547.79571933783
31381,6822.3522436984695
31382,7374.958070531014
31383,6501.178142205616
31384,14699.421110186333
31385,4805.667099047461
31386,4688.407714283583
31387,4991.8882825287865
31388,6448.606797737046
31389,6477.639536291258
31390,5655.989563936106
31391,5764.070801495911
31392,6197.33311748212
31393,6365.7394373142215
31394,5315.501764655367
31395,4247.111210181047
31396,5929.331970007765
31397,4054.260188643689
31398,4043.261049815475
31399,3983.2581480785475
31400,6607.739188214427
31401,14396.42756349206
31402,6113.052532671927
31403,5351.474494084151
31404,5446.128983302358
31405,3377.674117169864
31406,5536.0051067482555
31407,3357.017942722139
31408,7475.256770277143
31409,5581.167229182982
31410,5639.306865325845
31411,6794.875790240601
31412,11748.83748989899
31413,4298.31646824973
31414,6060.542190393557
31415,3204.430354540099
31416,5094.843816517018
31417,6116.060598082133
31418,7180.715363077476
31419,3899.191665999987
31420,3779.562513945036
31421,4859.998617565472
31422,4765.360239871625
31423,5779.17691095751
31424,5041.556053552383
31425,6043.673503165765
31426,5725.1302300958405
31427,6360.577914947652
31428,5532.974397310506
31429,5066.956502622465
31430,3583.7462612843474
31431,6222.604374339647
31432,4103.098129116267
31433,6381.532416796998
31434,5789.999160633307
31435,4468.646424721934
31436,5889.764926706982
31437,5445.498175120674
31438,3919.955043993955
31439,4815.856083456809
31440,5172.631240046371
31441,6021.1038507689345
31442,6592.906988516002
31443,5327.498931894151
31444,3665.2892059030773
31445,5880.716629581357
31446,5907.803670670026
31447,4444.31271281711
31448,4629.742841567182
31449,6139.218807194208
31450,7544.910264694455
31451,5730.735915296883
31452,5660.151558298762
31453,6236.174478336532
31454,3853.030032131908
31455,6268.041386974428
31456,4755.736343344505
31457,10414.53574796924
31458,5392.056009311702
31459,4512.129595535855
31460,4174.555239777696
31461,3660.6683641793184
31462,6565.885927667313
31463,15435.206922998674
31464,3521.9898036095
31465,3954.0132253478114
31466,7196.002077144145
31467,5478.38148834605
31468,5521.036536914807
31469,5950.289854471398
31470,4894.246448925091
31471,4455.772040011921
31472,3912.003852768075
31473,6245.050822325881
31474,4912.630838597712
31475,5720.079483250136
31476,5393.463236220812
31477,4268.023057208223
31478,5757.871642916546
31479,4915.146221073497
31480,3296.759567710629
31481,7440.270337985305
31482,6541.224147941136
31483,3764.83532680362
31484,5687.099885445035
31485,5269.037896256747
31486,5104.517376616121
31487,7357.3965499740825
31488,5277.34194435903
31489,6952.717265200513
31490,5085.509649108647
31491,4008.285707263515
31492,6531.981051802646
31493,3063.585132816413
31494,6255.636545803228
31495,3597.225255491146
31496,4970.721713569183
31497,4804.016162017741
31498,5884.176960036432
31499,5390.692321829437
31500,5674.800701793009
31501,5422.4475305179285
31502,5845.651164626165
31503,4909.011746667643
31504,6438.094477005281
31505,5656.133893251882
31506,6125.973679489465
31507,6286.569174969537
31508,5897.963826291316
31509,3152.5393212611425
31510,5029.836341065025
31511,6365.546578828915
31512,4336.236265944345
31513,7448.220896123906
31514,5287.1272725204435
31515,5418.509882552441
31516,8686.939394544543
31517,5988.853354978354
31518,3492.096272199648
31519,16338.653931535628
31520,6596.203636599484
31521,4703.586760554903
31522,6460.72603643654
31523,7719.698227439428
31524,4887.217827672226
31525,4684.102605587298
31526,5638.631419115663
31527,4718.035409585328
31528,5135.953650166363
31529,5781.892590308293
31530,3992.2143597815275
31531,6006.025383372082
31532,5427.246061989119
31533,5121.9832926006775
31534,5238.832560586214
31535,6289.5358313026
31536,5623.32812919555
31537,4020.754372945916
31538,5988.240882324134
31539,5751.8606767601905
31540,6007.65557506608
31541,5759.295935563414
31542,5406.844987341781
31543,6897.035271594741
31544,5700.69448459538
31545,4185.353995860062
31546,4749.463895731274
31547,5486.751621521519
31548,5881.713536424908
31549,4188.299594690368
31550,3819.9692187200108
31551,6948.618027998583
31552,7255.2989090564815
31553,4862.186489886258
31554,6140.527719701995
31555,5970.62853080668
31556,5283.656242144603
31557,4015.696063560598
31558,3384.9463891891
31559,5353.035334430521
31560,5476.314200427415
31561,5334.21618692722
31562,7551.986130015138
31563,7038.167856965467
31564,4299.953628358093
31565,6434.097681444647
31566,3662.9995145312087
31567,2941.3362448578723
31568,6323.819907474992
31569,11538.57380952381
31570,6010.47292546194
31571,5116.540666693197
31572,3687.4915249949163
31573,6052.82346581698
31574,6803.84250394138
31575,4663.405178384476
31576,6291.92205466481
31577,4693.357300456014
31578,4508.485702797906
31579,4552.1953682411895
31580,4273.651959628643
31581,4998.327433619761
31582,3966.777088510396
31583,4380.552336572206
31584,3841.7403740149125
31585,6500.157991115544
31586,5293.504285610076
31587,4211.133495645995
31588,4612.2467390431675
31589,5442.701051627638
31590,4250.563917145727
31591,4523.127571295912
31592,5833.414771978233
31593,6229.553702210938
31594,4753.783419926752
31595,3367.531734888258
31596,10091.97551830109
31597,5069.368460420659
31598,4229.577195842064
31599,6037.533149845055
31600,6736.887759117184
31601,6276.70844657451
31602,4877.6050810765155
31603,6126.79411408216
31604,7138.728497420529
31605,10503.535757245754
31606,3779.290492063429
31607,3764.582676850319
31608,4079.8542534813405
31609,5492.644096409423
31610,5315.8028760716725
31611,7383.428376333013
31612,7025.851589186371
31613,5066.523124109956
31614,3492.7563663017736
31615,5232.018815414109
31616,7343.201731252
31617,3869.6875146266916
31618,5191.401895036197
31619,3464.4749974438273
31620,5846.37831386556
31621,6080.5364475954
31622,6111.949120422662
31623,7123.104552824361
31624,5908.449671088561
31625,3410.070728184739
31626,5428.726045824478
31627,6136.306416354957
31628,6832.364351609044
31629,6098.711891099261
31630,6070.274133918633
31631,4639.133111746444
31632,5888.678064577378
31633,6623.905681216155
31634,3897.0031011857523
31635,9607.301465447921
31636,5476.116997533138
31637,3675.7438163884667
31638,5259.014999977098
31639,5149.291600865079
31640,6164.210598968947
31641,6243.54099836739
31642,3614.759601305902
31643,3602.382935180057
31644,5304.3631560362755
31645,6621.056974163948
31646,8972.159690765142
31647,4797.226161850934
31648,5219.283951546466
31649,4615.2519228629635
31650,5377.281933605048
31651,4304.145913375738
31652,7970.234013114688
31653,6271.716445329233
31654,10636.820629139896
31655,3693.7500448259216
31656,5141.4129353794215
31657,8540.455510378511
31658,8406.59610456162
31659,3980.1626338910487
31660,8003.050837156032
31661,5384.880904971561
31662,4427.069370483109
31663,4124.010161626256
31664,4052.692422784503
31665,6027.084314956778
31666,4240.073896082144
31667,4181.7588197997275
31668,4384.815494517383
31669,6961.17898466824
31670,6176.004278592891
31671,19559.569976190476
31672,5366.512333333334
31673,3882.4111030957492
31674,5843.160247108791
31675,7314.083765637325
31676,4993.330734858956
31677,6065.07817572846
31678,4896.942570354984
31679,6983.314288268247
31680,5957.517629305458
31681,3627.6998087950255
31682,4660.395333152761
31683,5452.338867388825
31684,6314.629562008282
31685,5794.1476936175495
31686,7845.511301425968
31687,3701.2226053639956
31688,3846.1057932384406
31689,4165.368001836883
31690,7571.61480845209
31691,9155.864003463113
31692,7895.158312846265
31693,5806.148418847071
31694,3714.786874060691
31695,5474.570963671841
31696,3715.649190940927
31697,6488.608308995845
31698,8311.061227636594
31699,7104.681426424233
31700,4452.472991916194
31701,3958.401399024655
31702,4349.107348212582
31703,4888.277366299705
31704,8740.17487503015
31705,5290.759294491324
31706,4287.130801867974
31707,4083.779315453859
31708,6413.056845043466
31709,3462.5015801632476
31710,5635.645682372254
31711,3157.86305404455
31712,5466.664561673151
31713,5543.242632527657
31714,4793.6231779677155
31715,6459.431980436231
31716,5874.446690842546
31717,4184.122421183548
31718,5966.510183267052
31719,5412.509223365233
31720,8415.587444839573
31721,4931.437455519021
31722,6430.365041553931
31723,7662.741672678731
31724,7238.316041383623
31725,5814.01825761227
31726,7500.739668956846
31727,3695.5394290290774
31728,5743.772778567176
31729,5221.6609712247655
31730,5323.769497325635
31731,6091.72914101655
31732,5703.506493039566
31733,4978.103502964451
31734,5736.701611282053
31735,6329.8666534288795
31736,7609.4429443923245
31737,4919.539780858087
31738,8780.445764875514
31739,3734.670188733029
31740,4931.583309398983
31741,6957.392707313108
31742,4247.194057153648
31743,4786.30610530163
31744,4982.930081320994
31745,5563.5695776130915
31746,4209.60629031306
31747,4363.61370442897
31748,5812.306169721963
31749,6203.44876522553
31750,5274.970047710896
31751,4501.792460057428
31752,5838.943292066933
31753,9936.967553201925
31754,6108.703745624699
31755,4691.919111740112
31756,4954.004577344003
31757,5747.41274625929
31758,5902.336073952526
31759,7211.512039986737
31760,4323.333417463646
31761,5458.122313940025
31762,5378.8103391678715
31763,5470.31990218279
31764,6224.251645538607
31765,5353.530590838861
31766,4926.148761898424
31767,3862.2557475947797
31768,6185.128123696225
31769,7567.716328601816
31770,4501.029280982222
31771,3992.8409207320674
31772,5375.226689124007
31773,4921.91786003488
31774,5513.113706225987
31775,6852.342809049202
31776,5605.725127353232
31777,6437.978665949173
31778,4366.921402933132
31779,5352.950742950821
31780,4726.822330999392
31781,5873.874267651604
31782,6690.263916117297
31783,6653.535955781197
31784,5944.908466296943
31785,4665.765973191381
31786,6332.57234423282
31787,5885.91913836229
31788,5534.543953969356
31789,5624.208745340922
31790,5664.354850888028
31791,6303.786642711784
31792,6640.262348272812
31793,5762.61535516936
31794,5371.418663077305
31795,6298.509669230079
31796,5427.246061989119
31797,5492.403021163907
31798,3574.220710552265
31799,4735.171215622899
31800,6258.261437297111
31801,7228.736738547166
31802,4140.38344419881
31803,5139.714562913975
31804,6098.785503111942
31805,6202.7672358893005
31806,5652.864524965029
31807,5169.453984727361
31808,6083.701544959905
31809,5614.013986394276
31810,5001.137097879857
31811,4339.2780532038505
31812,6266.089280594114
31813,5789.876145290287
31814,3255.3666070209056
31815,5555.288289667801
31816,3759.309626242257
31817,5996.305130142481
31818,6594.176491048809
31819,6726.246182503262
31820,7401.0328748649135
31821,4348.92918243139
31822,4472.798637497606
31823,9102.750542463406
31824,5646.944941564689
31825,6322.770520903421
31826,6889.703412060833
31827,4659.166218058774
31828,4966.2542620389695
31829,5193.346098956632
31830,6268.829055250733
31831,6394.352994254657
31832,5795.7529918317105
31833,2418.988928853354
31834,5457.725618596663
31835,6565.534877991469
31836,7036.3692901666345
31837,4901.355972095869
31838,5513.432008057031
31839,5604.0518451429725
31840,4816.946601231288
31841,2962.940589160926
31842,5112.8355809796685
31843,5327.293999885593
31844,5353.5500781014725
31845,5779.361199488764
31846,5246.358547602128
31847,6634.322773109414
31848,6560.835129372311
31849,5543.149645524332
31850,3703.6499771047866
31851,6163.284733932632
31852,5911.551265835598
31853,4697.675133113191
31854,6585.153793577867
31855,4295.598001605079
31856,5184.97561224101
31857,2863.9928410669672
31858,5804.551636183389
31859,3955.470710141318
31860,6299.819299828469
31861,5760.019447792865
31862,6502.427634199133
31863,7819.721527731932
31864,5304.741367584326
31865,5746.370594326934
31866,17157.780933289927
31867,8568.237286343914
31868,4103.933927969436
31869,2252.8253960393545
31870,5094.418486553046
31871,8092.955393421647
31872,5053.9357935029
31873,11617.668834956712
31874,16715.660769735165
31875,5118.725722298226
31876,4739.287969960506
31877,6139.821075966699
31878,3833.6033715490526
31879,7182.655255643448
31880,4969.329258406655
31881,6129.008882605483
31882,4667.720666666666
31883,6004.6745438698645
31884,4948.369851857732
31885,6246.455567980005
31886,6829.820039208766
31887,4945.61694463336
31888,5659.566053431943
31889,6042.984970209262
31890,4815.623935892675
31891,5063.329820151826
31892,5638.823319428158
31893,4289.138401604437
31894,4986.688404227158
31895,5237.960978488369
31896,4865.328543511639
31897,4849.590904367587
31898,6247.230132812716
31899,5647.541658815497
31900,6049.438266379932
31901,5547.867510193592
31902,6000.777528106588
31903,4729.217603886526
31904,2775.0748838923105
31905,5168.758014442136
31906,6590.631419629049
31907,4658.044404338957
31908,4840.794251174279
31909,7429.950091401531
31910,5357.838431634255
31911,7909.294346528746
31912,6068.232810352454
31913,5551.146298084534
31914,4266.9060509966475
31915,4677.6343016361125
31916,7943.917803899036
31917,4389.534934613148
31918,6505.8495982194645
31919,13320.871099958595
31920,6292.754617082976
31921,5287.1411318096225
31922,4701.912017894311
31923,4769.745681878088
31924,5741.367787964501
31925,3435.6556400614477
31926,5329.770331556031
31927,7894.536620468185
31928,4608.448008271896
31929,12423.13153571429
31930,10795.249528363498
31931,4296.787265935318
31932,5684.782493652212
31933,4640.440529807694
31934,6144.267564146541
31935,4977.160599824044
31936,9510.457930293378
31937,5259.999875000949
31938,7994.650801367984
31939,4303.879057437811
31940,6144.267564146541
31941,4424.065841475276
31942,6368.702297343148
31943,5096.750526431437
31944,4811.37907084563
31945,5439.023874265671
31946,5958.338640002406
31947,6231.088742977965
31948,6488.031957463768
31949,4661.767326397279
31950,7953.296717339681
31951,5789.876145290287
31952,7965.703456709527
31953,4575.999181140778
31954,4158.779013680835
31955,5175.007455643112
31956,6437.942519643365
31957,5535.885868933489
31958,5953.366638217441
31959,5212.8374127234165
31960,7220.8969935782325
31961,4022.9605342872487
31962,7676.281903003454
31963,6105.382470936221
31964,5704.125964217036
31965,11198.293497883067
31966,13890.02952335722
31967,5644.1434029027705
31968,6030.370955626964
31969,7055.039066618903
31970,6105.646615021347
31971,6511.086188113499
31972,4946.292467086153
31973,6002.940550973499
31974,4637.461903637995
31975,5718.166879674626
31976,3715.9463787321124
31977,4976.973320052868
31978,4045.904034629054
31979,4776.627564085554
31980,6499.6940646485045
31981,4279.937225708068
31982,3568.3814292761613
31983,4657.248638596888
31984,3590.3222440658096
31985,3799.132301543436
31986,4666.842312329359
31987,5039.601245728856
31988,5921.410283259257
31989,5849.354798580716
31990,6286.660034543847
31991,5089.416941397432
31992,5593.807533485288
31993,6690.623384973603
31994,6310.104063866293
31995,4002.734219726033
31996,4573.681181577539
31997,8473.067550740458
31998,5808.1071169657025
31999,6118.721262755376
32000,3071.658395433432
32001,4248.081453441342
32002,5675.789127705479
32003,5266.999312616331
32004,4424.36745997608
32005,6011.160634137386
32006,5844.895031043897
32007,10559.138614563553
32008,5072.938027593033
32009,6965.580008292134
32010,2788.4421889260016
32011,4940.855741765325
32012,5672.487894849986
32013,3341.778399202334
32014,7157.721682842886
32015,4114.530299532842
32016,6129.725204639856
32017,6189.38952292709
32018,9321.32717206897
32019,7051.535736059558
32020,4631.18509528188
32021,4145.022868143115
32022,7433.989951057148
32023,5921.410283259257
32024,5122.245866295823
32025,4058.6661869119043
32026,5714.646215778561
32027,7230.867278396143
32028,3847.4328841890824
32029,5150.950261301239
32030,5632.143700836558
32031,6405.953160899799
32032,9693.56219566541
32033,4885.02458487253
32034,10105.221727499193
32035,5757.0244072779615
32036,5207.112031509795
32037,3044.6017663586535
32038,5107.299693704286
32039,4913.787272775868
32040,4197.682701134378
32041,5843.605281477067
32042,4078.624590169541
32043,4766.750070173535
32044,5150.414830936964
32045,5706.720258791138
32046,7246.0490411588935
32047,5162.088193175256
32048,6282.135755791262
32049,5942.797505850909
32050,4242.924244489015
32051,6406.946261395369
32052,7839.61932138351
32053,4704.055700444429
32054,5126.241130118725
32055,5858.879903687747
32056,8391.181729226442
32057,5411.260291057179
32058,4457.158049752619
32059,6121.666986002953
32060,6494.775124646205
32061,5940.192092088988
32062,5009.824271628657
32063,6207.624518015033
32064,4980.973168514409
32065,5654.449959144047
32066,5052.42516495295
32067,6872.61519333689
32068,5000.232366924017
32069,6060.69287620915
32070,4868.661122606028
32071,3996.840901669095
32072,3722.6040251310774
32073,3949.4907865691507
32074,7024.025159198965
32075,7142.355077570139
32076,8095.6291318347
32077,10580.997436454605
32078,5527.0745858684495
32079,5557.553910033862
32080,6137.3355764063635
32081,6468.160888526866
32082,6207.624518015033
32083,5388.248588596762
32084,5157.227187980281
32085,6272.626878047846
32086,5115.8702918358185
32087,3490.8048959418047
32088,9581.282883159962
32089,4571.518390764957
32090,6052.9231311322255
32091,5304.8260816585835
32092,1997.9351467507645
32093,7117.801050904432
32094,5215.619852310463
32095,4393.2420675680305
32096,5818.248229425786
32097,4973.7731956842235
32098,6111.674625883753
32099,5464.858376983218
32100,5612.393898619495
32101,4375.14200963043
32102,3894.448455042825
32103,3520.8764414637412
32104,3186.068554383246
32105,5711.349469214375
32106,15476.112365384619
32107,4528.063163844072
32108,4450.942340404285
32109,5620.312322056294
32110,4802.761239336366
32111,4082.23219947936
32112,4381.026661325846
32113,3584.344840885025
32114,6109.872110652248
32115,4978.53460220695
32116,3364.6922567821457
32117,5753.669812163861
32118,4009.7676187943357
32119,4264.198845634305
32120,5783.604341253289
32121,6453.379744937377
32122,9116.553642648023
32123,4328.318212913966
32124,5554.092301313703
32125,3910.2573485681773
32126,4613.32091744481
32127,13246.965775562407
32128,8643.092053839031
32129,5541.8109490632105
32130,4278.944837677206
32131,4209.327001371522
32132,4940.3792327311685
32133,4770.838271117565
32134,7899.821969710936
32135,4538.677752781381
32136,4820.544353068736
32137,5465.58312749397
32138,4068.8400129740244
32139,5122.312007921897
32140,6352.53129928998
32141,5696.249908497379
32142,5563.0068071705955
32143,3396.3447463494836
32144,5177.968091777916
32145,5564.2674890967955
32146,7780.434695322993
32147,7022.06708430572
32148,5553.335975699751
32149,3689.5276059351545
32150,6970.115484053052
32151,4969.136484458582
32152,5800.26671942004
32153,6001.833501401701
32154,6148.732054368052
32155,5506.492253693192
32156,4963.906220198301
32157,6010.600820381218
32158,6066.3145211927695
32159,4809.7478085651765
32160,5746.107247862304
32161,5868.991782937165
32162,4091.105404917557
32163,7421.3453159155415
32164,4825.951171982664
32165,4347.677829396302
32166,6769.303356714655
32167,4686.816929154538
32168,3277.8959254187394
32169,6554.8510295766355
32170,7577.208188326169
32171,7931.030781716074
32172,4550.050939968224
32173,6089.480638263861
32174,5490.284088433609
32175,6201.217080909587
32176,4917.808105942627
32177,6408.000201448891
32178,2771.6282092081005
32179,4899.281467481768
32180,5283.584364900199
32181,5520.3939033362285
32182,4220.87261698677
32183,5849.345256503552
32184,5829.363758390121
32185,6048.101288138199
32186,6733.38203981443
32187,4918.575110602108
32188,5902.211644209309
32189,4797.447416546597
32190,5596.929621230162
32191,5554.585170384913
32192,5746.151819732819
32193,6657.451991676066
32194,3522.6483647269515
32195,8314.127732907271
32196,6199.727199859995
32197,6199.233294785999
32198,4495.345871281282
32199,3283.2929297420474
32200,5228.5921409335015
32201,4836.13775503707
32202,6197.33311748212
32203,5649.866081411615
32204,4839.903227698811
32205,6368.546918994649
32206,5163.022722296272
32207,4430.914905133105
32208,6737.426388763532
32209,4424.57321063647
32210,6140.334242817513
32211,8727.356825613857
32212,6713.076029855359
32213,5788.287452284125
32214,4288.20399875013
32215,3540.3493630154517
32216,2894.492841017858
32217,6365.134744879782
32218,4565.316411807204
32219,6242.141729724017
32220,3551.6500873855566
32221,5359.752783890107
32222,5335.473602968605
32223,8291.819642480332
32224,4057.0021425762206
32225,4757.691399673662
32226,4003.5387034520118
32227,6590.040336543779
32228,4740.2426310268065
32229,5679.040352083489
32230,6460.595227354526
32231,8252.148264770301
32232,5717.6463055345985
32233,6384.358744124745
32234,5751.91280035865
32235,4072.5366960671613
32236,4555.978324738499
32237,6822.3522436984695
32238,7458.558710071208
32239,6501.178142205616
32240,14324.685554630772
32241,4809.822892698255
32242,4700.035691485804
32243,5085.664377968782
32244,6448.606797737046
32245,6477.639536291258
32246,5655.989563936106
32247,5764.070801495911
32248,6197.33311748212
32249,6391.338528223312
32250,5190.479467938194
32251,4273.767050459408
32252,5929.331970007765
32253,4083.152684982292
32254,4053.0592614136513
32255,3984.0030635119515
32256,6704.879698015849
32257,14696.658297619048
32258,6113.052532671927
32259,5354.610512679193
32260,5461.652859849061
32261,3377.2939169436195
32262,5536.0051067482555
32263,3388.1450098629452
32264,7809.259859220799
32265,5581.167229182982
32266,5639.306865325845
32267,6802.211195132505
32268,11830.875496004
32269,4210.442338734563
32270,6091.9624067230625
32271,3210.4725136310076
32272,5094.843816517018
32273,6116.060598082133
32274,7180.715363077476
32275,3899.802506306699
32276,3785.4234816869707
32277,4917.324361633982
32278,4774.100439305114
32279,5865.3176504874855
32280,5041.556053552383
32281,6043.673503165765
32282,5835.992528569284
32283,6360.577914947652
32284,5583.945189289848
32285,5071.3748997239145
32286,3583.7462612843474
32287,6228.893274723606
32288,4113.966953677671
32289,6381.532416796998
32290,5789.999160633307
32291,4529.759794015515
32292,5889.764926706982
32293,5495.273136493605
32294,3964.44989694741
32295,4825.689816790142
32296,5227.934582767034
32297,6021.1038507689345
32298,6610.088083720544
32299,5327.498931894151
32300,3678.631168092555
32301,5880.716629581357
32302,5930.76200400336
32303,4468.04650327272
32304,4627.819811264151
32305,6139.100105503388
32306,7544.910264694455
32307,5695.638424094358
32308,5660.151558298762
32309,6236.174478336532
32310,3853.030032131908
32311,6268.041386974428
32312,4768.620522498493
32313,10505.072029994466
32314,5411.2242569084865
32315,4601.170254152687
32316,4189.848229745635
32317,3702.7914709315055
32318,6559.314030894248
32319,15511.205780234895
32320,3521.9898036095
32321,3961.829233037572
32322,7546.353944910287
32323,5798.793868433905
32324,5524.137345678115
32325,5950.289854471398
32326,4894.246448925091
32327,4360.8483084526315
32328,3915.922300669784
32329,6245.050822325881
32330,4957.596359132541
32331,5720.079483250136
32332,5393.463236220812
32333,4292.561728307669
32334,5757.871642916546
32335,4915.146221073497
32336,3314.3718158813676
32337,7538.546843646467
32338,6541.224147941136
32339,3800.9085249518375
32340,5687.099885445035
32341,5268.078628959205
32342,5104.517376616121
32343,7391.558340214826
32344,5277.34194435903
32345,7050.137051598181
32346,5085.509649108647
32347,4019.9646424113143
32348,6531.981051802646
32349,3042.841536769845
32350,6255.636545803228
32351,3598.581778017596
32352,4831.136407561865
32353,4804.016162017741
32354,5884.176960036432
32355,5397.147706444823
32356,5674.800701793009
32357,5436.827472645553
32358,5845.651164626165
32359,4943.322339387709
32360,6732.871977290221
32361,5710.516501357749
32362,6144.860289718294
32363,6286.569174969537
32364,5931.787994682643
32365,3165.1686394429607
32366,5050.018640084633
32367,6365.546578828915
32368,4336.236265944345
32369,7461.8823369600395
32370,5287.1272725204435
32371,5589.468818033629
32372,8756.998450969439
32373,6437.902309523809
32374,3492.096272199648
32375,16503.438931535627
32376,6596.203636599484
32377,4703.586760554903
32378,6467.091264862936
32379,8566.085040251888
32380,4887.217827672226
32381,4818.667682875294
32382,5638.631419115663
32383,4794.145622429086
32384,5355.1451431982705
32385,5774.9155069749595
32386,3993.240455267803
32387,6270.82652958571
32388,5427.246061989119
32389,5197.173741254496
32390,5238.832560586214
32391,6289.5358313026
32392,5769.467224392537
32393,4033.3836911277344
32394,5999.557750617853
32395,5751.8606767601905
32396,6007.65557506608
32397,5766.936127871106
32398,5481.577380676685
32399,6918.196743860999
32400,5700.69448459538
32401,4195.438938560342
32402,4749.463895731274
32403,5486.751621521519
32404,5881.713536424908
32405,4219.245726558129
32406,3828.7938536582433
32407,6617.187595829732
32408,7234.635525474283
32409,4856.4965777867965
32410,6140.527719701995
32411,5970.62853080668
32412,5169.953438905719
32413,4045.694348125253
32414,3381.3825210964087
32415,5377.616111656708
32416,5476.314200427415
32417,5334.21618692722
32418,7643.769722558424
32419,7139.54588497419
32420,4339.19344292337
32421,6434.097681444647
32422,3690.881966912161
32423,3001.316621777222
32424,6466.081465498676
32425,12119.60334920635
32426,6010.47292546194
32427,5116.540666693197
32428,3687.4915249949163
32429,6067.294082054418
32430,6941.306997454464
32431,5121.364534279859
32432,6453.731866960818
32433,4766.584660212489
32434,4525.454952364551
32435,4574.009820503616
32436,4291.740666542006
32437,4993.157039354527
32438,4040.81807037666
32439,4380.552336572206
32440,3860.18055778648
32441,6510.734912207163
32442,5421.804141257657
32443,4219.8176538199505
32444,4621.81643429479
32445,5442.701051627638
32446,4274.688754844305
32447,4545.2262900215555
32448,5833.414771978233
32449,6229.553702210938
32450,4753.783419926752
32451,3405.3858326621094
32452,10348.107184980665
32453,5198.072231963754
32454,4251.791304518659
32455,6037.533149845055
32456,6768.014292999966
32457,6276.70844657451
32458,4877.6050810765155
32459,6140.469544898902
32460,7256.027150439174
32461,10779.968209389997
32462,3790.413946456623
32463,3772.124976679724
32464,4079.8542534813405
32465,5452.2783826149935
32466,5340.742018928815
32467,8550.593680182195
32468,7061.29106619728
32469,5069.474486916424
32470,3497.1246100447856
32471,5646.001173014091
32472,7343.201731252
32473,3993.0519085937062
32474,5191.401895036197
32475,3464.4749974438273
32476,5755.007199280445
32477,6100.913247279843
32478,6111.949120422662
32479,7123.104552824361
32480,5908.449671088561
32481,3410.070728184739
32482,5428.726045824478
32483,6269.728011156554
32484,6832.364351609044
32485,6098.711891099261
32486,6070.274133918633
32487,4634.5264659408995
32488,5888.678064577378
32489,6623.905681216155
32490,3916.703459623303
32491,9631.525697609632
32492,5476.116997533138
32493,3678.5630037307546
32494,5263.1551666437645
32495,5290.792828344978
32496,6141.606066190695
32497,6243.54099836739
32498,3886.4422264373065
32499,3661.087491632335
32500,5304.3631560362755
32501,6657.689612271454
32502,8933.12786442262
32503,4804.136676208431
32504,5368.500996058624
32505,4617.931376326167
32506,5377.281933605048
32507,4304.145913375738
32508,7977.861364211866
32509,6271.716445329233
32510,11355.929810462518
32511,3693.7500448259216
32512,5234.699353848625
32513,8502.219772283273
32514,8431.958535117177
32515,3992.9128057855914
32516,8064.589828448434
32517,5452.266748164573
32518,4447.837662979134
32519,4141.931818149007
32520,4074.1489805045608
32521,6027.084314956778
32522,4259.915198419133
32523,4184.290942198748
32524,4390.381188961826
32525,7009.106574232676
32526,6176.004278592891
32527,19636.22739285714
32528,5186.572734126984
32529,3990.4139934357836
32530,5995.397513651985
32531,7314.083765637325
32532,5043.175655666702
32533,6065.07817572846
32534,4936.771680221327
32535,7195.852957135495
32536,5972.452229857492
32537,3638.9051172070863
32538,4827.848238555519
32539,5452.338867388825
32540,6314.629562008282
32541,5798.937733221511
32542,7856.061348447912
32543,3707.628134380434
32544,3846.1057932384406
32545,4172.847971108183
32546,7638.142820110801
32547,10224.645969221749
32548,8015.855724675323
32549,5806.148418847071
32550,3670.127922325165
32551,5474.570963671841
32552,3767.239759942352
32553,6495.965305373272
32554,8359.114380202956
32555,7209.074045773613
32556,4455.06695271652
32557,3995.2048776257107
32558,4479.303867142877
32559,4909.70013027486
32560,8718.581775347362
32561,5714.863906120463
32562,4297.760422558132
32563,4077.961825624738
32564,6441.347357881878
32565,3603.6427938945535
32566,5635.645682372254
32567,3169.731511945469
32568,5466.664561673151
32569,5543.242632527657
32570,4793.6231779677155
32571,6686.880713120214
32572,5874.446690842546
32573,4489.5828284632435
32574,5966.510183267052
32575,5412.509223365233
32576,8508.525725465215
32577,5376.979139165891
32578,6513.811676779185
32579,7775.4438147404835
32580,7245.885990298055
32581,5814.01825761227
32582,7470.806676727587
32583,3711.9834969704243
32584,5746.99170275923
32585,5232.642193912016
32586,5323.769497325635
32587,6091.72914101655
32588,5837.068584683386
32589,4978.103502964451
32590,5736.701611282053
32591,6348.018653555007
32592,7575.641481924969
32593,4919.539780858087
32594,8819.994726990166
32595,3772.586862502246
32596,4960.165713125976
32597,7003.247896471508
32598,4254.475849606478
32599,4848.4539056060175
32600,5039.716956792087
32601,5563.5695776130915
32602,4249.568339968333
32603,4524.640462961159
32604,5812.306169721963
32605,6310.430969703052
32606,5380.178126022254
32607,4522.075265181651
32608,5847.1646200377945
32609,9976.97930370664
32610,6108.703745624699
32611,4691.919111740112
32612,4954.004577344003
32613,5747.41274625929
32614,5923.040905189669
32615,7211.512039986737
32616,4342.359130490518
32617,5458.122313940025
32618,5486.64525929051
32619,5847.460639833886
32620,6224.251645538607
32621,5357.075952832979
32622,4940.173523803187
32623,3895.212551397673
32624,6201.725395513794
32625,7598.310127186234
32626,4509.640467898842
32627,4052.0374064732414
32628,5375.226689124007
32629,4938.853226106307
32630,5513.113706225987
32631,6861.040221489601
32632,5637.425070134413
32633,6572.026895330828
32634,4529.946679129565
32635,5356.496104944939
32636,4723.510985113493
32637,5873.874267651604
32638,6931.474471862157
32639,6653.535955781197
32640,5944.908466296943
32641,4700.866136375265
32642,6332.57234423282
32643,5885.91913836229
32644,5583.871500225726
32645,5624.208745340922
32646,5745.005619651991
32647,6311.774547735205
32648,6646.223667229065
32649,5775.769256031428
32650,5371.418663077305
32651,6347.061846165194
32652,5427.246061989119
32653,5512.294652934901
32654,3643.348062951623
32655,4854.424044275904
32656,6258.261437297111
32657,7328.174244352316
32658,4180.700640690329
32659,5139.714562913975
32660,6122.4710290431685
32661,6202.7672358893005
32662,5652.864524965029
32663,5169.453984727361
32664,6083.701544959905
32665,5635.7851656495395
32666,5055.467297875263
32667,4494.114177544398
32668,6266.089280594114
32669,5789.876145290287
32670,3467.1596253639327
32671,5555.288289667801
32672,3765.795517014136
32673,5996.305130142481
32674,6650.778184233659
32675,6730.639559126638
32676,7401.0328748649135
32677,4351.513732025319
32678,4492.401955324303
32679,9378.43683347574
32680,5646.944941564689
32681,6362.5306199496345
32682,6909.126167646174
32683,4672.932243699799
32684,4966.2542620389695
32685,5250.220462384819
32686,6274.43816093306
32687,6394.352994254657
32688,5795.7529918317105
32689,2434.152222021273
32690,5457.725618596663
32691,6682.024844241995
32692,7182.666865582117
32693,4940.331861422751
32694,5877.877641449595
32695,5604.0518451429725
32696,4865.86921310498
32697,2978.010799427977
32698,5116.062961932048
32699,5327.293999885593
32700,5359.83131619671
32701,5826.406954838632
32702,5246.358547602128
32703,6640.284092065666
32704,6589.004131471085
32705,5543.149645524332
32706,3703.6499771047866
32707,6163.284733932632
32708,5911.551265835598
32709,4701.79631678666
32710,6853.221312773996
32711,4315.528846333248
32712,5184.97561224101
32713,3056.559408198013
32714,5824.6986316299535
32715,3955.470710141318
32716,6299.819299828469
32717,5760.019447792865
32718,7029.773037878788
32719,7882.353925072017
32720,5304.741367584326
32721,5746.370594326934
32722,17141.932154367354
32723,8684.222763954269
32724,4325.878605436387
32725,2262.579446350034
32726,5094.418486553046
32727,8259.381186439688
32728,5115.7352127012055
32729,11554.147697510823
32730,17689.835785714284
32731,5191.524843339069
32732,4744.377969960507
32733,6147.692284300033
32734,3833.6033715490526
32735,7439.315521014577
32736,5043.853281152727
32737,6129.008882605483
32738,4668.372333333334
32739,6339.535876858579
32740,4948.369851857732
32741,6275.931079071582
32742,6829.820039208766
32743,5659.873484616262
32744,5659.566053431943
32745,6050.514186786725
32746,4820.853380337119
32747,5063.329820151826
32748,5665.139757220492
32749,4294.056322641002
32750,4986.688404227158
32751,5247.218756266147
32752,4865.328543511639
32753,4843.446618653301
32754,6247.230132812716
32755,5647.541658815497
32756,6049.438266379932
32757,5547.867510193592
32758,5958.894064642453
32759,4805.456028697511
32760,2828.8134369280783
32761,5184.2265156888625
32762,6590.631419629049
32763,4689.765726285232
32764,4838.425917840947
32765,7490.077516726205
32766,5355.542665466121
32767,7937.138945137285
32768,6068.232810352454
32769,5551.146298084534
32770,4319.840338159974
32771,4677.6343016361125
32772,7998.187211580812
32773,4389.534934613148
32774,7176.3959821006165
32775,13629.865471278357
32776,6377.961293647832
32777,5259.912978527937
32778,4709.190868399362
32779,4773.2910438722065
32780,5741.367787964501
32781,3564.277837711963
32782,5399.816058164072
32783,7901.369197380078
32784,4649.28209162497
32785,12088.879035714288
32786,11910.769994503453
32787,4295.923099268651
32788,5792.810329252475
32789,4670.78968060228
32790,6144.267564146541
32791,4981.369965307302
32792,9727.113659087752
32793,5259.999875000949
32794,8072.128117505551
32795,4315.38811137683
32796,6144.267564146541
32797,4371.985473149158
32798,6368.702297343148
32799,5102.838327532945
32800,4833.0561786332855
32801,5476.1780023978445
32802,6033.464108963271
32803,6235.828630101711
32804,6488.031957463768
32805,4661.767326397279
32806,7967.457882673658
32807,5789.876145290287
32808,8845.297261904763
32809,4588.745863789675
32810,4165.1906507912945
32811,5179.4371343409175
32812,6437.942519643365
32813,5535.885868933489
32814,6078.309678658002
32815,5238.416287548631
32816,7220.8969935782325
32817,4022.9605342872487
32818,7744.506499140395
32819,6105.382470936221
32820,5704.125964217036
32821,11202.647912173712
32822,16056.767685413724
32823,5657.209869288101
32824,6030.370955626964
32825,7081.620129432605
32826,6105.646615021347
32827,6515.797192305031
32828,4946.292467086153
32829,6002.940550973499
32830,4637.461903637995
32831,5718.166879674626
32832,3715.9463787321124
32833,4981.780841938391
32834,4068.64328554293
32835,4780.748747759024
32836,6499.6940646485045
32837,4328.758580396776
32838,3593.0063582505413
32839,4657.248638596888
32840,3602.6445293297497
32841,3802.4466176875285
32842,4709.3003163584945
32843,5074.842820895481
32844,5921.410283259257
32845,5849.354798580716
32846,6286.660034543847
32847,5241.256348810934
32848,5593.807533485288
32849,6690.623384973603
32850,6332.512608384652
32851,4008.8749097240448
32852,4577.577848244206
32853,9276.82534617488
32854,5830.108303540526
32855,6118.721262755376
32856,3115.127060909271
32857,4275.12936873209
32858,5752.574602667645
32859,5322.529475357809
32860,4479.5943754168975
32861,6011.160634137386
32862,5844.895031043897
32863,10567.60549665127
32864,5072.938027593033
32865,7026.027427794532
32866,2912.8904867389065
32867,4976.048252095442
32868,5672.487894849986
32869,3341.778399202334
32870,7181.92179467777
32871,4114.530299532842
32872,6129.725204639856
32873,6189.38952292709
32874,9577.559952176753
32875,7122.916701926778
32876,4647.54652126555
32877,4158.182612484231
32878,7433.989951057148
32879,5921.410283259257
32880,5455.6633736910135
32881,4058.6661869119043
32882,5713.770490724722
32883,7435.2231882446795
32884,3854.3150338257647
32885,5150.950261301239
32886,5632.143700836558
32887,6425.029826743337
32888,9753.331129302343
32889,4885.02458487253
32890,10265.194352017534
32891,5807.061332440494
32892,5207.112031509795
32893,3082.650287459715
32894,5145.60895450445
32895,4922.880295734658
32896,4197.682701134378
32897,5843.605281477067
32898,4078.624590169541
32899,4768.117418762411
32900,5150.414830936964
32901,5727.260220649041
32902,7540.84662237291
32903,5270.282750024124
32904,6298.962270298953
32905,5942.797505850909
32906,4246.839270899913
32907,6406.946261395369
32908,8281.822680394142
32909,4801.186755526747
32910,5239.295218130228
32911,5863.023227217159
32912,9622.404361297813
32913,5411.260291057179
32914,4480.28223844488
32915,6327.9423147081925
32916,6562.711250149553
32917,5940.192092088988
32918,5009.824271628657
32919,6207.624518015033
32920,4980.973168514409
32921,5657.828130485864
32922,5052.42516495295
32923,6872.61519333689
32924,5005.03988880954
32925,6064.730167875818
32926,4868.661122606028
32927,4084.1225481957313
32928,3860.049075570673
32929,4009.0655065718142
32930,7029.991531446789
32931,7142.355077570139
32932,8116.480235785053
32933,10907.379066243593
32934,5527.0745858684495
32935,5557.553910033862
32936,6137.3355764063635
32937,6468.160888526866
32938,6207.624518015033
32939,5412.346106118186
32940,5157.227187980281
32941,6272.626878047846
32942,5128.083475352146
32943,3648.1831115414598
32944,10240.342440497685
32945,4571.518390764957
32946,6052.9231311322255
32947,5458.415193158584
32948,2016.7284238928603
32949,7117.801050904432
32950,5411.394530681963
32951,4432.127293774629
32952,5834.652796514565
32953,5181.054285559435
32954,6111.674625883753
32955,5479.60320132267
32956,5756.303886346879
32957,4375.14200963043
32958,3966.2512182955393
32959,3524.1814872591312
32960,3192.61201637776
32961,5711.349469214375
32962,15871.160020146524
32963,4539.879509220912
32964,4450.942340404285
32965,5670.887459771121
32966,4802.761239336366
32967,4082.23219947936
32968,4434.662789795607
32969,3601.009186284844
32970,6169.185226691674
32971,4978.53460220695
32972,3378.2753574811854
32973,5754.271075677375
32974,4011.0722449625605
32975,4347.59733411524
32976,5783.604341253289
32977,6569.994213895328
32978,10006.927741027386
32979,4331.26500533598
32980,5556.331523762683
32981,3913.57166471227
32982,4645.218794290552
32983,13158.321168995628
32984,8863.516718253968
32985,5547.991008439222
32986,4320.063854304837
32987,4209.327001371522
32988,5055.276211501669
32989,4770.838271117565
32990,7908.681035975997
32991,4593.221713694371
32992,5560.96113262965
32993,5482.598579850034
32994,4092.550634667146
32995,5122.312007921897
32996,6294.43258884303
32997,5696.249908497379
32998,5580.208162020743
32999,3468.7846706780956
33000,5216.83699790564
33001,5564.2674890967955
33002,7829.194716939312
33003,7227.629350871646
33004,5553.335975699751
33005,3699.167915357595
33006,6970.115484053052
33007,4989.593366230465
33008,5815.654544084577
33009,6154.166728796974
33010,6148.732054368052
33011,5506.492253693192
33012,4963.906220198301
33013,6010.600820381218
33014,6129.370527300076
33015,4942.747179174925
33016,5760.816313154218
33017,5876.241144244885
33018,4091.105404917557
33019,7434.575454343006
33020,4831.52033864933
33021,4327.493469284685
33022,6769.303356714655
33023,4757.804193721403
33024,3291.2591528471694
33025,6661.268593956334
33026,8039.650397435899
33027,7961.216725145688
33028,4552.69025134547
33029,6089.480638263861
33030,5572.141846609467
33031,6351.2036071002
33032,4917.808105942627
33033,6688.523653219727
33034,2773.1762092081003
33035,4909.543080276382
33036,5283.584364900199
33037,5518.297748272937
33038,4220.87261698677
33039,5849.345256503552
33040,5835.909495717309
33041,6048.101288138199
33042,6848.509897938948
33043,5000.212814603911
33044,5902.211644209309
33045,4802.227655940536
33046,5610.347801927568
33047,5662.592485466264
33048,5763.013568984728
33049,6975.2449925342025
33050,3522.6483647269515
33051,8323.706066240604
33052,6283.663458354434
33053,6298.7830482456275
33054,4527.851867697052
33055,3291.781332609075
33056,5228.5921409335015
33057,4836.13775503707
33058,6197.33311748212
33059,5689.747659398442
33060,4843.3385239656645
33061,6368.546918994649
33062,5248.917854710416
33063,4451.980773926219
33064,6744.573986110558
33065,4429.528543969804
33066,6140.334242817513
33067,8744.764414502744
33068,6900.558332570308
33069,5788.287452284125
33070,4366.020158454805
33071,3591.7351583836075
33072,2848.340516620033
33073,6519.2740955582285
33074,4605.467396200687
33075,6242.141729724017
33076,3557.884362762353
33077,5399.021632542149
33078,5335.473602968605
33079,8440.692420430645
33080,4057.0021425762206
33081,4771.301551147324
33082,4273.324307944833
33083,6604.5213955402505
33084,4740.2426310268065
33085,5685.609845682886
33086,6738.87538004883
33087,8275.946347640995
33088,5734.508054786508
33089,6384.358744124745
33090,5751.91280035865
33091,4074.8251006021596
33092,4559.52916077746
33093,6822.3522436984695
33094,7447.334690555935
33095,6501.178142205616
33096,14697.386183407016
33097,4813.868903673349
33098,4721.525875234565
33099,5233.67862200037
33100,6448.606797737046
33101,6477.639536291258
33102,5655.989563936106
33103,5764.070801495911
33104,6197.33311748212
33105,6443.479616140098
33106,5319.2857780530885
33107,4325.332616789746
33108,5949.362286134785
33109,4114.027852186966
33110,4129.059580247818
33111,3988.636167403857
33112,6946.736613209918
33113,14821.936964285713
33114,6113.052532671927
33115,5355.892262679193
33116,5474.993525931105
33117,3436.9810269426175
33118,5536.0051067482555
33119,3395.7181112222775
33120,7904.248685840211
33121,5581.167229182982
33122,5639.306865325845
33123,6835.522642790387
33124,11844.500507908762
33125,4614.162618335508
33126,6344.270903684894
33127,3223.240165365798
33128,5201.703375310515
33129,6120.655872411073
33130,7240.046342888888
33131,3916.736508335839
33132,3828.640183952619
33133,5235.801467896972
33134,4802.355339721313
33135,5866.567202037637
33136,5041.556053552383
33137,6043.673503165765
33138,5875.967493543209
33139,6360.577914947652
33140,5624.059392314837
33141,5071.3748997239145
33142,3590.0743632381736
33143,6228.893274723606
33144,4119.270287011004
33145,6390.433890534876
33146,5789.999160633307
33147,5128.198259647015
33148,5889.764926706982
33149,5522.4335127588
33150,4009.9963108450333
33151,4825.689816790142
33152,5274.296315136695
33153,6052.019117898612
33154,6664.961945424915
33155,5327.498931894151
33156,3798.807077751337
33157,5913.6810843598105
33158,5961.163343582358
33159,4468.04650327272
33160,4648.962032081094
33161,6143.695379832327
33162,7595.762212621921
33163,6442.273002846277
33164,5660.151558298762
33165,6236.174478336532
33166,3866.6108098390296
33167,6268.041386974428
33168,4821.20945183387
33169,10601.50083999109
33170,5411.2242569084865
33171,4635.914876849063
33172,4185.419658848889
33173,3699.6700766153335
33174,6610.645187859654
33175,15814.430431943767
33176,3537.217267478604
33177,3976.0909027064154
33178,7641.342771529702
33179,5812.248820814858
33180,5564.026887103552
33181,5950.289854471398
33182,4894.246448925091
33183,4653.864079043152
33184,3937.804134278443
33185,6245.050822325881
33186,4965.5735414185265
33187,5736.491665600416
33188,5393.463236220812
33189,4318.960795794763
33190,5767.656270484767
33191,4915.146221073497
33192,3332.901660426915
33193,7716.800357339861
33194,6541.224147941136
33195,3822.9552288171853
33196,5687.099885445035
33197,5468.901061456163
33198,5104.517376616121
33199,8192.350175890453
33200,5277.34194435903
33201,7173.224567309953
33202,5085.509649108647
33203,4038.154913322479
33204,6531.981051802646
33205,3108.0851899746376
33206,6255.636545803228
33207,3688.497934638753
33208,5702.733254186791
33209,4804.016162017741
33210,5884.176960036432
33211,5402.053784445743
33212,5674.800701793009
33213,5436.827472645553
33214,5845.651164626165
33215,4947.726228276599
33216,7092.669389284965
33217,5766.242480823312
33218,6136.542396179838
33219,6286.569174969537
33220,6124.370461782795
33221,3232.312630784953
33222,5060.764511296755
33223,6365.546578828915
33224,5609.766288530243
33225,7621.231167239169
33226,5299.7442311430605
33227,5943.059045338647
33228,9135.490527691196
33229,6236.609166666666
33230,3494.8727652340917
33231,16823.687941666496
33232,6603.694269652706
33233,4703.586760554903
33234,6483.344582411033
33235,8562.742477290514
33236,4902.582134417573
33237,4850.6541861296555
33238,5638.631419115663
33239,4909.644533359885
33240,5433.105286416165
33241,5784.768152926019
33242,4047.8022986528495
33243,6016.887029073966
33244,5427.246061989119
33245,5788.48383042171
33246,5238.832560586214
33247,6289.5358313026
33248,5810.997870651041
33249,4052.3160383751633
33250,5999.557750617853
33251,5751.8606767601905
33252,6011.692866732746
33253,5780.609341828621
33254,5597.793101439879
33255,6929.969389428918
33256,5700.69448459538
33257,4204.731938560341
33258,4749.463895731274
33259,5486.751621521519
33260,5902.992419257638
33261,4313.074531587175
33262,3831.036419057446
33263,6613.026053889735
33264,7280.454537646986
33265,4912.54858392786
33266,6140.527719701995
33267,5970.62853080668
33268,5364.447780901616
33269,4096.324217412626
33270,3399.41376426591
33271,5377.616111656708
33272,5476.314200427415
33273,5339.437580886036
33274,8098.992914388135
33275,7129.973520783557
33276,4472.265131040642
33277,6434.097681444647
33278,3690.881966912161
33279,3067.8550642462637
33280,6474.508798832008
33281,12272.016968253969
33282,6010.47292546194
33283,5116.540666693197
33284,3705.057500301929
33285,6104.341058861656
33286,7118.569004013798
33287,5213.741803282503
33288,6437.976447944582
33289,4788.629683734891
33290,4611.634288708999
33291,4708.602203967164
33292,4636.685693655046
33293,5038.065674226845
33294,4040.81807037666
33295,4380.552336572206
33296,3858.04247957567
33297,6510.734912207163
33298,5439.2012423281685
33299,4262.938462170839
33300,4622.6020956704515
33301,5442.701051627638
33302,4373.516288764842
33303,4574.516004602952
33304,5833.414771978233
33305,6229.553702210938
33306,4753.783419926752
33307,3486.466680411565
33308,10383.147999751089
33309,5397.814825686761
33310,4310.10882715526
33311,6037.533149845055
33312,7267.732130262248
33313,6276.70844657451
33314,4888.1368661196875
33315,6204.98663835193
33316,7273.064303973374
33317,10919.751546730047
33318,3790.413946456623
33319,3788.576111677065
33320,4079.8542534813405
33321,5468.650380434225
33322,5373.981852262149
33323,8602.754009384871
33324,7107.6123559241505
33325,5085.006506725943
33326,3520.74541449188
33327,5778.6526509693895
33328,7343.201731252
33329,4147.449566949016
33330,5191.401895036197
33331,3578.4462442054187
33332,6404.020370157621
33333,6170.556792102759
33334,6111.949120422662
33335,7157.479997826711
33336,5920.724091182358
33337,3410.070728184739
33338,5428.726045824478
33339,6248.72076608681
33340,6830.846517268218
33341,6098.711891099261
33342,6070.274133918633
33343,4663.167432591462
33344,5896.576228867056
33345,6634.412709312172
33346,3919.106036789906
33347,9690.871535030927
33348,5476.116997533138
33349,3708.248697742761
33350,5263.1551666437645
33351,5510.57688258147
33352,6192.489863812192
33353,6243.54099836739
33354,4020.8064664502167
33355,3779.1569773794636
33356,5304.3631560362755
33357,6742.359872693691
33358,9565.177573125915
33359,4819.007770273083
33360,5527.889561409922
33361,4651.057933144348
33362,5382.32871328933
33363,4307.081825374899
33364,8019.817102844766
33365,6271.716445329233
33366,11475.669005346936
33367,3701.3843077888846
33368,5266.426626742398
33369,8487.151904761908
33370,8708.58964451575
33371,3998.5458860250774
33372,8585.281125963424
33373,5687.0038872360865
33374,4462.274435816583
33375,4246.869312089029
33376,4103.78099973533
33377,6027.084314956778
33378,4284.2810542535
33379,4192.304866817165
33380,4393.317100960988
33381,7185.6848933023375
33382,6176.004278592891
33383,20086.934261904757
33384,5256.115634085215
33385,0.0
33386,0.0
33387,0.0
33388,0.0
33389,0.0
33390,0.0
33391,0.0
33392,0.0
33393,0.0
33394,0.0
33395,0.0
33396,0.0
33397,0.0
33398,0.0
33399,0.0
33400,0.0
33401,0.0
33402,0.0
33403,0.0
33404,0.0
33405,0.0
33406,0.0
33407,0.0
33408,0.0
33409,0.0
33410,0.0
33411,0.0
33412,0.0
33413,0.0
33414,0.0
33415,0.0
33416,0.0
33417,0.0
33418,0.0
33419,0.0
33420,0.0
33421,0.0
33422,0.0
33423,0.0
33424,0.0
33425,0.0
33426,0.0
33427,0.0
33428,0.0
33429,0.0
33430,0.0
33431,0.0
33432,0.0
33433,0.0
33434,0.0
33435,0.0
33436,0.0
33437,0.0
33438,0.0
33439,0.0
33440,0.0
33441,0.0
33442,0.0
33443,0.0
33444,0.0
33445,0.0
33446,0.0
33447,0.0
33448,0.0
33449,0.0
33450,0.0
33451,0.0
33452,0.0
33453,0.0
33454,0.0
33455,0.0
33456,0.0
33457,0.0
33458,0.0
33459,0.0
33460,0.0
33461,0.0
33462,0.0
33463,0.0
33464,0.0
33465,0.0
33466,0.0
33467,0.0
33468,0.0
33469,0.0
33470,0.0
33471,0.0
33472,0.0
33473,0.0
33474,0.0
33475,0.0
33476,4427.969798701299
33477,0.0
33478,0.0
33479,0.0
33480,0.0
33481,0.0
33482,0.0
33483,0.0
33484,0.0
33485,0.0
33486,0.0
33487,0.0
33488,0.0
33489,0.0
33490,0.0
33491,0.0
33492,0.0
33493,0.0
33494,0.0
33495,0.0
33496,0.0
33497,0.0
33498,0.0
33499,0.0
33500,0.0
33501,0.0
33502,0.0
33503,0.0
33504,0.0
33505,0.0
33506,0.0
33507,0.0
33508,0.0
33509,0.0
33510,0.0
33511,0.0
33512,0.0
33513,0.0
33514,0.0
33515,0.0
33516,0.0
33517,0.0
33518,0.0
33519,0.0
33520,0.0
33521,0.0
33522,0.0
33523,0.0
33524,0.0
33525,0.0
33526,0.0
33527,0.0
33528,0.0
33529,0.0
33530,0.0
33531,0.0
33532,0.0
33533,0.0
33534,0.0
33535,0.0
33536,0.0
33537,0.0
33538,0.0
33539,0.0
33540,0.0
33541,0.0
33542,0.0
33543,0.0
33544,2808.2078595073394
33545,0.0
33546,0.0
33547,0.0
33548,0.0
33549,0.0
33550,0.0
33551,0.0
33552,0.0
33553,0.0
33554,0.0
33555,0.0
33556,0.0
33557,0.0
33558,0.0
33559,0.0
33560,0.0
33561,0.0
33562,0.0
33563,0.0
33564,0.0
33565,0.0
33566,0.0
33567,0.0
33568,0.0
33569,0.0
33570,0.0
33571,0.0
33572,0.0
33573,0.0
33574,0.0
33575,0.0
33576,0.0
33577,0.0
33578,0.0
33579,0.0
33580,0.0
33581,0.0
33582,0.0
33583,0.0
33584,0.0
33585,17260.38671825397
33586,29249.296714285716
33587,0.0
33588,0.0
33589,0.0
33590,0.0
33591,0.0
33592,0.0
33593,0.0
33594,7416.298976190476
33595,0.0
33596,0.0
33597,0.0
33598,0.0
33599,0.0
33600,0.0
33601,0.0
33602,0.0
33603,0.0
33604,0.0
33605,0.0
33606,0.0
33607,0.0
33608,0.0
33609,0.0
33610,0.0
33611,0.0
33612,0.0
33613,5354.614676046174
33614,0.0
33615,0.0
33616,0.0
33617,0.0
33618,0.0
33619,0.0
33620,0.0
33621,0.0
33622,0.0
33623,2681.0617179622323
33624,0.0
33625,0.0
33626,0.0
33627,0.0
33628,0.0
33629,0.0
33630,0.0
33631,0.0
33632,0.0
33633,0.0
33634,0.0
33635,0.0
33636,0.0
33637,0.0
33638,0.0
33639,0.0
33640,0.0
33641,8273.003333166833
33642,0.0
33643,0.0
33644,0.0
33645,0.0
33646,0.0
33647,0.0
33648,0.0
33649,0.0
33650,0.0
33651,0.0
33652,0.0
33653,0.0
33654,0.0
33655,0.0
33656,0.0
33657,0.0
33658,9177.430763857456
33659,0.0
33660,0.0
33661,0.0
33662,0.0
33663,0.0
33664,0.0
33665,0.0
33666,0.0
33667,0.0
33668,0.0
33669,0.0
33670,0.0
33671,0.0
33672,0.0
33673,0.0
33674,0.0
33675,0.0
33676,0.0
33677,0.0
33678,0.0
33679,0.0
33680,0.0
33681,0.0
33682,0.0
33683,0.0
33684,0.0
33685,0.0
33686,0.0
33687,0.0
33688,0.0
33689,0.0
33690,0.0
33691,0.0
33692,0.0
33693,0.0
33694,0.0
33695,0.0
33696,0.0
33697,0.0
33698,0.0
33699,0.0
33700,0.0
33701,0.0
33702,0.0
33703,0.0
33704,0.0
33705,0.0
33706,0.0
33707,0.0
33708,0.0
33709,0.0
33710,0.0
33711,0.0
33712,0.0
33713,0.0
33714,0.0
33715,0.0
33716,0.0
33717,0.0
33718,0.0
33719,0.0
33720,1571.8809206349208
33721,0.0
33722,0.0
33723,0.0
33724,0.0
33725,0.0
33726,0.0
33727,0.0
33728,0.0
33729,0.0
33730,0.0
33731,0.0
33732,0.0
33733,0.0
33734,6556.411023809522
33735,0.0
33736,0.0
33737,0.0
33738,0.0
33739,0.0
33740,0.0
33741,0.0
33742,0.0
33743,0.0
33744,0.0
33745,0.0
33746,0.0
33747,0.0
33748,0.0
33749,0.0
33750,0.0
33751,0.0
33752,0.0
33753,0.0
33754,0.0
33755,0.0
33756,0.0
33757,0.0
33758,0.0
33759,0.0
33760,0.0
33761,0.0
33762,0.0
33763,0.0
33764,0.0
33765,0.0
33766,0.0
33767,0.0
33768,0.0
33769,0.0
33770,0.0
33771,0.0
33772,0.0
33773,0.0
33774,0.0
33775,0.0
33776,0.0
33777,7926.414703296701
33778,0.0
33779,0.0
33780,0.0
33781,0.0
33782,0.0
33783,0.0
33784,0.0
33785,0.0
33786,0.0
33787,2492.985678729452
33788,0.0
33789,0.0
33790,0.0
33791,6329.57504112554
33792,0.0
33793,0.0
33794,0.0
33795,0.0
33796,0.0
33797,0.0
33798,0.0
33799,0.0
33800,0.0
33801,0.0
33802,0.0
33803,0.0
33804,0.0
33805,0.0
33806,0.0
33807,0.0
33808,0.0
33809,0.0
33810,0.0
33811,0.0
33812,0.0
33813,0.0
33814,0.0
33815,0.0
33816,0.0
33817,0.0
33818,18429.194380952384
33819,0.0
33820,0.0
33821,0.0
33822,0.0
33823,0.0
33824,0.0
33825,0.0
33826,0.0
33827,0.0
33828,0.0
33829,0.0
33830,0.0
33831,0.0
33832,6122.527040826974
33833,0.0
33834,0.0
33835,0.0
33836,0.0
33837,0.0
33838,0.0
33839,0.0
33840,0.0
33841,0.0
33842,0.0
33843,0.0
33844,0.0
33845,0.0
33846,0.0
33847,0.0
33848,0.0
33849,0.0
33850,0.0
33851,0.0
33852,0.0
33853,0.0
33854,0.0
33855,0.0
33856,0.0
33857,0.0
33858,0.0
33859,0.0
33860,0.0
33861,0.0
33862,0.0
33863,0.0
33864,0.0
33865,0.0
33866,0.0
33867,0.0
33868,0.0
33869,0.0
33870,0.0
33871,0.0
33872,0.0
33873,0.0
33874,0.0
33875,0.0
33876,0.0
33877,0.0
33878,0.0
33879,0.0
33880,0.0
33881,0.0
33882,0.0
33883,0.0
33884,0.0
33885,0.0
33886,0.0
33887,0.0
33888,0.0
33889,0.0
33890,0.0
33891,0.0
33892,0.0
33893,0.0
33894,0.0
33895,0.0
33896,0.0
33897,0.0
33898,0.0
33899,0.0
33900,0.0
33901,0.0
33902,0.0
33903,0.0
33904,0.0
33905,0.0
33906,0.0
33907,13321.531268009769
33908,0.0
33909,0.0
33910,0.0
33911,0.0
33912,0.0
33913,0.0
33914,0.0
33915,0.0
33916,0.0
33917,0.0
33918,0.0
33919,0.0
33920,0.0
33921,0.0
33922,0.0
33923,0.0
33924,0.0
33925,0.0
33926,0.0
33927,0.0
33928,0.0
33929,0.0
33930,0.0
33931,0.0
33932,0.0
33933,0.0
33934,0.0
33935,0.0
33936,0.0
33937,0.0
33938,0.0
33939,0.0
33940,0.0
33941,0.0
33942,0.0
33943,0.0
33944,0.0
33945,0.0
33946,0.0
33947,0.0
33948,0.0
33949,0.0
33950,0.0
33951,5118.41118253968
33952,16016.658738095248
33953,0.0
33954,0.0
33955,0.0
33956,0.0
33957,0.0
33958,0.0
33959,0.0
33960,0.0
33961,0.0
33962,0.0
33963,0.0
33964,0.0
33965,0.0
33966,0.0
33967,0.0
33968,0.0
33969,0.0
33970,0.0
33971,0.0
33972,0.0
33973,0.0
33974,0.0
33975,0.0
33976,0.0
33977,0.0
33978,0.0
33979,0.0
33980,11705.275574037076
33981,0.0
33982,0.0
33983,0.0
33984,0.0
33985,0.0
33986,0.0
33987,0.0
33988,0.0
33989,0.0
33990,0.0
33991,0.0
33992,0.0
33993,0.0
33994,0.0
33995,0.0
33996,0.0
33997,0.0
33998,0.0
33999,0.0
34000,0.0
34001,0.0
34002,0.0
34003,0.0
34004,0.0
34005,0.0
34006,0.0
34007,0.0
34008,0.0
34009,0.0
34010,0.0
34011,0.0
34012,0.0
34013,0.0
34014,0.0
34015,0.0
34016,0.0
34017,0.0
34018,0.0
34019,0.0
34020,0.0
34021,0.0
34022,0.0
34023,0.0
34024,0.0
34025,0.0
34026,0.0
34027,0.0
34028,0.0
34029,0.0
34030,0.0
34031,0.0
34032,0.0
34033,0.0
34034,0.0
34035,0.0
34036,0.0
34037,0.0
34038,0.0
34039,0.0
34040,0.0
34041,0.0
34042,0.0
34043,0.0
34044,0.0
34045,0.0
34046,0.0
34047,0.0
34048,0.0
34049,0.0
34050,2835.882943642158
34051,0.0
34052,0.0
34053,0.0
34054,2609.0849036470986
34055,0.0
34056,0.0
34057,0.0
34058,0.0
34059,0.0
34060,0.0
34061,0.0
34062,0.0
34063,0.0
34064,0.0
34065,0.0
34066,0.0
34067,0.0
34068,0.0
34069,0.0
34070,0.0
34071,0.0
34072,0.0
34073,0.0
34074,0.0
34075,0.0
34076,0.0
34077,0.0
34078,0.0
34079,0.0
34080,0.0
34081,0.0
34082,0.0
34083,0.0
34084,0.0
34085,0.0
34086,0.0
34087,0.0
34088,0.0
34089,0.0
34090,0.0
34091,0.0
34092,0.0
34093,0.0
34094,0.0
34095,0.0
34096,0.0
34097,0.0
34098,0.0
34099,0.0
34100,0.0
34101,0.0
34102,0.0
34103,0.0
34104,0.0
34105,2925.152012292055
34106,0.0
34107,0.0
34108,0.0
34109,0.0
34110,0.0
34111,0.0
34112,0.0
34113,0.0
34114,0.0
34115,0.0
34116,0.0
34117,0.0
34118,0.0
34119,0.0
34120,11197.064571428571
34121,0.0
34122,0.0
34123,0.0
34124,0.0
34125,0.0
34126,0.0
34127,0.0
34128,0.0
34129,0.0
34130,0.0
34131,0.0
34132,0.0
34133,0.0
34134,0.0
34135,0.0
34136,0.0
34137,0.0
34138,0.0
34139,0.0
34140,0.0
34141,0.0
34142,0.0
34143,0.0
34144,0.0
34145,0.0
34146,0.0
34147,0.0
34148,0.0
34149,0.0
34150,0.0
34151,0.0
34152,0.0
34153,0.0
34154,0.0
34155,0.0
34156,0.0
34157,0.0
34158,0.0
34159,0.0
34160,0.0
34161,0.0
34162,0.0
34163,0.0
34164,0.0
34165,0.0
34166,0.0
34167,0.0
34168,0.0
34169,0.0
34170,0.0
34171,0.0
34172,0.0
34173,0.0
34174,0.0
34175,0.0
34176,0.0
34177,0.0
34178,0.0
34179,0.0
34180,0.0
34181,0.0
34182,0.0
34183,0.0
34184,4680.492309523809
34185,0.0
34186,0.0
34187,0.0
34188,0.0
34189,0.0
34190,0.0
34191,0.0
34192,0.0
34193,0.0
34194,0.0
34195,0.0
34196,0.0
34197,0.0
34198,0.0
34199,0.0
34200,0.0
34201,0.0
34202,0.0
34203,0.0
34204,0.0
34205,0.0
34206,0.0
34207,0.0
34208,0.0
34209,0.0
34210,0.0
34211,0.0
34212,0.0
34213,0.0
34214,0.0
34215,0.0
34216,0.0
34217,0.0
34218,0.0
34219,0.0
34220,0.0
34221,0.0
34222,0.0
34223,0.0
34224,0.0
34225,13201.040295787545
34226,5370.944223546065
34227,0.0
34228,0.0
34229,0.0
34230,0.0
34231,0.0
34232,0.0
34233,0.0
34234,0.0
34235,0.0
34236,0.0
34237,0.0
34238,0.0
34239,0.0
34240,0.0
34241,4003.8759217215793
34242,3601.9304871066347
34243,5572.52539656984
34244,3281.4200522152655
34245,5442.703007374393
34246,4695.3172167496305
34247,6045.056114043434
34248,6108.953343492819
34249,0.0
34250,3819.824167689583
34251,6410.476966030579
34252,5736.951233976108
34253,4668.333224500807
34254,6105.180912845581
34255,5700.066050553585
34256,3181.030126812491
34257,5634.473399849175
34258,5917.378846917717
34259,8510.218499782428
34260,7690.7802345661585
34261,6927.932128902952
34262,3957.686279101501
34263,6578.022156744866
34264,0.0
34265,8312.24669473524
34266,8771.25122110864
34267,9244.818616228287
34268,5817.417030784538
34269,3256.643822877042
34270,5079.675350762958
34271,6132.657389184836
34272,8360.776954356936
34273,4851.935201019824
34274,5712.069318074511
34275,4833.634875686878
34276,6067.661790289524
34277,2695.1764050478723
34278,6712.965321811457
34279,4089.5521207687357
34280,7382.912252832506
34281,6392.669531870456
34282,4593.289796345137
34283,9545.71265935673
34284,5896.370745318177
34285,4623.492378237249
34286,5413.532836076811
34287,6925.31868582809
34288,8723.526826080928
34289,5614.506311904273
34290,5656.799370375046
34291,8017.26509021506
34292,6557.174929024761
34293,6457.235977507995
34294,6845.750445160314
34295,2352.07649840227
34296,2919.8795905528787
34297,4612.055973819975
34298,6405.376212061199
34299,6900.446204764308
34300,7928.036586373898
34301,4854.331066565303
34302,6339.670396640206
34303,7465.042876864509
34304,4935.2869943024825
34305,4825.123248002506
34306,6676.884386087315
34307,3816.70348222695
34308,4461.725686279996
34309,7409.0412993861
34310,4186.7797258246155
34311,5731.16290783826
34312,3461.0431326353414
34313,6557.1331765411705
34314,5152.9703477473295
34315,5698.037058695927
34316,6242.711341508699
34317,7010.219653118736
34318,5466.535505709949
34319,3633.1834881851705
34320,6916.2092519401085
34321,9479.855073744458
34322,5148.317979102404
34323,5344.374610290476
34324,6589.889608974031
34325,5961.9611471497465
34326,6604.539158900364
34327,8967.223962487056
34328,2347.367865481386
34329,6866.791740520407
34330,5309.173685535577
34331,5746.136102735446
34332,6273.363590680047
34333,3107.299672339614
34334,5299.814208999693
34335,4953.456466107445
34336,7617.500759504945
34337,7444.6520459095145
34338,4351.578604762171
34339,4790.4295940028505
34340,6124.477744904846
34341,6289.793007810093
34342,5141.037060883875
34343,7014.314989537777
34344,4318.075698599181
34345,6289.980637664838
34346,4846.882671663935
34347,3157.954233800919
34348,5357.834107369465
34349,5865.076476615568
34350,0.0
34351,6637.245994874408
34352,6588.599136727459
34353,4159.651229691783
34354,6643.006871062871
34355,5379.089622153205
34356,3844.209077973339
34357,6557.1331765411705
34358,6820.932090644532
34359,5478.656337870727
34360,6793.726755064733
34361,6197.659376192306
34362,6427.177542389375
34363,5758.42879763107
34364,6888.18345877153
34365,4524.997879920513
34366,2906.7303531715957
34367,5326.017732363112
34368,5044.390264802501
34369,5589.692938533511
34370,3965.6954205739485
34371,5178.201521760496
34372,6594.77630473244
34373,5175.802962819487
34374,6297.644519083048
34375,4781.852853730543
34376,5863.264474064801
34377,6898.119509555013
34378,3725.7032628027414
34379,5602.286732008287
34380,5044.390264802501
34381,6163.8408059416015
34382,3692.9045198755975
34383,5700.289358423944
34384,4488.561586988269
34385,6830.382129967796
34386,6770.4221656573145
34387,6893.2222017817885
34388,13785.840233354955
34389,4201.5541565941185
34390,5019.794681578875
34391,10326.929019338808
34392,6450.8403789142985
34393,7624.697029872838
34394,6742.500144506508
34395,5706.527572808944
34396,6395.099809030065
34397,4537.531409396277
34398,4897.100758157423
34399,5322.627919457708
34400,5280.874393537082
34401,3023.338168484375
34402,4923.217035733431
34403,7421.03982350271
34404,9194.54322587477
34405,0.0
34406,6061.514765731504
34407,5939.98338217245
34408,2415.6997371641373
34409,3889.7665511525406
34410,4400.57940133085
34411,6401.530501046691
34412,6932.707221440263
34413,5544.010489325389
34414,5207.7931676260305
34415,6640.853748292443
34416,7223.72852881231
34417,6531.043927560672
34418,5670.990283795004
34419,5548.924901276422
34420,7095.921239385247
34421,4136.571423769646
34422,5734.520475317474
34423,5753.762635353949
34424,5783.046045216656
34425,3068.713564580391
34426,5586.54370597258
34427,4720.399286637327
34428,7533.376434480932
34429,6763.644525903804
34430,7511.690108117708
34431,7351.423201194279
34432,6335.040177667794
34433,6859.284044251768
34434,16491.389673801394
34435,8969.022038376026
34436,3658.551587863972
34437,3532.020000026887
34438,6370.650640857518
34439,8458.6282980859
34440,4355.834714262284
34441,9237.253642857144
34442,16828.96812036515
34443,5175.832891212375
34444,2868.3116368574842
34445,9959.8570263383
34446,4225.578576120354
34447,6521.63727909503
34448,3425.8858691645746
34449,5861.940715279422
34450,4712.994238095239
34451,6899.426322621003
34452,6578.36420339097
34453,5881.605403087001
34454,7397.150233520666
34455,5727.2299196499525
34456,6505.301601696767
34457,6994.532431836563
34458,5692.599107239178
34459,5207.7931676260305
34460,6921.342779087241
34461,4874.082694332548
34462,6171.043582095477
34463,3937.0655370996765
34464,3160.7420156998587
34465,5266.98642105142
34466,4552.821341216668
34467,5045.289202609242
34468,6381.032204114748
34469,6428.298006663419
34470,7495.195306511909
34471,4406.556944486922
34472,4413.044103885281
34473,4778.245728302225
34474,5458.833820776195
34475,6622.395193253707
34476,3980.7623841600057
34477,7125.602365762027
34478,5511.194096997634
34479,7959.090921644699
34480,5807.957084398891
34481,5935.4903181714435
34482,3445.4202552138704
34483,5344.374610290476
34484,8265.295834111206
34485,5689.823065902334
34486,5534.900198543823
34487,11271.040083552705
34488,7089.195385757734
34489,4531.082556875503
34490,5838.677810470349
34491,3107.5880416635728
34492,4482.217734789661
34493,4362.459469783284
34494,4242.572289373897
34495,5881.605403087001
34496,4659.5922727823
34497,8915.752797619047
34498,10358.943336712176
34499,5950.946883529816
34500,6223.757702067129
34501,4426.742025023469
34502,5861.940715279422
34503,5026.142854613756
34504,10383.883384547957
34505,6050.137399717512
34506,7712.07726403766
34507,3927.892716281534
34508,5861.940715279422
34509,5154.57473573922
34510,5108.254212094701
34511,6023.631983585643
34512,5341.544371023617
34513,6472.596075574862
34514,5060.138250765333
34515,7700.6571711319475
34516,6022.173441980957
34517,6513.101059316542
34518,8776.551334459366
34519,6744.300899294625
34520,8450.185153846156
34521,3499.4073796414755
34522,0.0
34523,6325.779036557658
34524,8075.385448784932
34525,6510.76320642735
34526,7121.44987286251
34527,6470.527871792591
34528,8352.576811966086
34529,6538.569268040892
34530,6796.116852127849
34531,5492.570182307619
34532,5483.390399885114
34533,12225.02631378345
34534,16036.659042296302
34535,6488.206090468615
34536,6408.281213583303
34537,7085.795857081559
34538,5609.617080019164
34539,6022.173441980957
34540,2970.8109380758433
34541,5506.911015971315
34542,6127.214028363362
34543,6186.964323868485
34544,4017.8061876523093
34545,4904.513552150625
34546,5409.144998567613
34547,4820.398247498794
34548,5165.723254634613
34549,2839.798424298569
34550,3164.7040093001388
34551,6553.2446780408845
34552,3940.3085602502942
34553,4485.630120262076
34554,5537.653825887079
34555,5266.369194368778
34556,6957.669232230694
34557,8242.506820491188
34558,5095.0061104920305
34559,7086.147473530342
34560,6694.076181375953
34561,6346.257141169218
34562,5861.258989714861
34563,3355.5939958116187
34564,5142.940100826929
34565,12089.147136771167
34566,5602.62823877381
34567,6249.214848876466
34568,5142.439212017664
34569,4108.603523304032
34570,5760.994056116224
34571,6163.882969256848
34572,6227.63048665181
34573,6865.510082723215
34574,7034.155184699702
34575,8239.111991024056
34576,4590.696301131685
34577,11900.44056962875
34578,2160.3111623802465
34579,3585.2538653551537
34580,5762.083521252115
34581,4415.3409667098385
34582,10097.932294730215
34583,2664.9588545082793
34584,5331.973454920582
34585,5182.823709010187
34586,7580.698742884495
34587,8988.938530060781
34588,5006.186013769052
34589,3057.2517739350697
34590,6288.9571285430775
34591,6837.864896895472
34592,4680.984121821084
34593,6266.336854907041
34594,6947.077590949297
34595,6122.9300480156
34596,5896.052397547536
34597,4917.368575342854
34598,6779.343045332724
34599,5705.38860862126
34600,7803.636007721383
34601,6664.634613080627
34602,13088.096116731926
34603,6277.377461223847
34604,6597.048673853649
34605,2443.594553416212
34606,6343.316233624788
34607,5535.916228633899
34608,6168.234964875246
34609,6341.006539263773
34610,6301.233963203281
34611,3823.1217548600607
34612,6684.57474910434
34613,5812.407185796195
34614,9183.667127629793
34615,6880.721441130024
34616,6928.393445454283
34617,6989.691035512876
34618,4771.932161633649
34619,7040.031456814267
34620,7578.784537666308
34621,5488.585251417507
34622,6618.341177369677
34623,4028.0135202392808
34624,9309.99952233681
34625,5894.1531610172715
34626,3876.0414621797186
34627,5483.0918274101095
34628,6104.4190920816045
34629,5972.732065077252
34630,4197.181287370806
34631,5853.408407809105
34632,5152.280218213605
34633,5082.514120750738
34634,6005.330809978424
34635,9049.882367782464
34636,4967.260172870359
34637,5433.767543036721
34638,6024.118216581889
34639,5433.896376068284
34640,3097.2633032853687
34641,4849.558687803038
34642,7796.46633008647
34643,5551.803457238656
34644,6995.062775776405
34645,6571.096079494994
34646,6769.361123391793
34647,5691.757050953626
34648,5853.408407809105
34649,8724.984084242833
34650,5866.518037601275
34651,6553.215312575098
34652,5216.711383799234
34653,5234.896305148753
34654,5185.694050488833
34655,2156.908590105294
34656,11871.031787722744
34657,5959.50068437019
34658,6363.185446750773
34659,5149.713851172044
34660,1405.2103306666133
34661,6229.129575686556
34662,5331.852424026854
34663,5926.860495959233
34664,3875.684323631437
34665,6952.130270246287
34666,4838.72103569707
34667,4279.5327802462325
34668,10100.624536248057
34669,5553.979415950575
34670,4554.785962378335
34671,3608.287540304073
34672,4094.9892769595795
34673,6085.745981234274
34674,12799.840738095232
34675,4994.296528032331
34676,6514.435554880247
34677,5360.147946113422
34678,3910.459588527836
34679,3671.182211552108
34680,5984.833326323694
34681,3321.8102049481945
34682,10701.781272397535
34683,6608.348308379989
34684,3152.3075268287935
34685,6807.480906029994
34686,2723.483135070406
34687,3765.3310431970617
34688,6167.576225113154
34689,7566.4625483291575
34690,8733.37595749537
34691,2783.9052176234068
34692,5381.876378665532
34693,4492.38650306316
34694,5904.893443805872
34695,15768.228114456519
34696,12352.915523809525
34697,6533.162690744182
34698,3066.5153501565037
34699,6493.269899019598
34700,4428.152119583292
34701,3171.839487707141
34702,6243.945873045413
34703,4851.552662132453
34704,5709.2375273427015
34705,6865.377728781733
34706,4890.874455577994
34707,4529.156285682026
34708,6254.944693523712
34709,6163.1372585409445
34710,6719.395564817945
34711,2906.1979292346623
34712,5599.653364392284
34713,6788.401182461668
34714,7866.114219366347
34715,6251.144450298888
34716,6784.369695205332
34717,2404.706731696691
34718,8532.114675034725
34719,5100.467773509683
34720,3263.692703450936
34721,4948.371003035252
34722,4672.8896739990505
34723,4863.963195933856
34724,6548.363093307689
34725,4536.152652007205
34726,6274.394251450531
34727,4788.383668077448
34728,5927.671639496906
34729,8494.309812824995
34730,4688.357497874311
34731,6619.883345628245
34732,5976.9492664407535
34733,2636.8576867017964
34734,6784.369695205332
34735,3730.047925154383
34736,3419.9556647108493
34737,5902.37550262775
34738,10168.113874467672
34739,9191.983732932458
34740,4431.359498093429
34741,5306.302230096446
34742,6748.347200204701
34743,6688.60573687997
34744,6207.6421157131135
34745,8131.715674951287
34746,2960.781381222213
34747,4882.953286069992
34748,5612.139917408906
34749,5160.456900551398
34750,2734.281733164933
34751,6947.712208027964
34752,5897.693133119134
34753,5306.302230096446
34754,5169.914363403244
34755,7554.8602655138375
34756,6986.902405905849
34757,5820.3159983852365
34758,0.0
34759,4987.922209218864
34760,7185.672676508423
34761,4915.312505587304
34762,2450.772274270743
34763,6193.8672156689945
34764,6240.998437577337
34765,6039.8048929946035
34766,5212.492809573125
34767,3313.9834773864195
34768,6145.786427237849
34769,3656.3781396580575
34770,7337.597735634056
34771,5236.573801919451
34772,4842.522567365965
34773,7019.035706505874
34774,4098.6388305011305
34775,4717.541637967373
34776,8363.521448454763
34777,2804.200976670715
34778,6373.803484018526
34779,9406.699448233494
34780,7069.208825942303
34781,3055.7479151308735
34782,4824.667747140792
34783,3799.2900305049006
34784,2441.096186733166
34785,5273.618710292271
34786,6218.618625249409
34787,5498.370060268233
34788,4759.496418954649
34789,5360.838825215003
34790,4856.77085409823
34791,9502.654737978524
34792,5909.021955087
34793,5716.980242389491
34794,4067.182982510057
34795,5685.157010717008
34796,6278.362271234716
34797,5926.251075610688
34798,7219.367224963628
34799,8477.786518798304
34800,7257.050257756894
34801,6681.222024992262
34802,6602.8457221143
34803,4278.728923991647
34804,5243.102776797211
34805,6746.73132881375
34806,6760.007560201296
34807,5793.758424868511
34808,13899.228249935475
34809,3866.8869023167204
34810,5427.317629650976
34811,4006.4083261959686
34812,6870.061794800908
34813,8217.22722442982
34814,6830.8095639877665
34815,6736.834269958918
34816,6933.12455776315
34817,7144.54121849432
34818,6657.55616955267
34819,4963.963657475633
34820,2793.574258312874
34821,5040.586682040462
34822,4251.425864246998
34823,3047.6360496723314
34824,7163.718246102881
34825,17559.28838145188
34826,5515.167721065394
34827,5292.495083755776
34828,5039.176122280212
34829,4205.217605933282
34830,6523.294020978859
34831,2027.330686890581
34832,5859.207420938749
34833,6736.834269958918
34834,5256.847880066065
34835,9963.040743554071
34836,11114.36758991009
34837,3370.8330731886813
34838,5263.250299182845
34839,4983.591470122251
34840,4965.923956285165
34841,4504.127233006323
34842,6798.65244942086
34843,3911.1864386184584
34844,4319.978886288831
34845,5123.565872337685
34846,4923.2997008462735
34847,4884.296529327522
34848,7529.551672011985
34849,5290.248579567031
34850,6849.655142465091
34851,5600.209095788306
34852,5176.752983905575
34853,5088.501574926016
34854,4300.194198659847
34855,4770.887069121934
34856,4787.524617100356
34857,9386.820462043719
34858,5522.031820455224
34859,3906.966880952382
34860,6177.742536884421
34861,5079.660118749072
34862,5497.307440594399
34863,5143.123000083453
34864,5879.753601388681
34865,7760.453632928248
34866,7169.46383398471
34867,6665.49259196919
34868,3843.815048613751
34869,4054.1237910104323
34870,6406.507554845789
34871,5385.03251348877
34872,4995.905153479468
34873,4816.423207513831
34874,12033.854466464602
34875,6912.175510293346
34876,4735.6875703911755
34877,4645.52346058684
34878,4646.854147989233
34879,5579.9953874107405
34880,5146.64061223187
34881,9467.347195140152
34882,5768.031275550623
34883,4791.067561184038
34884,4274.333946588303
34885,2220.4212489792103
34886,4480.47078408285
34887,15492.054306600827
34888,2209.828465860246
34889,5002.120187649533
34890,5656.275849851252
34891,6833.075582354314
34892,5470.53607772959
34893,6587.051590822763
34894,5632.278274114891
34895,5869.984156860501
34896,3151.0322178087104
34897,5368.315321991437
34898,4011.9489671804595
34899,5545.359843480076
34900,7991.013530336815
34901,4369.080957990485
34902,6296.854554769058
34903,6559.046365577535
34904,3451.220769442156
34905,5799.799168367014
34906,4932.433716957633
34907,2794.7269239001453
34908,7264.003522770797
34909,6384.149985902961
34910,6591.020446964115
34911,9372.828111077117
34912,6718.414750042229
34913,7232.607088036126
34914,5201.245644168321
34915,3658.366586025361
34916,5808.101850296501
34917,3421.1119596603676
34918,5971.016026368304
34919,2477.9795267184286
34920,6006.3722133648525
34921,3197.6671864960067
34922,6686.282720231192
34923,4556.385062271494
34924,4933.60207354637
34925,5444.705410794424
34926,7058.546548960353
34927,5197.860341651074
34928,7682.225985508688
34929,5616.3219894730055
34930,6229.247795952468
34931,6495.459118231414
34932,6529.517522484017
34933,3653.5033670982
34934,4741.222869809364
34935,5756.9998029355775
34936,4562.799103347326
34937,7117.9649331050505
34938,5964.264382948078
34939,5553.804875000001
34940,8905.459354554298
34941,6991.05998245614
34942,2234.294298397659
34943,0.0
34944,5989.55885451763
34945,6708.910860790927
34946,7485.3218898899
34947,6311.3488763588875
34948,7985.629892800023
34949,5039.5495941832705
34950,4678.91048040016
34951,0.0
34952,6294.4697997321355
34953,6609.406542590337
34954,2808.715848966253
34955,7973.001213507715
34956,6440.741162465294
34957,5519.2484082508645
34958,6198.928128962886
34959,4309.969106180208
34960,6708.214917509334
34961,3794.4772258341995
34962,5297.861910003532
34963,5034.828048051685
34964,3880.726200512342
34965,6462.014062119973
34966,7180.385866377336
34967,7698.961540163504
34968,5875.788919268151
34969,3892.601996186589
34970,6659.219022887926
34971,6614.32224741174
34972,7236.11836436561
34973,3532.7651089282804
34974,3278.6366126081957
34975,8860.746017979869
34976,6028.343421850843
34977,3783.9532473996787
34978,6185.945958965574
34979,6718.414609752421
34980,6383.263901079938
34981,4792.807392272629
34982,2161.0083031528334
34983,5646.567056319897
34984,6711.091852743546
34985,5362.791298373221
34986,8864.201422347262
34987,6885.239584837898
34988,3452.5026989009643
34989,6020.02523390521
34990,3052.2565449649283
34991,1161.5683672065934
34992,6293.2721846350005
34993,9876.418862278242
34994,5291.446462063935
34995,4923.642904303605
34996,3235.6746601782197
34997,5104.014103069777
34998,8181.638807503607
34999,5923.3461192980185
35000,8919.647659979797
35001,4717.03068646105
35002,4524.257348485206
35003,3395.808511802096
35004,6303.335522286239
35005,3505.5768596149674
35006,2731.5920019052805
35007,6442.93532335086
35008,3778.8073808613735
35009,7236.167097633217
35010,4746.801339497079
35011,5133.782843229387
35012,5037.355940249555
35013,6912.818553863865
35014,4552.56147468762
35015,3914.2029557883984
35016,7401.653614183106
35017,7405.898871669869
35018,6669.164376264672
35019,2152.0368985653295
35020,5227.408336616423
35021,5155.949094556129
35022,4343.075462376488
35023,7796.77873073668
35024,8938.730975829723
35025,6457.631754672973
35026,6231.709500600749
35027,5119.122744307565
35028,7799.825009354792
35029,10277.986341680298
35030,3178.654487704542
35031,3967.3024501867294
35032,6343.54818230696
35033,5767.089735645721
35034,5474.041596922924
35035,10649.624941745646
35036,6820.489219863488
35037,6446.900311440197
35038,2723.6071073002945
35039,6248.223560865157
35040,5369.533935399916
35041,3291.878928131372
35042,6093.575572952283
35043,3223.001306318012
35044,7014.470251315495
35045,5264.86188189516
35046,4513.146112002771
35047,6444.416991929997
35048,4871.917039094537
35049,6189.376305016315
35050,6362.868269326376
35051,4865.769326411671
35052,7818.714433712278
35053,5605.169514824894
35054,6711.091852743546
35055,5024.408118073929
35056,4357.416989827733
35057,7607.9874748372
35058,2822.7281639229955
35059,10373.463079818785
35060,6750.687751284946
35061,4913.32387710473
35062,7193.657581507813
35063,4503.973897892998
35064,4519.470365712144
35065,5673.5230986504175
35066,3097.8194913632115
35067,2862.0495671916224
35068,6133.35115269635
35069,6306.269632251393
35070,10715.390293242333
35071,5610.961724922149
35072,5532.905369712876
35073,4065.250873149682
35074,6700.326842618384
35075,3111.275969807015
35076,9883.306667176608
35077,5086.428733005943
35078,12932.863697871573
35079,5650.309776776602
35080,5234.049829307824
35081,7927.665654761908
35082,7336.101896588738
35083,3247.2576145835924
35084,6912.818553863865
35085,6824.753830830341
35086,5876.435781919342
35087,5623.363784238122
35088,5116.82567657595
35089,4138.496643077672
35090,5174.95527590924
35091,3735.154394512537
35092,3060.630419274612
35093,7635.056211891393
35094,5075.065494790376
35095,21987.726928571425
35096,7530.666761904763
35097,4992.142536909432
35098,7946.871638323053
35099,8430.057568982893
35100,6556.8465258008355
35101,7699.623851782738
35102,6487.961496239981
35103,8143.986176122621
35104,7791.356631905428
35105,6342.175003604696
35106,6311.47537854127
35107,7683.878364071523
35108,7733.295832512077
35109,7582.838197373786
35110,8131.869920862477
35111,6305.15622088254
35112,5382.652962112862
35113,6718.9305429372935
35114,10288.656577856618
35115,10453.917796843827
35116,10288.620616185208
35117,8386.255256579068
35118,4572.533373562105
35119,7553.741879544532
35120,5508.390046324152
35121,7735.511334533109
35122,13838.18793828502
35123,10032.295553156997
35124,6283.809077887088
35125,5491.594001267829
35126,5003.970200130908
35127,6721.491486329173
35128,11377.9381697865
35129,7365.9822106881775
35130,5851.920779301482
35131,5956.745629335081
35132,7724.054765205751
35133,4847.3488154943425
35134,7601.153121938406
35135,5878.0546934073745
35136,7690.769169264839
35137,7731.135687525626
35138,7742.553698830304
35139,8074.612612740252
35140,6544.007666079199
35141,5274.098673149026
35142,7020.0715560119315
35143,7539.522214580578
35144,12502.893019909437
35145,6720.033115918415
35146,8547.211669498982
35147,7374.567827190434
35148,9380.065674333644
35149,7615.697868303122
35150,9723.062575047912
35151,5967.886541852232
35152,5184.981201831357
35153,6399.777518918018
35154,6682.628787727843
35155,8082.4044822685655
35156,8200.38937041868
35157,6408.020590336941
35158,7246.177718286511
35159,7201.189308614634
35160,9841.900186350127
35161,5333.0051733218625
35162,8100.305038941101
35163,5235.338681045248
35164,6692.330856926465
35165,8686.114135615388
35166,5775.727109313719
35167,6968.637260538215
35168,7207.119875538335
35169,7698.5598732111985
35170,6029.432674457582
35171,5932.413786747613
35172,7639.049631815698
35173,7551.254233892837
35174,7305.5624450980395
35175,5301.793352178351
35176,7293.836561809394
35177,13111.131866579648
35178,7621.853671175802
35179,5314.806465284973
35180,7691.01428922558
35181,6992.348738647315
35182,6376.235311210145
35183,8060.504528255838
35184,6868.068147834012
35185,7721.904336361714
35186,6553.486383509587
35187,7594.05669504104
35188,6800.384373042108
35189,6185.639761395309
35190,7397.500796002237
35191,6143.431908030783
35192,8212.830398622928
35193,9392.069987382745
35194,5528.986482871618
35195,5441.753385725509
35196,7121.428150180568
35197,6699.310372789994
35198,6344.791025748326
35199,10274.793679105565
35200,7122.886479575772
35201,8064.425838274429
35202,6322.497919652787
35203,5340.426911569119
35204,6977.972456632842
35205,7735.645259339088
35206,8766.69735502832
35207,9199.38351576983
35208,7758.199998697736
35209,6312.608334947132
35210,8304.978450887444
35211,7418.603289438645
35212,8313.521933083735
35213,7759.164998762089
35214,7207.179639235845
35215,7892.6102186718535
35216,8424.99633226344
35217,7713.766288036692
35218,7549.495371149584
35219,7661.637333200371
35220,7911.0204260159735
35221,6337.12632358592
35222,5343.403296772314
35223,5718.782080737263
35224,7593.728531378247
35225,7485.659912715769
35226,5865.236987627635
35227,7357.969677127138
35228,6966.214928412491
35229,6706.520471244407
35230,7311.412944538442
35231,7065.554362607276
35232,7552.476726522772
35233,7666.263855349996
35234,7028.871046151868
35235,5939.151166435767
35236,7383.726765618536
35237,7605.9496285329005
35238,4629.933231825099
35239,7598.886713539434
35240,5733.806175978496
35241,7813.857611767872
35242,8336.523224188366
35243,6957.693927140053
35244,12298.53220161788
35245,6481.920460719779
35246,5519.060539094905
35247,11019.605534765273
35248,7458.7460466240145
35249,8916.845553501518
35250,7431.625726242214
35251,6106.985074090891
35252,7550.5850624341365
35253,6129.649541571763
35254,8787.875845545796
35255,7815.997768698927
35256,6829.603654925411
35257,3795.345368963972
35258,7454.146756356104
35259,9826.266548256075
35260,10193.064158870988
35261,7648.61458782824
35262,7659.626812442246
35263,7077.696879979185
35264,5942.1110036555565
35265,3863.3808333052384
35266,5669.8184353456045
35267,7539.680236749088
35268,7536.160243511939
35269,7298.282737037283
35270,7204.693313320762
35271,8424.99633226344
35272,9856.84631345125
35273,7660.038173361769
35274,6461.73661164063
35275,7414.611529939512
35276,8538.723988154306
35277,6932.0378910377785
35278,8201.030472731098
35279,6691.126321685044
35280,6831.689052141385
35281,5034.139757011816
35282,7671.959716034838
35283,5894.070340139462
35284,7761.773464223177
35285,7733.42233055085
35286,9434.295362865625
35287,8336.123582441358
35288,7523.229216981903
35289,8591.336054176943
35290,18379.13100332431
35291,11403.883069604653
35292,5634.15856819827
35293,3378.4869906411304
35294,7026.116612505409
35295,9502.38461305274
35296,7344.936432859981
35297,13555.288213125927
35298,20201.79574297997
35299,4855.456721336285
35300,5721.470495812171
35301,8328.255448227845
35302,5646.300237064671
35303,9622.50480905622
35304,7250.857774199272
35305,7674.7110537253975
35306,4408.0474172377135
35307,8178.435960726508
35308,7708.8844584211065
35309,7655.584156889047
35310,10580.649316141671
35311,6550.527098563968
35312,7544.922232989214
35313,7330.907060339566
35314,6108.505063281058
35315,7076.292534927833
35316,8260.767903225144
35317,6530.27089777292
35318,7064.744225652074
35319,7507.6472533570695
35320,6965.443819415103
35321,6130.804158531241
35322,7689.193951724452
35323,7362.3528993600785
35324,7867.199786684185
35325,5797.889550024078
35326,8162.53159842812
35327,6189.683856086659
35328,4152.641451105618
35329,10245.778562861728
35330,7484.0668881885995
35331,6385.819611374568
35332,5443.004478855947
35333,9257.26347348984
35334,7386.332066944371
35335,9678.939707104168
35336,7338.419501764763
35337,7644.3500596741615
35338,5946.081422510705
35339,5307.763183415846
35340,8044.002551350845
35341,6577.629554465491
35342,8560.536067231686
35343,14491.767460607169
35344,7764.075838628803
35345,7267.697678470624
35346,5825.996744718622
35347,6788.472220356023
35348,7735.739254625842
35349,5059.99568206429
35350,6781.261023480495
35351,7757.704079450001
35352,5907.316358787706
35353,15295.973642857141
35354,13655.089936097329
35355,5357.836707306655
35356,7725.595271686138
35357,5796.102191546928
35358,7709.600828166918
35359,6432.452379324041
35360,13795.140328651227
35361,9882.086312046076
35362,9439.981886785887
35363,6180.844064152776
35364,7709.600828166918
35365,5179.468340091222
35366,9312.757671329535
35367,7257.832551336019
35368,6684.584661220678
35369,6054.249833254855
35370,6679.926950596148
35371,9397.591859305672
35372,7728.954614553207
35373,6063.654255733552
35374,7536.211652533222
35375,7655.221734248311
35376,9509.77076676345
35377,5669.043818220963
35378,5777.797846229445
35379,7577.164293818668
35380,11119.41099656658
35381,7658.044492892847
35382,7672.621593382123
35383,7286.032850027113
35384,9663.193052896326
35385,5502.192156650996
35386,8774.756303561739
35387,6572.668661099832
35388,7721.333057905783
35389,14653.68408289362
35390,17958.508750314893
35391,7370.18470840497
35392,7949.081027403861
35393,9053.395215909288
35394,7523.728953758659
35395,7742.9332715574255
35396,6403.864249283466
35397,7477.299340615348
35398,7657.473551692696
35399,7721.333057905783
35400,4898.119618709215
35401,6274.215122081239
35402,5947.937435322661
35403,6459.306426889513
35404,7705.574210922446
35405,5766.60140933669
35406,5721.5220505128955
35407,7579.03714914303
35408,4855.3809010492
35409,5416.568255294816
35410,6078.370839770653
35411,7220.414916190848
35412,7711.50593405362
35413,7986.984398317407
35414,7222.6044423959775
35415,6290.58437994338
35416,7681.935596597426
35417,7807.483897644968
35418,8316.410182886473
35419,6361.792059421664
35420,6437.5092181776545
35421,9591.800580394423
35422,7560.612505665748
35423,7605.938023757796
35424,6063.473935225156
35425,6541.227562510149
35426,8639.817845592974
35427,7456.243703949435
35428,6634.55387556789
35429,7736.79081804404
35430,7717.831442365144
35431,11256.225738483705
35432,7795.059369086375
35433,11280.883276855404
35434,4780.104308935525
35435,6429.238865902949
35436,7460.644382290029
35437,5090.213425036574
35438,7344.94536718714
35439,5871.683255196041
35440,6786.147076959446
35441,7747.383966413256
35442,11126.483968545577
35443,8764.210345238098
35444,6023.328135419339
35445,6894.50014784713
35446,8153.6252347467935
35447,7698.315373409083
35448,6568.569293295531
35449,5513.568721044326
35450,7404.261669470289
35451,10058.145083008782
35452,5015.048008036655
35453,7329.163143662619
35454,7726.681345126715
35455,7801.858210529791
35456,8341.431735926511
35457,7677.467085624834
35458,13310.725989779323
35459,7536.8022222480295
35460,7677.467085624834
35461,5495.057370649992
35462,6517.703809776399
35463,6479.113640667804
35464,5818.972608702065
35465,7702.511135712521
35466,5933.88768074626
35467,5435.491485017268
35468,7576.780194269266
35469,7475.420516599937
35470,8200.605637847875
35471,6011.3196448650715
35472,8058.5248168986345
35473,7932.579571873666
35474,6439.441966351087
35475,8339.66184543642
35476,6890.680147660965
35477,6082.03800264817
35478,5520.119634458396
35479,5952.096010962737
35480,11118.45649293392
35481,6408.812597360483
35482,5694.833196077975
35483,8188.831755857524
35484,8690.064960805787
35485,7680.133044559058
35486,7431.021781489772
35487,7690.657646269372
35488,7378.2445384578805
35489,6630.665524925536
35490,6589.875942701366
35491,9043.936253424641
35492,6367.559139109573
35493,6729.9410770041
35494,7587.824664011721
35495,5924.447746599978
35496,5484.0140643075565
35497,6067.407562611401
35498,8370.263251667031
35499,8130.62314939262
35500,7782.430037330399
35501,11820.50666583579
35502,7685.319594732302
35503,7630.5552069909
35504,7662.994898944992
35505,8383.473421416782
35506,7688.810393270925
35507,7835.598377460015
35508,7118.901447744455
35509,8433.76059405112
35510,6197.2837136826865
35511,4203.569662798585
35512,12366.28025280643
35513,6016.421332043584
35514,7246.070713149562
35515,6754.1458880175405
35516,3940.786051910373
35517,12054.507656361626
35518,6148.200330033991
35519,7580.608724033826
35520,5585.930772459327
35521,6563.0092470483805
35522,6618.488055864978
35523,8155.192476394939
35524,6778.323343178863
35525,5248.028495630477
35526,5712.508735934584
35527,5822.183110421399
35528,4251.3661087197315
35529,7734.056435580144
35530,17435.534611643907
35531,5556.086984416379
35532,5503.89194510422
35533,7266.942304747345
35534,5577.598537307527
35535,5742.058719173913
35536,5501.029451110933
35537,5767.221273527731
35538,9670.804815904388
35539,7809.771325769431
35540,5313.537865806233
35541,7734.056435580144
35542,6294.579175552167
35543,5905.748166398703
35544,7734.056435580144
35545,7754.939116239411
35546,9850.655703766628
35547,6864.937909103155
35548,7107.7493711188035
35549,5863.573438875557
35550,7004.289624162326
35551,15136.355888241618
35552,10204.691921870086
35553,7628.059834252382
35554,6225.983536045974
35555,5444.083472886414
35556,5979.996127676845
35557,6079.946275469786
35558,8251.262829959795
35559,6369.046750787542
35560,6404.6375767912095
35561,7533.531493114693
35562,5926.144396181166
35563,7183.293377994795
35564,7859.33879506624
35565,7633.86250530345
35566,7550.595464191433
35567,5103.312785170273
35568,6173.604869131569
35569,7887.497012991798
35570,9663.956105678242
35571,9408.540277897811
35572,7671.188241284026
35573,5629.849059231783
35574,8746.439609204608
35575,6799.9533667530995
35576,4901.889233475367
35577,7624.628210625195
35578,7688.810393270925
35579,7081.3032669877175
35580,7601.886172361493
35581,6583.113846344417
35582,8443.69073604562
35583,5955.540395540647
35584,7046.644046768002
35585,8097.223209741804
35586,6435.92108431055
35587,9188.794791931658
35588,7263.344400401836
35589,6207.109811882967
35590,7731.331144319079
35591,6387.442604858099
35592,3869.6787244770694
35593,8658.803291539254
35594,10284.120402312452
35595,11012.374839710721
35596,5845.959926169637
35597,7608.178846781379
35598,7180.218447085219
35599,7331.893663340776
35600,6474.264088094509
35601,8668.96752129612
35602,3609.257934624986
35603,7204.470870519714
35604,7606.927615742914
35605,6654.779337284012
35606,5989.8290107873445
35607,6951.559375974977
35608,9058.015661699192
35609,7588.667610013521
35610,8806.511275420266
35611,7770.892591015963
35612,7648.625871183965
35613,5978.289264516037
35614,7097.380348284017
35615,7065.5635544234565
35616,8512.375815508956
35617,9158.546968703367
35618,5281.200415445877
35619,9440.632203806086
35620,8502.297651725728
35621,7705.090868038898
35622,6109.734962452295
35623,4415.093498578132
35624,6697.8993641832985
35625,7099.803898026303
35626,7648.625871183965
35627,7755.900925410873
35628,7190.533478270858
35629,7930.216753852561
35630,7273.679102670172
35631,7510.976768634123
35632,9050.398328450838
35633,6321.2237677973535
35634,9437.842785296798
35635,11647.49960877719
35636,7873.116994819628
35637,5435.489069917406
35638,6371.865467199246
35639,5405.436646617716
35640,4212.554988649712
35641,8879.263771451328
35642,6271.535483221101
35643,8890.762576198718
35644,5508.158411955955
35645,7949.690845404327
35646,7460.67001788285
35647,10514.843653385762
35648,5457.657266718335
35649,6621.022887483623
35650,6838.25023453985
35651,7587.523717786623
35652,6145.360226383249
35653,7578.748786012785
35654,7701.260563742781
35655,8416.157062798782
35656,8055.10165594107
35657,7677.467085624834
35658,7628.27258392911
35659,6207.981341688155
35660,5383.024164111457
35661,7841.661152182054
35662,9538.862296918673
35663,6749.914436963855
35664,15753.46814114908
35665,6902.783245007446
35666,6521.936759944907
35667,6529.685735242436
35668,7806.985270907139
35669,9028.696307760034
35670,7948.415900858399
35671,7755.784302657757
35672,7781.579215954626
35673,8162.464007778676
35674,7066.078941067652
35675,6398.667813294637
35676,5974.728035831367
35677,5756.440984932938
35678,4655.481890968025
35679,6397.042953847553
35680,9442.949382849876
35681,17540.601643831797
35682,7666.361136074285
35683,7475.783783475441
35684,8127.494111703756
35685,5209.636326887438
35686,8088.041568110091
35687,4408.967602740343
35688,9488.658567011214
35689,7551.408348199981
35690,7551.408348199981
35691,13734.862168196047
35692,13320.102069396287
35693,6715.750501248959
35694,7713.447244248674
35695,4239.745454277703
35696,7100.603457527411
35697,7473.379236202145
35698,8757.948969919647
35699,5270.466990182991
35700,5678.226831965993
35701,6712.277385870831
35702,6005.477913450307
35703,8849.307011487484
35704,8016.0382840803095
35705,7385.703233620306
35706,7559.706976300541
35707,7961.585823400779
35708,8402.785681953483
35709,6331.994063548664
35710,5552.768841963982
35711,7578.533239844793
35712,5786.361962188512
35713,7661.958376586898
35714,7236.700497514282
35715,5545.92300505258
35716,7868.387013334824
35717,6731.174961295192
35718,5495.275599006172
35719,7288.87722616256
35720,7977.030168405095
35721,8112.1544770886085
35722,8445.35047638295
35723,7580.894744931548
35724,4022.4314558659353
35725,6369.29798626541
35726,7479.615849226166
35727,5443.949816014904
35728,7070.74538478594
35729,7773.351935867995
35730,13143.913727118827
35731,8206.521160979051
35732,7560.911087857895
35733,7858.066963008689
35734,4968.151609784652
35735,7641.325285530596
35736,7047.749009796779
35737,12805.158432270386
35738,7042.758207313513
35739,6126.828454725225
35740,5786.041668039593
35741,5202.886415471461
35742,7333.185012847984
35743,17718.307276330852
35744,5039.071277781844
35745,5545.4968518702135
35746,10370.616855305681
35747,7118.155403936565
35748,7568.053200055089
35749,7567.189932198703
35750,6534.04820675032
35751,6160.4366645997725
35752,5260.101433019333
35753,8338.333762969873
35754,6385.785634835431
35755,7289.490362550511
35756,7778.534069057143
35757,5031.2782468014475
35758,7556.728835799792
35759,7493.35043420861
35760,4790.829028133809
35761,8128.729519306846
35762,8030.06310201324
35763,4925.640698745172
35764,7650.615068940808
35765,7131.290774727232
35766,6379.301105949586
35767,9967.989301320202
35768,7570.594318738077
35769,9368.491629069886
35770,6820.1300932347585
35771,5728.167984499991
35772,7763.802456556112
35773,4715.622227613617
35774,7661.958376586898
35775,4474.060014481307
35776,6263.468807977791
35777,6240.930371135523
35778,7567.189932198703
35779,6195.9098112996835
35780,7580.4310588861035
35781,7768.868570208089
35782,8658.302426653341
35783,6352.393204994574
35784,7687.952869902252
35785,7061.616946791079
35786,9359.813947041788
35787,7661.958376586898
35788,6968.802674831116
35789,4318.549507689011
35790,6382.6504686069175
35791,7577.444297441418
35792,5134.2415640531
35793,7580.894744931548
35794,7747.704377261913
35795,7122.846360197306
35796,11209.053845679919
35797,7139.129348187155
35798,5352.517669980447
35799,12312.598052617988
35800,7570.594318738077
35801,7573.799681592376
35802,9418.667549055388
35803,10091.960258964691
35804,7114.825616033369
35805,5861.648556737235
35806,7555.058903732477
35807,6156.636644036334
35808,6688.557575722808
35809,6608.228992028019
35810,5583.706362744379
35811,6881.05453830334
35812,8084.457701654774
35813,7257.504311132352
35814,8217.857305402636
35815,7562.884197943338
35816,6969.989205289696
35817,4952.693848508693
35818,8688.099900742496
35819,7856.139340728425
35820,6607.153474692126
35821,6912.423120396394
35822,8289.851984572457
35823,7368.989305843232
35824,7265.020900709298
35825,5636.877054078471
35826,7371.314905898507
35827,7547.273172111838
35828,7565.857780426096
35829,7435.259354811349
35830,4623.827267500526
35831,8335.305982886972
35832,7952.892227523558
35833,7346.87890606077
35834,7935.504670168945
35835,7580.894744931548
35836,6855.623918944504
35837,5801.614026363864
35838,4194.539010595322
35839,7318.643767405974
35840,7570.594318738077
35841,7362.7047886377
35842,10582.06485375307
35843,8526.4721120878
35844,5717.85906752112
35845,9027.682970901447
35846,4232.642993799552
35847,3270.7049094739546
35848,7137.918061528873
35849,13056.817272789684
35850,8473.812421773033
35851,7609.0503869814775
35852,5752.021692248357
35853,7594.986165067651
35854,9387.06891299479
35855,6680.2238576363225
35856,8807.063898990782
35857,6058.717679557978
35858,5315.560874844399
35859,5839.575519269332
35860,7305.255593462187
35861,6672.591708029658
35862,5454.109386560228
35863,6823.894726236549
35864,4602.707901058711
35865,8075.05889354075
35866,7763.330196042171
35867,5968.09550033101
35868,7609.0503869814775
35869,7650.615068940808
35870,6104.454928518238
35871,5614.504639699886
35872,8464.492370047466
35873,8283.525759864955
35874,7205.982686581618
35875,4245.054437390632
35876,14285.133451068943
35877,6803.322230760233
35878,6083.672413339222
35879,9025.824055415185
35880,8712.274196258644
35881,8127.6643440075895
35882,6513.160617488432
35883,7598.577024268143
35884,10691.370593773068
35885,15390.072542429793
35886,5670.426631688138
35887,5479.674947551103
35888,5431.265528981206
35889,7185.832721968822
35890,6714.997122157973
35891,9628.162118440163
35892,9275.778127981082
35893,6770.920783514837
35894,4703.4180270681
35895,7033.558308853384
35896,7945.9430587606885
35897,5887.244859043003
35898,7615.172370223653
35899,4514.862536308221
35900,8015.290319869971
35901,8024.287679866134
35902,8065.068991654128
35903,9216.693193602123
35904,7526.019967231085
35905,5585.140208040078
35906,7628.660159665132
35907,8071.331970248632
35908,8764.648362107273
35909,8161.111929293907
35910,7568.100167935066
35911,7152.941226114606
35912,7542.501200565429
35913,10292.016584540766
35914,4889.060279949282
35915,9600.686603988017
35916,7577.24623469515
35917,5246.239079889284
35918,7108.699989340154
35919,6449.85932488009
35920,8006.3890993567
35921,7378.330110887797
35922,4780.075887930525
35923,5045.566292145421
35924,8016.335925273099
35925,9669.360069712635
35926,10780.178595167105
35927,6050.4446492899915
35928,6526.919467276669
35929,7264.084772195215
35930,6569.377157830058
35931,6063.999253681915
35932,9439.980459588167
35933,7603.524434138352
35934,13511.867618777058
35935,5553.6055810375265
35936,6313.231428211817
35937,10420.297130952382
35938,8620.9618737151
35939,6310.492528050272
35940,7757.25997490991
35941,7360.663863071323
35942,6053.342887473033
35943,6461.013532615728
35944,5620.685554847945
35945,5450.700083519722
35946,6959.993254427365
35947,5863.932297538666
35948,5755.542170281845
35949,9492.251269085364
35950,7567.066160961951
35951,23198.635623015867
35952,6819.251522317095
35953,4998.158929482377
35954,7951.636315157712
35955,8430.057568982893
35956,6556.8465258008355
35957,7699.623851782738
35958,6487.961496239981
35959,8190.425885050328
35960,7791.356631905428
35961,6141.411216004016
35962,6326.415488431381
35963,7683.878364071523
35964,7733.295832512077
35965,7596.450340590429
35966,8701.325993496921
35967,6168.887858067676
35968,5364.3072174686495
35969,6721.623749624224
35970,10258.965824214565
35971,10772.748743460372
35972,10562.608245951495
35973,8396.246089912403
35974,5272.399096455856
35975,7547.4516674345305
35976,5508.390046324152
35977,7735.511334533109
35978,14205.36440350444
35979,10038.237219823663
35980,6311.719989636495
35981,5534.243176620989
35982,5024.02818745428
35983,6710.436565694253
35984,11418.475015329846
35985,7366.080617272238
35986,5845.085851476146
35987,5956.745629335081
35988,7807.846909487399
35989,4821.872174020261
35990,7601.153121938406
35991,5870.348872219045
35992,7391.048971560057
35993,7696.21723770576
35994,7742.553698830304
35995,8018.562023387578
35996,6544.007666079199
35997,5291.132991927397
35998,7045.795339648527
35999,7495.725033816241
36000,12207.51995851486
36001,6678.500111174687
36002,8590.14880833382
36003,7504.833298259678
36004,9373.839688155105
36005,7615.697868303122
36006,9790.466413828726
36007,6004.872487908519
36008,5192.677111769244
36009,6595.900699882946
36010,6682.628787727843
36011,8082.4044822685655
36012,8179.2138856337815
36013,6408.020590336941
36014,7188.586535118031
36015,7098.166637691466
36016,10024.44331356018
36017,5346.768312730522
36018,8176.84696824474
36019,5440.851378944486
36020,6692.931260681858
36021,8769.794536713991
36022,5775.727109313719
36023,7074.216767568643
36024,7028.964357928478
36025,7693.887494179386
36026,5933.135191800993
36027,5932.413786747613
36028,7627.415988223266
36029,7551.254233892837
36030,7474.18064368951
36031,5308.548424328423
36032,7293.836561809394
36033,12893.769040152183
36034,7621.853671175802
36035,5314.806465284973
36036,7560.505352612319
36037,6992.348738647315
36038,6332.978942262207
36039,7995.266609795813
36040,6868.068147834012
36041,7721.904336361714
36042,6561.584033881758
36043,7549.461543175432
36044,6800.384373042108
36045,6159.909996827869
36046,7397.500796002237
36047,6119.7335245170925
36048,8212.830398622928
36049,9251.969701215658
36050,5528.986482871618
36051,5441.753385725509
36052,7121.428150180568
36053,6597.079972175678
36054,6344.791025748326
36055,9503.0638880999
36056,7108.837007717538
36057,8142.3715088188255
36058,6322.497919652787
36059,5380.479091514139
36060,6977.972456632842
36061,7730.972880307274
36062,8830.123046656583
36063,8998.194611187211
36064,7758.199998697736
36065,6312.608334947132
36066,8314.742061998555
36067,7418.603289438645
36068,8309.195677097869
36069,7759.164998762089
36070,7207.179639235845
36071,7892.6102186718535
36072,8424.99633226344
36073,7706.805023476073
36074,7549.495371149584
36075,7661.637333200371
36076,7898.3458744028185
36077,6337.12632358592
36078,5340.349998486734
36079,5976.832564573509
36080,7593.728531378247
36081,7433.833903773321
36082,5850.639234630388
36083,7357.969677127138
36084,6952.587261745823
36085,6664.987466500682
36086,7311.412944538442
36087,7065.554362607276
36088,7552.476726522772
36089,7666.263855349996
36090,7028.871046151868
36091,5939.151166435767
36092,7383.726765618536
36093,7605.9496285329005
36094,4543.395742394997
36095,7571.802457993922
36096,5733.806175978496
36097,7810.575317395577
36098,8259.183647729755
36099,6951.481625329376
36100,11884.188692470801
36101,6481.920460719779
36102,5470.808563157178
36103,11212.01786667668
36104,7447.063465871223
36105,8903.516166290343
36106,7431.625726242214
36107,6140.5841921325145
36108,7550.5850624341365
36109,5915.927565671425
36110,9010.988746298417
36111,7815.997768698927
36112,6818.548734290491
36113,3731.955696453294
36114,7454.146756356104
36115,9744.468705857762
36116,9839.927801535809
36117,7438.499216316107
36118,7649.838423553356
36119,7081.410404136325
36120,5942.1110036555565
36121,3865.8557384285778
36122,5669.8184353456045
36123,7539.680236749088
36124,7528.40674351194
36125,7298.282737037283
36126,7204.693313320762
36127,8424.99633226344
36128,9807.64475209507
36129,7660.038173361769
36130,6461.73661164063
36131,7414.611529939512
36132,8538.723988154306
36133,6932.0378910377785
36134,8228.898720954981
36135,6691.126321685044
36136,6831.689052141385
36137,4993.0685932625765
36138,7694.288299687685
36139,5879.8701378793
36140,7761.773464223177
36141,7728.07299093585
36142,9451.540620045693
36143,8388.778341853607
36144,7523.229216981903
36145,8591.336054176943
36146,19696.564317141794
36147,11342.769796593995
36148,5893.17979046459
36149,3278.66050040282
36150,7017.602005389749
36151,9902.180204201222
36152,6733.246229306591
36153,13413.59215468437
36154,18912.52281367588
36155,4670.168585602738
36156,5728.806993528709
36157,8660.532902167692
36158,5646.300237064671
36159,9704.201475346314
36160,7247.131744612431
36161,7674.7110537253975
36162,4423.976866150215
36163,7897.335862962815
36164,7650.5252882998475
36165,7655.584156889047
36166,10580.649316141671
36167,6267.525280272065
36168,7544.922232989214
36169,7330.907060339566
36170,5961.9398938800405
36171,7076.292534927833
36172,8251.537629277393
36173,6519.336055667656
36174,7054.822482324151
36175,7519.513097512914
36176,6965.443819415103
36177,6185.530458675541
36178,7787.147950194835
36179,7362.3528993600785
36180,7819.143641793139
36181,5797.889550024078
36182,8012.4383095272215
36183,6013.178927629825
36184,4074.4537411240553
36185,10369.691237075083
36186,7484.0668881885995
36187,6406.714242278098
36188,5435.0584756112285
36189,9371.315790250042
36190,7391.542471706277
36191,9649.392246744239
36192,7338.419501764763
36193,7644.3500596741615
36194,5946.081422510705
36195,5307.763183415846
36196,8051.999095345493
36197,6577.629554465491
36198,8512.287165575879
36199,15597.425429670822
36200,7764.075838628803
36201,7419.110733994407
36202,5805.699879752638
36203,6792.185744513164
36204,7695.279376980066
36205,5065.774932364761
36206,6781.261023480495
36207,7757.704079450001
36208,5907.8642523175
36209,15920.04718073593
36210,14376.48139233626
36211,5290.165378959999
36212,7725.595271686138
36213,5813.623709914695
36214,7709.600828166918
36215,6448.376872730958
36216,13326.718067743834
36217,9895.16076442703
36218,9626.541851291091
36219,6186.894310107468
36220,7709.600828166918
36221,5056.47825027635
36222,9188.527893924951
36223,7257.832551336019
36224,6684.584661220678
36225,6031.222137510474
36226,6574.321117262817
36227,9388.409393493705
36228,7728.954614553207
36229,6063.654255733552
36230,7536.211652533222
36231,7655.221734248311
36232,9925.994390623873
36233,5659.886453413669
36234,5768.576179562778
36235,7577.164293818668
36236,11103.622163827167
36237,7658.044492892847
36238,7618.8154131768215
36239,7291.5099301429445
36240,9609.399061056452
36241,5456.210506827798
36242,8774.756303561739
36243,6580.7663114720035
36244,7721.333057905783
36245,14880.103968268177
36246,18001.69889027302
36247,7370.18470840497
36248,7955.927257082174
36249,9185.266928627654
36250,7523.728953758659
36251,7742.9332715574255
36252,6403.864249283466
36253,7477.299340615348
36254,7657.473551692696
36255,7721.333057905783
36256,4898.119618709215
36257,6396.799462993591
36258,5947.937435322661
36259,6459.306426889513
36260,7705.574210922446
36261,5784.122927704456
36262,5721.5220505128955
36263,7579.03714914303
36264,4851.39974096604
36265,5416.568255294816
36266,6078.370839770653
36267,7239.639372196759
36268,7711.50593405362
36269,7972.945604567667
36270,7222.6044423959775
36271,6290.58437994338
36272,7681.935596597426
36273,7807.483897644968
36274,8332.905520121914
36275,6182.623496824855
36276,6398.546440399877
36277,9502.859101133821
36278,7560.612505665748
36279,7605.938023757796
36280,6063.473935225156
36281,6555.29643301294
36282,8640.343950510352
36283,7015.438759636977
36284,6091.372719588048
36285,7736.79081804404
36286,7717.831442365144
36287,11426.786614016166
36288,7795.059369086375
36289,10294.629373323685
36290,4780.104308935525
36291,6324.239767285705
36292,7460.644382290029
36293,5086.491300179758
36294,7344.94536718714
36295,5871.683255196041
36296,6786.147076959446
36297,7740.844966413257
36298,11854.862406344175
36299,10720.071077338513
36300,6018.910591022098
36301,6894.50014784713
36302,8153.6252347467935
36303,7698.315373409083
36304,6721.958792958246
36305,5515.49755777902
36306,7404.261669470289
36307,10553.256620692013
36308,5008.046047663681
36309,7329.163143662619
36310,7726.681345126715
36311,7795.939789894869
36312,8382.059338342478
36313,7677.467085624834
36314,13442.195979533715
36315,7542.012627009935
36316,7677.467085624834
36317,5531.4226104160725
36318,6533.965428826334
36319,6478.244184146064
36320,5818.972608702065
36321,7692.457868245758
36322,5933.88768074626
36323,5435.491485017268
36324,7576.780194269266
36325,7475.420516599937
36326,8203.250042387912
36327,6011.3196448650715
36328,8058.5248168986345
36329,7932.579571873666
36330,6435.847605591691
36331,8339.66184543642
36332,6890.680147660965
36333,6087.107159549858
36334,5528.609775524226
36335,5952.096010962737
36336,11503.685807755432
36337,6408.812597360483
36338,5694.833196077975
36339,8190.234724168851
36340,8596.281877335825
36341,7680.133044559058
36342,7425.891504346914
36343,7690.657646269372
36344,7378.2445384578805
36345,6180.013721927785
36346,6589.875942701366
36347,8910.772927643335
36348,6482.701182646775
36349,6729.9410770041
36350,7587.824664011721
36351,5918.917746599978
36352,5484.0140643075565
36353,6126.832996863153
36354,8209.759833813972
36355,8130.62314939262
36356,7782.430037330399
36357,11668.32878439492
36358,7685.319594732302
36359,7630.5552069909
36360,7662.994898944992
36361,8383.473421416782
36362,7688.810393270925
36363,7800.166912455477
36364,7118.901447744455
36365,8433.76059405112
36366,6197.2837136826865
36367,4208.369019941442
36368,12024.41494884802
36369,6016.421332043584
36370,7246.070713149562
36371,6750.052508913063
36372,3953.194740298869
36373,12248.64319221668
36374,6132.144320474009
36375,7580.608724033826
36376,4841.7381119735755
36377,6479.937182991966
36378,6626.585706237151
36379,8155.192476394939
36380,6529.667112131387
36381,5248.028495630477
36382,5711.917357443083
36383,5834.45300679744
36384,4251.3661087197315
36385,7734.056435580144
36386,17755.255124886957
36387,5725.484456170828
36388,5512.3820861700515
36389,7293.136511322098
36390,5577.598537307527
36391,5752.394644727233
36392,5472.675634881489
36393,5777.893229668081
36394,8452.364015642652
36395,7814.374299316851
36396,5286.401648825084
36397,7734.056435580144
36398,6294.579175552167
36399,5905.748166398703
36400,7734.056435580144
36401,7754.939116239411
36402,10394.945024445611
36403,6864.937909103155
36404,7169.367795298216
36405,5863.573438875557
36406,7004.289624162326
36407,15955.791126889535
36408,10147.933048805593
36409,7628.059834252382
36410,6323.845175487121
36411,5427.647415872281
36412,5979.996127676845
36413,6079.946275469786
36414,8251.262829959795
36415,6415.717456509563
36416,6357.446136077
36417,7440.12200427497
36418,5917.75835399567
36419,7166.3492226211765
36420,7914.885393401009
36421,7633.86250530345
36422,7423.122348894503
36423,5115.980364092203
36424,5990.282081347311
36425,7508.753355716736
36426,9682.448020752907
36427,9334.143493688096
36428,7671.188241284026
36429,5578.794240844383
36430,8391.457565021063
36431,6850.925018301746
36432,4791.531846348311
36433,7609.861267881766
36434,7688.810393270925
36435,7109.601450723904
36436,7601.886172361493
36437,6591.211496716589
36438,8029.736657821123
36439,5955.540395540647
36440,7046.644046768002
36441,7464.956822943082
36442,6427.392021014871
36443,9055.631466150351
36444,7249.090665606361
36445,6222.31139376151
36446,7731.331144319079
36447,7128.681481208374
36448,3888.7835772294948
36449,8581.923732860978
36450,9672.801139293086
36451,11452.448208943199
36452,5845.959926169637
36453,7608.178846781379
36454,6734.109931636681
36455,7331.893663340776
36456,6238.831833222286
36457,8668.96752129612
36458,3610.3832781858628
36459,7308.39044382157
36460,7606.927615742914
36461,6654.779337284012
36462,5961.2033215807205
36463,6956.185049455919
36464,9051.310645909718
36465,7588.667610013521
36466,8976.692973320609
36467,7744.9341853416545
36468,7648.625871183965
36469,5734.685129375135
36470,7125.678532020202
36471,7065.5635544234565
36472,8523.97046918861
36473,9000.46455491608
36474,5526.238528422953
36475,9336.783247096128
36476,8502.297651725728
36477,7721.549816857218
36478,6107.8122566985085
36479,4548.462472277944
36480,6697.8993641832985
36481,7156.842341274645
36482,7648.625871183965
36483,7559.977633695646
36484,7190.533478270858
36485,7916.177960102821
36486,7399.07658673945
36487,7494.764254598351
36488,8929.083876649716
36489,6321.2237677973535
36490,9532.08126176373
36491,11662.310931906444
36492,7900.881082441759
36493,5417.124176168579
36494,6361.543818819698
36495,5287.878441186673
36496,4221.011736313753
36497,8879.263771451328
36498,6127.002095408136
36499,8819.092196717824
36500,5508.158411955955
36501,7955.739160997397
36502,7237.13734956746
36503,10608.555738539126
36504,5439.292372969508
36505,6180.107875246832
36506,6933.072596195105
36507,7587.523717786623
36508,6140.182874800039
36509,7724.944952243256
36510,7681.616377509832
36511,8416.157062798782
36512,8055.10165594107
36513,7677.467085624834
36514,7628.27258392911
36515,6207.981341688155
36516,5374.638121925961
36517,7841.661152182054
36518,10044.554331643356
36519,6749.914436963855
36520,15405.65022348039
36521,6936.819798002838
36522,6521.007864665422
36523,6596.811043106393
36524,7806.985270907139
36525,9028.696307760034
36526,7948.415900858399
36527,7755.784302657757
36528,7781.579215954626
36529,8076.4347305553165
36530,7066.078941067652
36531,6266.384308781341
36532,5993.169554526428
36533,5685.71553985659
36534,4727.954009646014
36535,6397.042953847553
36536,9368.552598640159
36537,17699.66147747038
36538,7666.361136074285
36539,7475.783783475441
36540,8278.77244692113
36541,5119.59190109032
36542,8088.041568110091
36543,4493.294200232673
36544,9544.514987409999
36545,7551.408348199981
36546,7551.408348199981
36547,13794.692776707308
36548,12390.595934094827
36549,6819.33930137679
36550,7713.447244248674
36551,4215.254566412879
36552,7100.603457527411
36553,7473.379236202145
36554,8757.948969919647
36555,5270.466990182991
36556,5472.839403953163
36557,6712.328597563428
36558,6005.477913450307
36559,8633.503768826082
36560,8016.0382840803095
36561,7385.703233620306
36562,7545.112253786526
36563,7961.585823400779
36564,8393.178092634282
36565,6331.994063548664
36566,5558.09024346572
36567,7578.533239844793
36568,5761.666583811142
36569,7661.958376586898
36570,7236.700497514282
36571,5583.671330513611
36572,7868.387013334824
36573,6746.411275658334
36574,5466.921782776725
36575,7058.022305444825
36576,7769.31210389263
36577,8112.1544770886085
36578,8445.35047638295
36579,7580.894744931548
36580,4016.837122532602
36581,6369.29798626541
36582,7402.648670793487
36583,5443.949816014904
36584,7070.74538478594
36585,7773.351935867995
36586,13110.518407272439
36587,8219.295885148347
36588,7560.911087857895
36589,7858.066963008689
36590,4968.151609784652
36591,7650.267658802486
36592,7047.749009796779
36593,14066.246833044868
36594,6988.003683333738
36595,6108.584267860281
36596,5543.133209243188
36597,4791.379269599061
36598,7333.185012847984
36599,17140.514082159454
36600,5039.071277781844
36601,4907.112858555227
36602,10096.329139811894
36603,7189.033212111014
36604,7574.180409431455
36605,7567.189932198703
36606,6534.04820675032
36607,5931.583551666309
36608,5260.101433019333
36609,8338.333762969873
36610,6385.785634835431
36611,7289.490362550511
36612,7756.207619626747
36613,5023.228378398914
36614,7556.728835799792
36615,7493.35043420861
36616,4815.39781372232
36617,8128.729519306846
36618,8015.39155832965
36619,4895.185169727557
36620,7650.615068940808
36621,7131.290774727232
36622,6379.301105949586
36623,9856.930273324024
36624,7570.594318738077
36625,9243.37613415015
36626,6820.1300932347585
36627,5514.279570085541
36628,7763.802456556112
36629,4708.904766165592
36630,7661.958376586898
36631,4615.384606618606
36632,6212.474899530699
36633,6249.022906717828
36634,7567.189932198703
36635,6195.9098112996835
36636,7580.4310588861035
36637,7763.419969051243
36638,8654.20040487645
36639,6352.393204994574
36640,7741.892001985705
36641,7131.452424107836
36642,9317.816115497351
36643,7661.958376586898
36644,7050.424650542637
36645,3834.0117022768814
36646,6356.264501843489
36647,7577.444297441418
36648,5124.801504918747
36649,7580.894744931548
36650,7739.964689761912
36651,7239.577546092041
36652,11209.053845679919
36653,7260.771271106296
36654,5352.517669980447
36655,12312.598052617988
36656,7570.594318738077
36657,7573.799681592376
36658,9462.292979399852
36659,10352.297506477458
36660,6583.402870606667
36661,5856.97144135262
36662,7555.058903732477
36663,6156.636644036334
36664,6484.102545400753
36665,6593.958064535979
36666,5575.3203205588825
36667,6625.306275533112
36668,8069.2412996866715
36669,7257.504311132352
36670,8217.857305402636
36671,7562.884197943338
36672,6969.989205289696
36673,4952.693848508693
36674,8291.767339608046
36675,7856.139340728425
36676,6607.153474692126
36677,6912.423120396394
36678,8298.457582144818
36679,7368.989305843232
36680,7253.172776918196
36681,5641.591248217664
36682,7371.314905898507
36683,7547.273172111838
36684,7565.857780426096
36685,7435.259354811349
36686,4615.777399097994
36687,8165.617904797726
36688,7738.063699490116
36689,7346.87890606077
36690,7935.504670168945
36691,7580.894744931548
36692,7062.0611530836695
36693,5853.173414658727
36694,4519.416623703519
36695,7274.794500346293
36696,7570.594318738077
36697,7261.075580152609
36698,10651.978100214521
36699,8682.455026448552
36700,5717.85906752112
36701,9043.798896337246
36702,4360.517236690678
36703,3653.3891574758663
36704,7137.918061528873
36705,12919.780164012836
36706,8407.913422354508
36707,7609.0503869814775
36708,5752.021692248357
36709,7594.986165067651
36710,9729.140890493325
36711,6680.2238576363225
36712,8601.00931354902
36713,6118.4195497493365
36714,5368.926695144733
36715,5789.4388073497885
36716,7305.255593462187
36717,6672.591708029658
36718,5454.109386560228
36719,6814.895063091177
36720,4615.573558099331
36721,8045.477036397893
36722,7500.662426715484
36723,5968.09550033101
36724,7609.0503869814775
36725,7650.615068940808
36726,6127.241789284283
36727,5600.647038250612
36728,8406.649119288939
36729,8283.525759864955
36730,7132.816948270468
36731,4416.462388664171
36732,13935.833611806644
36733,6778.123958241095
36734,6123.706612262205
36735,9017.101072521386
36736,8511.13188058164
36737,8127.6643440075895
36738,6496.580999001215
36739,7622.256323166399
36740,9847.86526458852
36741,15320.060792429795
36742,5695.298852467359
36743,5479.674947551103
36744,5433.1943657159
36745,7351.180149393206
36746,6657.94876584125
36747,9900.362903927105
36748,9308.097323170285
36749,6748.763897133816
36750,4713.594927934495
36751,7052.346579379939
36752,7945.9430587606885
36753,5869.589329751654
36754,7615.172370223653
36755,4502.084142389302
36756,7806.411410583538
36757,8051.413592749969
36758,8065.068991654128
36759,9216.693193602123
36760,7521.306839941707
36761,5563.996470537171
36762,7628.660159665132
36763,7891.908462928283
36764,8764.648362107273
36765,8161.111929293907
36766,7568.100167935066
36767,7207.578537005452
36768,7542.501200565429
36769,10449.835743283867
36770,4888.120617470815
36771,9582.271243354831
36772,7577.24623469515
36773,5246.239079889284
36774,7197.769093436772
36775,6455.305012624549
36776,8006.3890993567
36777,7387.290400424347
36778,4955.098079357861
36779,4887.323550506202
36780,8016.335925273099
36781,9632.359918389886
36782,10582.583441609035
36783,6050.4446492899915
36784,6584.865790097538
36785,7352.031117981082
36786,6554.279160356525
36787,6067.831561374223
36788,9425.30889765373
36789,7603.524434138352
36790,13377.8461663961
36791,5415.389336619367
36792,6315.889425913258
36793,10470.964523809525
36794,8813.933428999118
36795,6280.678801862642
36796,7742.588412975472
36797,7342.441652998245
36798,6053.342887473033
36799,6362.319440216231
36800,5612.275418347192
36801,5450.700083519722
36802,6959.993254427365
36803,5849.16511452033
36804,5764.257197321508
36805,9492.251269085364
36806,7567.066160961951
36807,23341.996218253957
36808,6820.5906889837615
36809,5015.1654420125205
36810,8298.67594393922
36811,8418.52435035941
36812,6556.8465258008355
36813,7713.869755737539
36814,6487.961496239981
36815,8538.843672949639
36816,7791.356631905428
36817,6223.4651922699195
36818,6412.7585642014055
36819,7683.878364071523
36820,7750.172192648531
36821,7661.904926640304
36822,8688.57960121552
36823,6168.887858067676
36824,5361.583414333631
36825,6721.623749624224
36826,10453.1091382014
36827,11078.141242346408
36828,11365.361319619893
36829,8435.368467838993
36830,5094.031066306593
36831,7547.4516674345305
36832,5575.548518855678
36833,7723.978115909628
36834,14896.482652265486
36835,10149.658569737181
36836,6453.805371681577
36837,5826.938200041393
36838,5011.11495190079
36839,6745.105372407419
36840,12710.113254795377
36841,7369.062980237686
36842,5827.043981467735
36843,5966.017013104828
36844,8477.989673724156
36845,4821.872174020261
36846,7609.875791214336
36847,5891.228872219045
36848,7297.430737960604
36849,7696.21723770576
36850,7742.553698830304
36851,8036.981655590029
36852,6544.007666079199
36853,5426.034875445857
36854,7045.795339648527
36855,7495.725033816241
36856,11932.28515188555
36857,6678.500111174687
36858,9025.929938739364
36859,7709.69220862068
36860,9396.350450383774
36861,7615.697868303122
36862,10900.261963675213
36863,6099.507652447602
36864,5192.677111769244
36865,6948.166665405654
36866,6682.628787727843
36867,8070.871263645083
36868,8223.935366290018
36869,6408.020590336941
36870,7192.500738537619
36871,7106.435984041213
36872,10847.484173992674
36873,5351.344668122678
36874,8235.102728676502
36875,5497.978604602727
36876,6706.09006676114
36877,9431.954022621847
36878,5775.727109313719
36879,7189.755159477665
36880,7163.250867108137
36881,7693.887494179386
36882,5954.203108467661
36883,5932.413786747613
36884,7627.415988223266
36885,7551.254233892837
36886,7955.637057804455
36887,5319.442154492469
36888,7293.836561809394
36889,12873.056971186665
36890,7621.853671175802
36891,5382.526798618305
36892,7560.505352612319
36893,6992.348738647315
36894,6332.978942262207
36895,8013.686241998263
36896,6868.068147834012
36897,7721.904336361714
36898,6588.665889278499
36899,7609.507236207079
36900,6800.384373042108
36901,6159.909996827869
36902,7405.957645802858
36903,6185.820397961498
36904,8308.398106765317
36905,9172.510605977563
36906,5546.629742325349
36907,5446.790234210357
36908,7121.428150180568
36909,6590.370931997107
36910,6344.791025748326
36911,9544.412705958865
36912,7108.837007717538
36913,8320.22720934527
36914,6322.497919652787
36915,5403.667831839743
36916,6992.413693159386
36917,7730.972880307274
36918,8989.759888048233
36919,9191.093816919823
36920,7758.199998697736
36921,6312.608334947132
36922,8307.760842700309
36923,7418.603289438645
36924,8513.56383207758
36925,7759.164998762089
36926,7207.179639235845
36927,7892.6102186718535
36928,8424.99633226344
36929,7706.805023476073
36930,7549.495371149584
36931,7661.637333200371
36932,7904.848962638112
36933,6337.12632358592
36934,5340.349998486734
36935,6181.277602524693
36936,7593.728531378247
36937,7437.638330283823
36938,5867.506263683641
36939,7357.969677127138
36940,7003.031957786161
36941,6664.987466500682
36942,7311.412944538442
36943,7065.554362607276
36944,7565.936373274787
36945,7673.556131485366
36946,7028.871046151868
36947,5949.973602667651
36948,7418.382765618537
36949,7623.461192553618
36950,4447.040819318074
36951,7571.802457993922
36952,5779.843164539344
36953,7810.575317395577
36954,8378.83262143906
36955,6956.3770594691605
36956,11815.041593785172
36957,6675.57135143501
36958,5485.545564382925
36959,12130.951567224269
36960,7461.26152427509
36961,8911.20411710011
36962,7454.613335003487
36963,5584.796104781019
36964,7550.5850624341365
36965,6131.46935758252
36966,9008.927074747748
36967,7900.090308850577
36968,6853.217541003657
36969,3891.4753162456527
36970,7463.212191096071
36971,9950.792016584624
36972,10121.641387008354
36973,7523.220113928754
36974,7866.333416466056
36975,7081.92808850562
36976,5952.933439887441
36977,3869.3765248704894
36978,5669.8184353456045
36979,7539.680236749088
36980,7528.40674351194
36981,7305.722563969479
36982,7204.693313320762
36983,8424.99633226344
36984,9969.565397800507
36985,7660.038173361769
36986,6461.73661164063
36987,7414.611529939512
36988,8622.816528305957
36989,6932.0378910377785
36990,8513.413203327133
36991,6696.1631701698925
36992,6831.689052141385
36993,4995.779377079558
36994,7862.81002116964
36995,5953.7159296762575
36996,7761.773464223177
36997,7732.795585979704
36998,9506.566402993534
36999,8471.020796165414
37000,7523.229216981903
37001,8624.109589375175
37002,20561.972037560627
37003,11852.188620464984
37004,6674.995559484648
37005,3292.206147505989
37006,7030.211996767175
37007,10468.689927287856
37008,6390.715372620238
37009,13196.645919336383
37010,19121.579188052838
37011,4723.513945451222
37012,5787.111243286337
37013,8290.85492163716
37014,5709.068557989344
37015,10728.518343087058
37016,7471.453591077905
37017,7674.7110537253975
37018,4485.714866150215
37019,8067.867222330142
37020,7650.5252882998475
37021,7655.584156889047
37022,10580.649316141671
37023,6287.889876528749
37024,7544.922232989214
37025,7700.655020984551
37026,6119.344002383176
37027,7076.292534927833
37028,8273.505125259018
37029,6521.652997178819
37030,7054.822482324151
37031,7519.513097512914
37032,6965.443819415103
37033,6385.984626277259
37034,8052.603079798677
37035,7362.3528993600785
37036,7819.143641793139
37037,5797.889550024078
37038,7896.566816426486
37039,6020.543589066748
37040,4259.951401395047
37041,10816.489902726269
37042,7484.0668881885995
37043,6613.731153809678
37044,5463.02147922306
37045,9659.698420199162
37046,7404.73611853924
37047,9661.115990590011
37048,7351.554133837704
37049,7644.3500596741615
37050,5952.475747440677
37051,5307.763183415846
37052,8051.999095345493
37053,6577.629554465491
37054,8516.53439128121
37055,15376.910134069181
37056,7764.075838628803
37057,7405.311205026552
37058,5800.249509025628
37059,6800.864762215792
37060,7757.42309526949
37061,5188.186677650408
37062,6804.4681453475
37063,7757.704079450001
37064,6004.7871616800285
37065,18126.293914862912
37066,15160.556252614864
37067,5306.1826877433605
37068,7733.064216206687
37069,5883.377057796931
37070,7709.600828166918
37071,6466.10963463572
37072,13076.217640254656
37073,10007.701837813622
37074,9645.788816178057
37075,6204.652539093982
37076,7709.600828166918
37077,4996.2045586587865
37078,9228.17346869385
37079,7257.832551336019
37080,6691.630252388769
37081,6031.222137510474
37082,6565.164033929482
37083,9388.409393493705
37084,7728.954614553207
37085,6063.654255733552
37086,7536.211652533222
37087,7655.221734248311
37088,11174.215277825824
37089,5712.702518427495
37090,5774.514666089622
37091,7577.164293818668
37092,11473.546773011338
37093,7658.044492892847
37094,7656.280308590315
37095,7963.757127206457
37096,9641.909295900336
37097,5452.217671840203
37098,8763.04369839355
37099,6580.7663114720035
37100,7721.333057905783
37101,17347.12573627531
37102,18568.419343483336
37103,7370.18470840497
37104,7988.183496394669
37105,9199.142528664568
37106,7523.728953758659
37107,7742.9332715574255
37108,6410.218978151092
37109,7477.299340615348
37110,7657.473551692696
37111,7721.333057905783
37112,4898.119618709215
37113,6800.243228684552
37114,5947.937435322661
37115,6459.306426889513
37116,7705.574210922446
37117,5850.535735285439
37118,5721.5220505128955
37119,7579.03714914303
37120,4851.39974096604
37121,5416.098239088589
37122,6078.370839770653
37123,7274.781169402792
37124,7711.50593405362
37125,7972.945604567667
37126,7222.6044423959775
37127,6301.817754943381
37128,7681.935596597426
37129,7807.483897644968
37130,8433.625785795964
37131,6240.999682193128
37132,6325.277409645909
37133,9502.859101133821
37134,7560.612505665748
37135,7605.938023757796
37136,6063.473935225156
37137,6705.015270963348
37138,8741.576353357073
37139,7016.453422305919
37140,6087.8857682913995
37141,7736.79081804404
37142,7717.831442365144
37143,11565.85327683337
37144,7795.059369086375
37145,10283.995829283691
37146,4836.408168157859
37147,6357.289660305848
37148,7468.193393279039
37149,5070.519280948989
37150,7344.94536718714
37151,5961.879146903126
37152,6786.147076959446
37153,7740.844966413257
37154,12766.614804364217
37155,9140.742951977758
37156,6018.910591022098
37157,6894.50014784713
37158,8153.6252347467935
37159,7698.315373409083
37160,6825.79275520475
37161,5515.49755777902
37162,7404.261669470289
37163,10685.11841065044
37164,5117.0614851088085
37165,7329.163143662619
37166,7726.681345126715
37167,7795.939789894869
37168,8382.059338342478
37169,7677.467085624834
37170,14194.207971809654
37171,7555.206273842899
37172,7677.467085624834
37173,5513.28743983979
37174,6584.49973854715
37175,6484.662154302503
37176,5818.972608702065
37177,7692.457868245758
37178,5933.88768074626
37179,5435.491485017268
37180,7576.780194269266
37181,7475.420516599937
37182,8223.988190660555
37183,6011.3196448650715
37184,8072.02759520771
37185,7932.579571873666
37186,6435.847605591691
37187,8339.66184543642
37188,6971.78900265418
37189,6087.107159549858
37190,5528.609775524226
37191,6419.283652567841
37192,11601.705008688834
37193,6415.9558847596145
37194,5707.683086083045
37195,8655.341952096232
37196,8596.281877335825
37197,7687.601989079607
37198,7425.891504346914
37199,7690.657646269372
37200,7378.2445384578805
37201,6207.190503213555
37202,6589.875942701366
37203,8910.772927643335
37204,6946.98283325339
37205,6729.9410770041
37206,7587.824664011721
37207,5918.917746599978
37208,5484.0140643075565
37209,5650.119481339011
37210,8199.761033577566
37211,8130.62314939262
37212,7782.430037330399
37213,12267.836920034055
37214,7685.319594732302
37215,7630.5552069909
37216,7662.994898944992
37217,8392.754360369836
37218,7688.810393270925
37219,7800.166912455477
37220,7118.901447744455
37221,8433.76059405112
37222,6197.2837136826865
37223,4208.369019941442
37224,12010.139109549062
37225,6016.421332043584
37226,7278.874541985509
37227,6768.579361377568
37228,4056.0581032760965
37229,12927.428131818995
37230,6183.884511009632
37231,7580.608724033826
37232,4858.025558529654
37233,6900.417305693844
37234,6626.585706237151
37235,8488.051406567829
37236,6525.855497959428
37237,5248.028495630477
37238,5754.330449343473
37239,6040.742603260401
37240,4246.049386583213
37241,7734.056435580144
37242,18047.22508127779
37243,5881.50273640144
37244,5512.3820861700515
37245,7955.241208135637
37246,5577.598537307527
37247,5777.996609492098
37248,5472.675634881489
37249,5956.766644885879
37250,8357.064523579162
37251,7806.406474988401
37252,5291.318798930792
37253,7734.056435580144
37254,6300.997145708605
37255,5905.748166398703
37256,7734.056435580144
37257,7754.939116239411
37258,10432.063227434903
37259,6881.419817649786
37260,7232.048279708587
37261,5880.390146639748
37262,7004.289624162326
37263,17967.464765851146
37264,10062.263793764667
37265,7628.059834252382
37266,6458.0070876716845
37267,5427.647415872281
37268,5979.996127676845
37269,6079.946275469786
37270,8251.262829959795
37271,6466.6111476593405
37272,6404.32819213501
37273,7474.399042573117
37274,5917.75835399567
37275,7178.848591359702
37276,8072.7611492662445
37277,7633.86250530345
37278,7422.774967942125
37279,5263.39638698761
37280,6197.177825509361
37281,7487.154096376449
37282,9927.30315748049
37283,9730.755886104982
37284,7671.188241284026
37285,5596.043467276837
37286,8382.48304531097
37287,7036.704730999984
37288,4791.531846348311
37289,7691.182308643134
37290,7688.810393270925
37291,7139.070994049038
37292,7601.886172361493
37293,6610.2961717565195
37294,7968.015703129346
37295,5955.540395540647
37296,7046.644046768002
37297,7465.720486159614
37298,6438.107615120078
37299,9055.631466150351
37300,7249.090665606361
37301,6222.31139376151
37302,7731.331144319079
37303,7268.451401745435
37304,4313.2145922842765
37305,8579.466838921584
37306,9744.093005428005
37307,11482.575618236384
37308,5853.990910844182
37309,7608.178846781379
37310,6758.819741603374
37311,7331.893663340776
37312,6236.949391497345
37313,8692.981251089715
37314,3602.9492464949303
37315,7613.305125949491
37316,7606.927615742914
37317,6681.96733421399
37318,5985.2873525967625
37319,6956.185049455919
37320,9110.75715706308
37321,7588.667610013521
37322,9179.266256626466
37323,7845.854975264435
37324,7648.625871183965
37325,5787.804580391429
37326,7152.57896760123
37327,7069.031887756789
37328,8591.633727761442
37329,9696.55270636583
37330,5216.177681739501
37331,9662.33538619387
37332,8502.297651725728
37333,7816.907787997726
37334,6128.479245020525
37335,4612.339109215958
37336,6697.8993641832985
37337,7166.221872162676
37338,7648.625871183965
37339,7493.742762816119
37340,7190.533478270858
37341,7916.177960102821
37342,7464.011236947216
37343,7673.6155033342275
37344,9066.009854234075
37345,6331.93936190256
37346,9647.665211684023
37347,11878.381126731558
37348,7900.881082441759
37349,5417.124176168579
37350,6393.503926480932
37351,5310.903523381019
37352,4238.948791501448
37353,9097.869349034692
37354,6217.739482652146
37355,8819.092196717824
37356,5513.691173082185
37357,7990.943494555824
37358,7232.964740581465
37359,11808.17186957261
37360,5439.292372969508
37361,6185.584308809823
37362,7077.887454115478
37363,7587.523717786623
37364,6151.793641016611
37365,7884.438795954137
37366,7681.616377509832
37367,8445.636599364743
37368,8055.10165594107
37369,7677.467085624834
37370,7628.27258392911
37371,6207.981341688155
37372,5378.867158321011
37373,7841.661152182054
37374,10505.22785656015
37375,6749.914436963855
37376,15897.987037116696
37377,6973.56351110273
37378,6527.687138486557
37379,6789.278446944785
37380,7806.985270907139
37381,9028.696307760034
37382,7948.415900858399
37383,7755.784302657757
37384,7781.579215954626
37385,8144.55501532431
37386,7133.227080767675
37387,6287.628822337367
37388,6068.655554426191
37389,5685.71553985659
37390,4794.340415566974
37391,6397.042953847553
37392,9842.839721754748
37393,18800.34125552381
37394,7666.361136074285
37395,7475.783783475441
37396,8571.124075583397
37397,4960.462406316301
37398,8088.041568110091
37399,4685.495692248892
37400,9506.079966724023
37401,7551.408348199981
37402,7551.408348199981
37403,13825.96054114536
37404,12760.29542071931
37405,7001.960962357867
37406,7713.447244248674
37407,4215.254566412879
37408,7100.603457527411
37409,7473.379236202145
37410,8778.727122969487
37411,5279.974939450881
37412,5254.800743780004
37413,6860.585435278624
37414,6005.477913450307
37415,8833.878414658371
37416,8016.0382840803095
37417,7385.703233620306
37418,7545.112253786526
37419,7961.585823400779
37420,8535.382308373832
37421,6331.994063548664
37422,5822.5473300875
37423,7578.533239844793
37424,5772.949540878051
37425,7661.958376586898
37426,7236.700497514282
37427,5578.0937748602355
37428,7868.387013334824
37429,6952.990190177636
37430,5466.921782776725
37431,7089.761864968634
37432,8014.742673287014
37433,8112.1544770886085
37434,8445.35047638295
37435,7580.894744931548
37436,4026.263456105355
37437,6369.29798626541
37438,7300.728818316379
37439,5443.949816014904
37440,7127.254023714286
37441,7773.351935867995
37442,13166.512742266568
37443,8337.832850514773
37444,7560.911087857895
37445,7858.066963008689
37446,5013.311994572221
37447,7650.267658802486
37448,7044.622931365407
37449,14357.118129207896
37450,6997.031672354388
37451,6199.943377958678
37452,6004.0412150930115
37453,4794.877118436271
37454,7333.185012847984
37455,17140.514082159454
37456,5068.239272903937
37457,4980.350762117427
37458,10163.408097078323
37459,7436.624163110575
37460,7617.537983020238
37461,7567.189932198703
37462,6612.486041581427
37463,5938.194214188015
37464,5264.330469414381
37465,8338.333762969873
37466,6385.785634835431
37467,7289.490362550511
37468,7845.80882730342
37469,5084.97566159664
37470,7556.728835799792
37471,7493.35043420861
37472,4766.965960135608
37473,8128.729519306846
37474,8015.39155832965
37475,4981.915078813229
37476,7650.615068940808
37477,7131.290774727232
37478,6379.301105949586
37479,9858.727315262438
37480,7570.594318738077
37481,9313.167410420188
37482,6820.1300932347585
37483,5964.458976026474
37484,7763.802456556112
37485,4708.904766165592
37486,7661.958376586898
37487,5214.617041463428
37488,6571.881724569548
37489,6249.022906717828
37490,7567.189932198703
37491,6204.444405894278
37492,7580.4310588861035
37493,7788.309706319936
37494,8665.044755302712
37495,6352.393204994574
37496,7831.173667082705
37497,7222.482758189838
37498,9457.323549653958
37499,7661.958376586898
37500,7039.917357963081
37501,3866.9945620885846
37502,6356.264501843489
37503,7577.444297441418
37504,5438.864146694109
37505,7580.894744931548
37506,7739.964689761912
37507,7532.829166230262
37508,11265.114255239316
37509,7323.355795047208
37510,5352.517669980447
37511,12426.643500878492
37512,7570.594318738077
37513,7573.799681592376
37514,9523.945138046109
37515,10004.480501558613
37516,6567.087870606667
37517,5914.090533482377
37518,7555.058903732477
37519,6156.636644036334
37520,6508.287239706298
37521,6593.958064535979
37522,5575.3203205588825
37523,6642.486024879315
37524,8069.2412996866715
37525,7276.5845703658015
37526,8217.857305402636
37527,7562.884197943338
37528,6985.345606594277
37529,4952.693848508693
37530,8320.884658897783
37531,7856.139340728425
37532,6607.153474692126
37533,6912.423120396394
37534,8326.45055588874
37535,7368.989305843232
37536,7253.172776918196
37537,5663.760495087868
37538,7371.314905898507
37539,7547.273172111838
37540,7565.857780426096
37541,7435.259354811349
37542,4700.174766693059
37543,9225.691643051032
37544,7770.4112119839465
37545,7346.87890606077
37546,7935.504670168945
37547,7580.894744931548
37548,8681.829713854015
37549,6139.246937805222
37550,4551.323202711424
37551,7300.824141566374
37552,7570.594318738077
37553,7403.832164183076
37554,10750.692141120773
37555,10315.720413819965
37556,5721.227795103146
37557,9049.02625936019
37558,4870.950400146848
37559,3651.4933484877706
37560,7247.1078975482915
37561,13218.658171288143
37562,8407.913422354508
37563,7609.0503869814775
37564,5752.021692248357
37565,7594.986165067651
37566,10393.85412596244
37567,6712.775497137865
37568,8578.082873067653
37569,6367.756703328246
37570,5425.921254936836
37571,5799.291391723487
37572,7305.255593462187
37573,6672.591708029658
37574,5457.822622490964
37575,6806.520070317663
37576,4678.895181287721
37577,8054.076407170063
37578,7565.244703770166
37579,5978.917936562894
37580,7609.0503869814775
37581,7650.615068940808
37582,6250.77722190009
37583,5610.4222774812215
37584,8406.649119288939
37585,8318.281659592936
37586,6908.077277612975
37587,4630.783830894695
37588,14245.650718228
37589,6745.923444294291
37590,6239.177197243986
37591,9017.101072521386
37592,9218.775335694569
37593,8134.833564051161
37594,6496.580999001215
37595,7642.839498777166
37596,10280.806778103331
37597,15969.432861111116
37598,5755.318938358371
37599,5491.578269727725
37600,5433.1943657159
37601,7397.796744054025
37602,6657.94876584125
37603,10917.988147444148
37604,9419.990039053964
37605,6839.857959821096
37606,4734.886073434832
37607,7133.513407385268
37608,7945.9430587606885
37609,5887.977791671038
37610,7615.172370223653
37611,4503.958795167079
37612,7903.619275297731
37613,8164.750283352501
37614,8065.068991654128
37615,9244.27266248804
37616,7521.306839941707
37617,5563.996470537171
37618,7628.660159665132
37619,8276.506289749019
37620,8764.648362107273
37621,8161.111929293907
37622,7568.100167935066
37623,7200.3245000312545
37624,7542.501200565429
37625,10767.0905410287
37626,4991.638360819834
37627,9582.271243354831
37628,7562.089806123721
37629,5246.239079889284
37630,7525.954918070723
37631,6455.305012624549
37632,8018.577833050052
37633,7394.759344944896
37634,4924.685007929289
37635,5009.8866837049845
37636,8016.335925273099
37637,9958.249828060825
37638,10761.067364158314
37639,6068.790366529096
37640,6588.935646422275
37641,7544.879458728218
37642,6554.279160356525
37643,6095.290078934482
37644,9425.30889765373
37645,7603.524434138352
37646,13189.854388618325
37647,5424.836594195122
37648,6542.678393183739
37649,10609.411071428573
37650,8980.236138483624
37651,6280.678801862642
37652,7742.588412975472
37653,7505.473484031626
37654,6071.688604712137
37655,6193.348606882896
37656,5918.2124923759675
37657,5461.507511285142
37658,6973.908530667708
37659,5878.244847250941
37660,5756.840699153009
37661,9526.254077328862
37662,7567.066160961951
37663,23997.19747222222
37664,6859.073855650428
37665,5635.156928806642
37666,8912.563197379686
37667,10037.072515357173
37668,6942.32764422881
37669,7943.709787801986
37670,6788.348897085393
37671,8603.033875600144
37672,7791.356631905428
37673,6240.535588819341
37674,6585.369735407881
37675,7683.878364071523
37676,8451.091044014014
37677,7719.004689084271
37678,8719.206109676057
37679,6844.625035860138
37680,5411.0919240432295
37681,6817.914718938393
37682,10659.40375202806
37683,12319.124183760989
37684,12654.676877428254
37685,8441.549015596545
37686,6094.57159126984
37687,7052.4848675625735
37688,5647.344459454089
37689,8805.165418365157
37690,15281.085182475419
37691,10391.01433800398
37692,7024.5192990991
37693,6438.54534910351
37694,5239.604252330143
37695,6745.105372407419
37696,12571.817030758873
37697,7369.062980237686
37698,5630.8662817155555
37699,6114.498590855865
37700,8519.245251257806
37701,4965.539224289297
37702,7659.105013610553
37703,6047.279317903432
37704,7297.430737960604
37705,7702.00496439797
37706,7184.118465153625
37707,8042.723678846699
37708,6544.007666079199
37709,5511.271684505803
37710,7681.749614505365
37711,7534.209391422199
37712,12582.13142918813
37713,6683.481220319908
37714,9927.091892948929
37715,7808.607801352093
37716,9962.899909252412
37717,7712.935944111079
37718,11092.817857142856
37719,6491.146649014609
37720,6158.326597531647
37721,8161.47132423778
37722,6424.304039044848
37723,9068.399113612908
37724,8310.582098024835
37725,6728.034318101315
37726,7460.702943495877
37727,7137.913832949363
37728,11037.3365
37729,4996.465191738753
37730,11954.256512088212
37731,5987.565283096995
37732,6802.245670756145
37733,10412.10737064489
37734,5965.1634981398765
37735,7801.933462144675
37736,7447.543872420734
37737,8109.30645261038
37738,5986.491316450854
37739,5934.725921093835
37740,8081.269948238859
37741,7558.377839953443
37742,8739.643277254478
37743,5535.728484360263
37744,7867.763197873726
37745,11421.695030408255
37746,7500.399463766758
37747,5172.155051373254
37748,7560.505352612319
37749,7405.002364175085
37750,6765.205928630752
37751,8019.428265254933
37752,6590.448464206615
37753,8115.877384779376
37754,7217.754896783868
37755,7817.494444219005
37756,7623.603277931942
37757,5806.722791385898
37758,7448.702060988022
37759,6317.992815302087
37760,8389.391797781487
37761,9205.892690686489
37762,5593.078562692399
37763,5762.7845765775955
37764,7121.428150180568
37765,6607.691485610161
37766,6346.402043827023
37767,9557.13757699026
37768,7129.117592205188
37769,8528.816518289626
37770,6344.615712063972
37771,5547.193165676053
37772,7521.556146506857
37773,8024.665767176462
37774,9319.595902792214
37775,9389.532356616886
37776,8169.66359786696
37777,6312.608334947132
37778,8905.024920510135
37779,8048.232705346812
37780,9233.840900622286
37781,8366.489940784708
37782,7207.179639235845
37783,9033.275068489995
37784,8424.99633226344
37785,8327.103873558559
37786,7474.631365301344
37787,7860.517687292262
37788,7904.848962638112
37789,6358.569380175875
37790,5340.349998486734
37791,6274.072988755802
37792,8494.263484425399
37793,7521.399592222894
37794,5993.748982221092
37795,8783.186029248349
37796,7420.003410014088
37797,6664.987466500682
37798,7142.918166771443
37799,7262.9615130006405
37800,8252.040514934468
37801,7942.930622760507
37802,7199.8551328844005
37803,6161.914875465673
37804,7442.292128021342
37805,7977.006248320161
37806,4639.4909956114025
37807,7934.387443680661
37808,5790.644419658929
37809,8905.480916172359
37810,8706.626101283495
37811,7074.054099134106
37812,11839.071124088205
37813,6922.611066000507
37814,5436.076668033506
37815,12543.137318931618
37816,7768.837356350163
37817,8911.20411710011
37818,8269.188481382433
37819,5964.1338810897605
37820,7208.222860924984
37821,6134.156754736755
37822,9197.07193851021
37823,10924.295159883546
37824,6853.217541003657
37825,4050.904468184234
37826,6616.49281911618
37827,10333.401565734
37828,10664.923187960907
37829,7893.409395809568
37830,8687.492994500695
37831,6248.78988261158
37832,6202.921783045316
37833,4460.789082887941
37834,6103.971464153072
37835,6944.12702981279
37836,7548.336512890543
37837,8470.315832802928
37838,7771.788858328061
37839,8424.99633226344
37840,10018.02958187161
37841,7779.94605158637
37842,6476.636229082338
37843,8785.606798703415
37844,11403.879807585014
37845,7058.900245690655
37846,9374.060236289537
37847,6400.971543774318
37848,7060.374782605239
37849,5005.589186390337
37850,8620.288777398995
37851,6100.681088112986
37852,8760.110492145322
37853,7884.503495717236
37854,10045.246872817152
37855,8750.974357133811
37856,6755.906178895903
37857,8634.754118991901
37858,21931.71276017564
37859,13046.302633729414
37860,8011.150798591592
37861,3666.1197682881198
37862,7035.857968869562
37863,11148.399969609025
37864,6700.335467948719
37865,13401.394609812574
37866,19564.946389869485
37867,4848.806171144328
37868,6431.11672687346
37869,8650.63216223444
37870,6108.952486791985
37871,12313.046111566386
37872,7826.110642519109
37873,8151.043935294937
37874,4553.600532816882
37875,8131.149255733834
37876,7656.23603343511
37877,7646.434069201586
37878,10601.757031631898
37879,6369.1545907495465
37880,6897.45946386496
37881,8010.28043835526
37882,6740.9145459168485
37883,7269.774879972985
37884,8415.465303561348
37885,6553.409486824281
37886,6864.646730265155
37887,8147.7736986404625
37888,7314.6872093272605
37889,6613.0683812706475
37890,8731.519759845058
37891,8218.881832842657
37892,8319.536934706552
37893,6549.394015380959
37894,8499.21835851813
37895,6277.843251424501
37896,4383.646599539074
37897,11003.045845293454
37898,8087.26391231174
37899,6718.511616705708
37900,5482.938219385374
37901,9972.34922576281
37902,7526.779460283089
37903,9695.96972891698
37904,7612.3023318746455
37905,7391.12040209372
37906,5957.176637627593
37907,5135.724325079949
37908,9765.989901346155
37909,6577.629554465491
37910,8537.357072426292
37911,16531.407816975276
37912,7764.075838628803
37913,7468.718387749599
37914,5800.249509025628
37915,6540.282150535395
37916,7798.45949784234
37917,5216.059274925636
37918,7061.83802169409
37919,9113.46125302142
37920,6079.384552718879
37921,19699.875428571428
37922,17584.735583333335
37923,5359.12960183
37924,7740.083655453706
37925,6075.931635538647
37926,7960.673675217207
37927,6660.387147935544
37928,12891.147056125546
37929,9997.585671146955
37930,11029.242551159079
37931,6384.3747259050615
37932,8003.854453011083
37933,4996.2045586587865
37934,9598.99683706572
37935,7363.47210780097
37936,6733.070489459168
37937,6031.222137510474
37938,6565.497600182072
37939,8511.586327926661
37940,8800.830317240894
37941,6063.654255733552
37942,9442.044477734888
37943,7540.26823875419
37944,11712.888776437685
37945,5893.452883517572
37946,5804.179380985951
37947,7145.499301175367
37948,11778.543067723282
37949,7631.511767728986
37950,7669.713021125499
37951,8138.067416546298
37952,9661.524024461998
37953,5452.217671840203
37954,9873.70900429615
37955,7811.667993139869
37956,7017.432194230057
37957,17522.81147523134
37958,18582.484512369752
37959,7959.63680629266
37960,7998.216384450818
37961,10765.19804714625
37962,10260.726822544086
37963,8694.311942376502
37964,6728.267742564561
37965,8368.419209073203
37966,7769.887657147874
37967,8440.37939402348
37968,6364.425484588843
37969,7872.853445622843
37970,5947.937435322661
37971,6466.700589113665
37972,8435.264676879491
37973,6057.753140408108
37974,5726.058819357223
37975,7579.03714914303
37976,4851.39974096604
37977,5439.321931553629
37978,6083.199839770652
37979,7490.256985621516
37980,8377.45988877363
37981,7972.945604567667
37982,7385.146143693177
37983,6301.817754943381
37984,7786.070480694703
37985,8493.595067992343
37986,9132.353455837701
37987,6597.604170503094
37988,6327.763608363857
37989,9502.859101133821
37990,7450.5059065048645
37991,7605.938023757796
37992,4971.168608581112
37993,6960.032007558338
37994,9628.979477882578
37995,7062.915125486287
37996,6098.498876498337
37997,8021.318826578495
37998,8031.561069796183
37999,12773.338478805648
38000,7928.505301900428
38001,10143.691437473748
38002,5312.880656682918
38003,6392.155007180775
38004,7155.919515980017
38005,5072.192330542458
38006,7563.980985550018
38007,6307.700054003415
38008,6592.356947974651
38009,7980.855134391782
38010,13812.594485235817
38011,9489.33293394024
38012,6018.910591022098
38013,7076.219907615998
38014,8339.723489842354
38015,7960.4544703460015
38016,7881.026696711624
38017,5515.49755777902
38018,7795.950875994437
38019,11592.698459595316
38020,5125.469656373216
38021,7834.828478075871
38022,7977.985920848973
38023,8039.968335154351
38024,8671.332691023003
38025,7873.383545998421
38026,14908.377204963535
38027,7541.525604394015
38028,7956.722047988583
38029,5686.978997408823
38030,7061.947015302822
38031,6603.730055263537
38032,5818.972608702065
38033,7974.701837055586
38034,5933.88768074626
38035,5440.1201881194565
38036,7580.784014299549
38037,7411.4682971073535
38038,8604.95940415865
38039,6011.3196448650715
38040,8093.630176710338
38041,7932.579571873666
38042,6435.847605591691
38043,8948.986695278045
38044,7145.669048571866
38045,6087.107159549858
38046,5528.609775524226
38047,6675.986676822991
38048,12489.044792124543
38049,7205.32529516649
38050,5867.782773365675
38051,8665.645241434586
38052,8615.480452215053
38053,7694.621428326625
38054,7454.951002112764
38055,7973.228810350276
38056,6613.9953457070715
38057,6232.502850060774
38058,6604.938867423738
38059,8910.772927643335
38060,8078.509750729492
38061,7400.008813208368
38062,7587.824664011721
38063,5918.917746599978
38064,5488.043407256274
38065,6017.0817877444215
38066,8190.47634431203
38067,8400.745923229479
38068,8087.821584357028
38069,13211.605256338871
38070,8022.363782266787
38071,7950.418586735712
38072,7963.76625901736
38073,8563.859178556708
38074,7971.381557351827
38075,7817.2279679676
38076,7687.839572302402
38077,8471.043769966871
38078,6224.461013437395
38079,4859.521118696029
38080,12235.855671587684
38081,6016.421332043584
38082,7747.868228369739
38083,7077.625868355249
38084,4625.358948463105
38085,13695.604886104746
38086,6257.947059301033
38087,7934.705774358541
38088,5332.838451679026
38089,7213.917491138838
38090,7958.578363882171
38091,8616.70209610632
38092,6525.855497959428
38093,6226.35157718359
38094,5829.555849618101
38095,6135.590822411767
38096,5935.017993623029
38097,8105.430420866311
38098,18761.40581912926
38099,6140.75622969941
38100,5512.3820861700515
38101,8444.163840870422
38102,5577.598537307527
38103,5960.056105536196
38104,5472.675634881489
38105,6172.764140285538
38106,8496.556846678577
38107,7844.385329536632
38108,5327.651621669223
38109,8175.06044128659
38110,6384.837415207381
38111,5911.855297140152
38112,8094.639742445012
38113,8151.170404768053
38114,10828.564135367924
38115,8055.128499311714
38116,7655.630942785428
38117,5885.262828315111
38118,6289.924454749307
38119,17776.91930496857
38120,9973.988846359798
38121,7984.912994323177
38122,6680.4120844475065
38123,5427.647415872281
38124,5979.996127676845
38125,6037.065587663338
38126,8344.356195912398
38127,6708.196639777781
38128,6842.580760838712
38129,7537.279720073873
38130,5921.577413479396
38131,7261.742325796625
38132,9088.875402582617
38133,8084.758204852319
38134,7441.473003415374
38135,5751.754449886987
38136,6280.612916231017
38137,7487.154096376449
38138,10919.470197248911
38139,10117.600289196398
38140,7954.175626005194
38141,5790.235298507257
38142,8382.48304531097
38143,7412.8377559464
38144,5254.428679904884
38145,7818.1405244076905
38146,7971.381557351827
38147,7552.276631771864
38148,7951.10857367836
38149,7258.974670506221
38150,7968.015703129346
38151,5955.540395540647
38152,7683.83220976742
38153,7493.766045424122
38154,6816.558370330417
38155,9055.631466150351
38156,7683.620493396762
38157,7517.513676469068
38158,8028.204771347565
38159,7455.7937399793855
38160,4426.646772170968
38161,9117.276990882896
38162,9779.16330950639
38163,12947.752878693542
38164,6151.315100746537
38165,7931.949513089936
38166,6994.763168758374
38167,7694.624333626514
38168,6647.581189227291
38169,8742.531574928122
38170,3640.9639411972125
38171,7698.9163213595575
38172,7606.927615742914
38173,7442.782739050635
38174,5996.893981423013
38175,7932.437919358929
38176,10104.74533746032
38177,7943.224578756307
38178,10422.37605435678
38179,7906.361395739633
38180,8294.661332265365
38181,5648.495985324063
38182,7430.814656303288
38183,7184.805855696299
38184,8628.55692026579
38185,10135.284187790749
38186,5283.70807187505
38187,10112.685333333333
38188,8595.32088704208
38189,7909.62901104421
38190,6382.948510604313
38191,4961.2267044585915
38192,6705.022970243905
38193,7596.393320095503
38194,8225.115562551317
38195,8099.489226886046
38196,7568.596946421936
38197,7923.348110042844
38198,8155.9431505876
38199,9073.234946862991
38200,9361.467010788765
38201,6595.087130022406
38202,9707.927095448491
38203,11894.289836033882
38204,8660.97727255894
38205,5421.752879270768
38206,6664.371253299489
38207,5251.079321161553
38208,5295.911869406847
38209,9309.908201956798
38210,6310.544595879633
38211,9331.22255176298
38212,5531.983632600804
38213,8217.349561322624
38214,7393.843324082584
38215,11637.90785469879
38216,5439.292372969508
38217,6235.461400799466
38218,7399.849697133714
38219,8786.434537049145
38220,6119.928879111849
38221,7897.22108239313
38222,7681.616377509832
38223,8911.309397944473
38224,8055.10165594107
38225,8037.497720835897
38226,8038.275494507975
38227,6133.9361135467825
38228,5382.371244654862
38229,8202.738561839064
38230,11010.049353616727
38231,7451.5779019157835
38232,17252.24037422279
38233,7560.21692403354
38234,6522.974079467839
38235,7886.290280608237
38236,8144.209697483537
38237,9062.028371835479
38238,8291.84867210289
38239,8115.8149378688195
38240,8150.829326503368
38241,8482.642571549279
38242,7148.330802963724
38243,6338.882272855105
38244,6417.8197774149485
38245,5685.71553985659
38246,6103.584586697489
38247,6482.493721129709
38248,10241.38772847937
38249,19076.30474684874
38250,7982.5218441357765
38251,7915.356473690761
38252,8801.216224427957
38253,4747.829241525416
38254,8275.483012066434
38255,4641.370862442984
38256,10235.886069551467
38257,7894.593835812578
38258,7911.99886157846
38259,13643.986337808803
38260,13342.032887898866
38261,7480.212206792372
38262,8090.633068911105
38263,4314.575322333916
38264,7516.549943298804
38265,6983.837171887566
38266,8778.727122969487
38267,5335.689174518341
38268,5063.090490495931
38269,7527.4632072917675
38270,6005.477913450307
38271,9445.023581250625
38272,8016.0382840803095
38273,7400.065539655455
38274,7667.582888467552
38275,8100.170991042356
38276,9138.176408759722
38277,6862.029836934609
38278,5883.697837254599
38279,7923.96591326016
38280,5849.903310689132
38281,8128.080004644363
38282,6568.482291340329
38283,6507.716985254718
38284,7868.387013334824
38285,7114.849783906717
38286,5466.921782776725
38287,7036.198306345651
38288,8491.239553244042
38289,8290.224766377893
38290,9231.315499819937
38291,7786.981894098543
38292,4249.536687379935
38293,6628.159124190372
38294,7311.268842125903
38295,6227.90111409382
38296,7328.681565501303
38297,7392.650180531047
38298,13374.84798629748
38299,8681.963228392206
38300,7781.073317232887
38301,8156.643989193393
38302,5449.57467518154
38303,7833.764952543014
38304,7479.129741568713
38305,16623.613102347084
38306,7148.059410073864
38307,6280.097226428113
38308,6344.678056710524
38309,6254.79029276136
38310,8018.415027557819
38311,18821.959178787678
38312,5078.484765600187
38313,5037.850098700346
38314,11074.841904754612
38315,7772.147748053747
38316,7681.467886273873
38317,7777.50939919277
38318,6724.1437482865695
38319,5968.850788981616
38320,5317.483580629944
38321,8479.134011754764
38322,6495.840765649788
38323,7753.830716567081
38324,7880.52288456345
38325,5250.179612994818
38326,7787.080864109576
38327,7721.046777340834
38328,4684.564276803399
38329,8162.011302121819
38330,8185.665242705298
38331,5040.886991244914
38332,7949.922377772359
38333,7131.290774727232
38334,6755.7772612948265
38335,9879.452159219103
38336,7697.7046826355245
38337,9412.710376745737
38338,7283.656727121067
38339,6336.929881609897
38340,7628.473552757077
38341,4732.941935123383
38342,7836.465876988772
38343,5542.822516483517
38344,6841.9271638382625
38345,6833.684384614348
38346,7694.300296096149
38347,7072.246637663824
38348,7746.661604288695
38349,8413.771449063732
38350,8756.110767703593
38351,6368.948212020178
38352,8085.255288492144
38353,7578.53664586248
38354,9850.374958732711
38355,7940.228835598315
38356,7389.405486154632
38357,3900.582355127052
38358,6470.919054931289
38359,7883.845214912855
38360,5554.276113291894
38361,8027.341785036334
38362,7739.964689761912
38363,8493.737308633607
38364,11293.33258909548
38365,7659.054323108909
38366,5409.693508014729
38367,12810.828866090287
38368,7890.20345857509
38369,7733.5357002492165
38370,10431.310806232115
38371,11504.93588543578
38372,6557.092888937714
38373,6634.042193407925
38374,7729.156735787414
38375,6250.298438402625
38376,6575.727024903646
38377,7149.357240498685
38378,5604.162269758931
38379,6767.282257188443
38380,8069.2412996866715
38381,7736.5992000175265
38382,8217.857305402636
38383,7800.056999166202
38384,7532.2869151679515
38385,4952.693848508693
38386,8813.526401978272
38387,7856.139340728425
38388,7126.235560393421
38389,7838.195712571327
38390,8326.119556806634
38391,8045.847887650479
38392,7507.640999984361
38393,5707.061246101802
38394,7371.314905898507
38395,7772.245532333401
38396,8374.004033576404
38397,7580.090442170638
38398,5061.808587331762
38399,9012.214663156834
38400,7798.718598740246
38401,7782.011016627604
38402,7972.505025764344
38403,7836.544598239614
38404,8737.54093436575
38405,6221.588103799674
38406,4608.683161512354
38407,7594.692325184493
38408,7775.586350962618
38409,8627.568087453965
38410,11214.767775356038
38411,10404.085400519265
38412,5952.922707095085
38413,9142.103257409566
38414,4925.709755375244
38415,4027.1791534725744
38416,7313.211271355823
38417,13876.627824674159
38418,8407.913422354508
38419,7820.704218977903
38420,5857.9050456784
38421,7903.197778857351
38422,10985.970698055437
38423,6993.845280962956
38424,8578.082873067653
38425,6625.328815612458
38426,6048.797376512272
38427,5932.596213452127
38428,7642.01109792628
38429,6852.52300649664
38430,5478.294257918618
38431,6806.520070317663
38432,4848.166623510056
38433,8282.590674556624
38434,9280.444968737951
38435,6201.822098904667
38436,7784.1701259287565
38437,7887.126197075331
38438,6645.026166088909
38439,6466.7609876277065
38440,8406.649119288939
38441,8358.633557097995
38442,6746.560834344041
38443,5317.143479544709
38444,17216.22600925365
38445,6745.923444294291
38446,6898.58591572849
38447,9055.919962095588
38448,9523.597002883462
38449,8268.66804925097
38450,6594.66147731721
38451,8263.981057007702
38452,11965.013118215942
38453,16873.174392857145
38454,6696.24424319296
38455,6402.369057657622
38456,5433.1943657159
38457,7792.209412571432
38458,7227.756299258466
38459,11271.651318682685
38460,10038.982750573114
38461,6904.705544484658
38462,4792.52586601606
38463,7864.367760977356
38464,8070.422068874946
38465,5992.8985398345685
38466,7619.176190253937
38467,4573.95136193451
38468,7908.048361619954
38469,8960.366767443249
38470,8065.068991654128
38471,10320.294307095943
38472,7600.614349967683
38473,5563.996470537171
38474,7772.062654260496
38475,9659.620229472954
38476,8705.593097828156
38477,8161.111929293907
38478,7766.293862124902
38479,7836.687241685733
38480,7348.438787758856
38481,11798.817348990504
38482,5021.4026280956305
38483,10880.456285134418
38484,7263.015994686841
38485,5246.239079889284
38486,8140.2297922585785
38487,7294.853229965332
38488,8063.559755413278
38489,7421.961903546728
38490,4889.428894923656
38491,5281.13721211655
38492,8050.498542623188
38493,10909.077457393485
38494,10907.595682762265
38495,6132.9296991665
38496,7391.895985076932
38497,8556.667412565726
38498,6798.609837681084
38499,6258.014134978475
38500,10733.134888087829
38501,8272.851808076146
38502,13281.100895021644
38503,5377.997026374053
38504,7178.522488684257
38505,10693.67811904762
38506,9372.362420868874
38507,6659.062415530677
38508,9833.108866037737
38509,8077.0525641220975
38510,6135.827937349541
38511,6299.578655151875
38512,6301.404324250661
38513,5473.936052415537
38514,7791.011965290141
38515,5944.070280229355
38516,6117.114470486934
38517,11766.330537057098
38518,7484.958376068212
38519,23985.421000000002
38520,6867.079855650428
38521,5898.50391182167
38522,10323.73281483353
38523,12892.507112389545
38524,8983.85256103234
38525,10435.695538222184
38526,7785.951975861788
38527,10505.565363421994
38528,9939.132890290399
38529,7969.489468468765
38530,8230.79399539328
38531,9344.990427524797
38532,10369.222697198762
38533,9420.191273715225
38534,9559.104789271769
38535,8929.583127578966
38536,7587.928914232056
38537,8451.0521936039
38538,14495.8526692902
38539,15260.573581496417
38540,15442.292417553337
38541,11687.08014204246
38542,6865.208753373877
38543,8523.53578471028
38544,7579.810797249398
38545,11259.590193309716
38546,19524.24562741953
38547,10973.457773107257
38548,9841.904639136788
38549,9064.435104721239
38550,4928.448523809526
38551,8392.826294761628
38552,15067.747064216594
38553,9037.201896809489
38554,7712.759081765586
38555,7897.155913734812
38556,9964.007494362777
38557,5639.039226001406
38558,9655.81769992134
38559,7102.238372804484
38560,9354.143760807963
38561,9848.950987146607
38562,8239.699753218536
38563,9970.123998396313
38564,10820.173376853356
38565,6765.119016909549
38566,9408.311737830496
38567,9198.961825199038
38568,15185.5234265873
38569,8181.7013182253695
38570,12707.14011695331
38571,8910.827952663632
38572,11130.853583810944
38573,10069.440327148353
38574,13965.06881657635
38575,8193.438025070804
38576,6884.694960375725
38577,9519.05820205042
38578,8100.975225477184
38579,12789.887234183692
38580,10501.9748310905
38581,8358.252507371073
38582,10359.637804464151
38583,8727.767469890447
38584,13759.420818895602
38585,5977.899890506515
38586,17061.085753558014
38587,7161.954226481696
38588,8478.088401701403
38589,12755.827876746735
38590,7827.167244493665
38591,10189.979955374627
38592,8449.717963355883
38593,10461.781229846447
38594,7437.422606757654
38595,7329.7162516514145
38596,10408.508812989287
38597,9281.221632834915
38598,11626.984981378788
38599,7342.920037270814
38600,9622.197557920412
38601,14973.266927327248
38602,9324.977944717404
38603,6774.547903286469
38604,9312.945234851764
38605,7937.790487662462
38606,8215.931796193046
38607,9259.399325855624
38608,6887.0510039386245
38609,11170.504054457773
38610,9161.06125652841
38611,10046.481848667494
38612,10156.83400957774
38613,5897.338505908981
38614,8705.736682920424
38615,8066.107389480274
38616,11239.266377778582
38617,8545.417968782238
38618,7627.748703529559
38619,7003.695720705207
38620,9451.54921266059
38621,7802.217042889898
38622,8653.372940076148
38623,9896.374693147785
38624,8655.04771390398
38625,10245.154645292996
38626,7572.459854386352
38627,6257.8935282483335
38628,10432.42943311575
38629,10149.807428293407
38630,10638.301547653598
38631,12090.497924540914
38632,10797.616943761755
38633,8273.865113739512
38634,11677.150558019937
38635,9521.314873451609
38636,11327.965844011618
38637,11183.410408761902
38638,8650.951006047359
38639,13839.85615601382
38640,9331.502746329581
38641,11613.992571635283
38642,8493.287271473084
38643,9358.763921652939
38644,10762.157964265409
38645,8186.623422840465
38646,7489.568240745829
38647,7518.212284025619
38648,11045.277688668539
38649,9066.808113907504
38650,8435.122084228233
38651,11954.807778859677
38652,8585.061952652171
38653,8196.25458782736
38654,7834.530209168225
38655,8828.237154409284
38656,11338.805575259028
38657,9899.269788467594
38658,9713.36662831299
38659,7307.638016590394
38660,9093.5692072045
38661,10136.696065644957
38662,5826.649651429836
38663,9426.713576238162
38664,8423.067330521882
38665,11192.795804585303
38666,9938.620983441087
38667,8265.560561239841
38668,11786.277140061315
38669,8701.072718035213
38670,6305.5593345588795
38671,14884.523684950831
38672,9228.995853659531
38673,11615.905656440511
38674,9745.832684754183
38675,7248.534060123442
38676,8867.523344843396
38677,7556.393578897405
38678,9742.537230774515
38679,16293.178075499956
38680,8575.136174352921
38681,4469.363622230709
38682,7797.255768395804
38683,12814.56767408104
38684,13256.209865974437
38685,9751.150610916888
38686,10800.349330582401
38687,6812.341155746095
38688,7157.5634465128505
38689,4732.431120339994
38690,7318.393594060459
38691,8422.980440259962
38692,9496.348145619515
38693,9661.546296697152
38694,9232.038839071289
38695,9941.32730620482
38696,11859.285478977392
38697,9878.678051871959
38698,7456.673962723124
38699,11095.312848793988
38700,17404.04799873948
38701,9449.70966221389
38702,10440.76964191244
38703,7611.8313554416645
38704,9285.859197146585
38705,7478.495964268322
38706,10886.183126041218
38707,9174.19481337959
38708,11338.648107003144
38709,9189.64771495163
38710,12811.603212507493
38711,10349.775810433692
38712,7650.569449067579
38713,9818.181711312935
38714,26786.555238095232
38715,16389.147560193473
38716,10366.014196207105
38717,4495.850567779742
38718,8789.259645708136
38719,13993.226982653701
38720,8307.624571428574
38721,13984.847611111114
38722,21564.9229047619
38723,5935.337548769212
38724,8334.561222659378
38725,10417.053319916515
38726,7711.076814995997
38727,15418.509347484585
38728,10177.031417108243
38729,10812.619888365401
38730,5424.866223197314
38731,9674.20346018715
38732,9361.150520352274
38733,9833.520183736686
38734,13197.86960457036
38735,8067.572040028192
38736,8502.513267428605
38737,8655.303811980548
38738,8270.042237095262
38739,8355.732465126057
38740,9498.359985971088
38741,8440.215580630655
38742,9366.60445447794
38743,11040.268131468769
38744,8345.368555257528
38745,8019.3523873875965
38746,9719.021437388688
38747,10163.002431966026
38748,10872.443082188422
38749,10302.721164119861
38750,8819.428105233155
38751,7287.730845725493
38752,5408.949164692583
38753,10121.152662698414
38754,10005.360330384221
38755,8642.74048054069
38756,6664.23698033513
38757,12913.489653211122
38758,10107.112015896148
38759,13914.410310907582
38760,9187.225119594345
38761,8758.674444393897
38762,7774.258000811679
38763,6651.800205648716
38764,15215.000316681135
38765,8309.656834499614
38766,9806.686182192116
38767,20015.088648751305
38768,9836.897609119384
38769,8926.026608810605
38770,6578.830506788879
38771,7061.6643986879235
38772,8827.482304958537
38773,5591.912394988218
38774,8737.030035793741
38775,11039.061489889684
38776,7211.315896170613
38777,22639.95168650794
38778,18577.88250872441
38779,6241.316978319653
38780,9704.84734162657
38781,6563.965498117413
38782,9999.928920100576
38783,7943.680763406163
38784,14611.116808957706
38785,11932.899828396752
38786,14293.94025198007
38787,7417.415315978513
38788,9937.036880842486
38789,6045.85632468209
38790,11066.849495412482
38791,9186.04726787605
38792,9090.363302643875
38793,8450.62229533327
38794,6889.889576189379
38795,11924.808397526522
38796,10929.627695591715
38797,6972.26699077624
38798,14944.140576442063
38799,9459.64584363
38800,13694.209095238099
38801,6695.898514555539
38802,7640.083532657003
38803,9188.32398652471
38804,16390.302312526026
38805,9334.199260290286
38806,10135.516344958194
38807,10303.665711305319
38808,13644.676539070064
38809,6068.023467550578
38810,10635.039289794042
38811,9679.986806219305
38812,7534.261511319688
38813,19739.91812306667
38814,21215.158544913418
38815,11024.600775891893
38816,10979.397585106579
38817,13944.937504523941
38818,13988.884999710453
38819,11421.98029955118
38820,8692.371566078067
38821,11722.94416820529
38822,9432.27640706105
38823,10786.573941891467
38824,6320.751037197795
38825,8907.19530815487
38826,7211.518491336952
38827,8318.72233503178
38828,10371.178915031298
38829,6713.154276265504
38830,8506.041589400696
38831,9063.818492243394
38832,6689.60448926476
38833,7590.4757613580805
38834,7160.1413852184305
38835,9867.47279206226
38836,11224.634411741043
38837,10069.139848114759
38838,9682.59531154088
38839,7909.737840023914
38840,9542.626403132394
38841,12453.934274644547
38842,10868.429563418042
38843,8534.112483959994
38844,7053.760282159267
38845,11768.644846197169
38846,8532.787537766446
38847,9330.069548984546
38848,6004.755125683052
38849,8013.934176470231
38850,12417.425346898946
38851,8845.450852951344
38852,8247.745664241125
38853,10092.098401113797
38854,10278.805542430819
38855,14179.880733213895
38856,9275.680597438248
38857,12179.403254563316
38858,6640.369672157283
38859,7685.8732466590245
38860,8729.463596975496
38861,7365.9417141335325
38862,9423.392080023108
38863,7760.0910777750405
38864,7476.0146316652545
38865,10118.148049389165
38866,16009.069920634918
38867,11659.973983698019
38868,8453.430686052674
38869,7683.725707460121
38870,10357.446957769487
38871,9901.680007647594
38872,8920.812341807352
38873,7348.199399805442
38874,9506.46983570245
38875,13855.888446133093
38876,6313.151614879808
38877,9658.268263593853
38878,10411.27360300888
38879,10735.98060941919
38880,12492.179097598852
38881,9450.587177153724
38882,17135.11852029194
38883,9008.971000057896
38884,9284.444082798873
38885,5680.607056799144
38886,8684.232739543666
38887,8504.020788367841
38888,8006.659618054854
38889,9426.331058933969
38890,6927.338745793441
38891,7101.176238976402
38892,9112.1545403747
38893,7637.943976301792
38894,9685.412511097993
38895,9297.983335134064
38896,9338.760251608488
38897,10380.153185595618
38898,8372.619873548529
38899,10907.715068930653
38900,8217.903462391214
38901,6978.542140269653
38902,6762.623191564062
38903,8236.804201494659
38904,15317.976369047617
38905,9294.032072282002
38906,7000.290267309357
38907,11810.26744923358
38908,12472.590157678902
38909,9428.400654755525
38910,9144.47753646511
38911,10082.803211304881
38912,7994.81956471752
38913,6532.932596394515
38914,8745.585357256567
38915,10516.582882487204
38916,9872.366792206032
38917,9797.258837513835
38918,9350.399216169191
38919,7239.113683236701
38920,5834.773156668827
38921,7311.171540416286
38922,10430.443587091642
38923,10693.66452399244
38924,10603.847306806118
38925,15872.734618044395
38926,10050.557694929123
38927,9370.854806991994
38928,9587.125242955697
38929,11611.109879783802
38930,10302.725182440905
38931,9030.880128752215
38932,10907.765212860168
38933,12301.530426657419
38934,7961.3034740546855
38935,6069.979449443472
38936,12252.144200465133
38937,9512.695089220011
38938,10660.816895896729
38939,8668.835886191831
38940,5610.1645149320575
38941,17113.59497384818
38942,8258.634899119443
38943,9013.019332775397
38944,6641.968609624336
38945,8931.9903223994
38946,9405.557527120534
38947,10778.572876362838
38948,7937.557023384164
38949,6839.141228189348
38950,7163.803811853888
38951,7121.736366438726
38952,5839.975774482661
38953,10108.532527293562
38954,21491.061247584537
38955,7459.021318179601
38956,7470.028751403912
38957,9834.716825407775
38958,6921.487896962112
38959,7932.013686893424
38960,6393.318228359953
38961,7462.479087046502
38962,9959.8158917354
38963,10175.688078964029
38964,6517.236770614594
38965,11069.428681230804
38966,8886.2253347719
38967,6883.137572341853
38968,10924.759340398892
38969,11314.333776661635
38970,12740.48139559051
38971,9442.347913630838
38972,9643.26371069758
38973,8243.685328804848
38974,7570.042784834458
38975,20274.49543653588
38976,13758.668328535608
38977,9375.903311555763
38978,8458.124182543035
38979,6815.623871338438
38980,7658.734045475631
38981,6781.9523961299055
38982,10843.301925194964
38983,6666.16313169151
38984,7651.616553276092
38985,9559.077545593562
38986,7353.71783097487
38987,8494.177575734655
38988,8753.421529442232
38989,10652.624479867027
38990,9478.376978615239
38991,7349.171495537881
38992,7485.679414769976
38993,9466.32120816167
38994,12600.557425752031
38995,11749.809616443563
38996,10034.931009883121
38997,7961.805113584011
38998,9397.915624988143
38999,8357.50063540859
39000,6771.058659400389
39001,9426.080378757651
39002,10027.236521500521
39003,9009.87331043828
39004,8988.91326846077
39005,8977.851829162339
39006,9528.680749351879
39007,7566.412297769953
39008,9098.091159939113
39009,8278.623385354475
39010,8913.526937147488
39011,10855.275248250875
39012,8025.19029689939
39013,8156.089809827681
39014,10934.989244700195
39015,8831.19135289122
39016,4531.48672568905
39017,10546.899178212394
39018,10541.109236640608
39019,15384.011227214303
39020,6938.83044685584
39021,9111.916045301643
39022,8181.936711928236
39023,9529.361647165888
39024,8507.106068400557
39025,14922.055879032205
39026,5105.564333293126
39027,10422.064143793132
39028,9575.71449784795
39029,8914.597518849663
39030,7853.03556797001
39031,9359.83718999759
39032,11990.736181382656
39033,8731.200335420719
39034,11835.485506001085
39035,10580.799268439687
39036,11084.132969216385
39037,5983.246166169343
39038,8940.928785674267
39039,8789.255686278553
39040,11077.42351680946
39041,11997.812487302723
39042,6765.668123933787
39043,9907.120748167003
39044,10768.632703516818
39045,10674.175374817492
39046,6297.007671107483
39047,5341.137604116206
39048,9815.298877291278
39049,10525.843823345958
39050,10494.592613295075
39051,10039.437768305188
39052,8381.890508504715
39053,10356.117728774369
39054,10925.199741454568
39055,11826.216903838476
39056,10062.203188769538
39057,9391.956021197566
39058,11580.106251429184
39059,15870.497763893283
39060,9799.165334955913
39061,6994.849722920738
39062,8992.0818460166
39063,6816.090002048984
39064,4883.491434716041
39065,12902.586492667739
39066,7830.899798873391
39067,12224.30070594013
39068,7308.7432096027305
39069,10028.647179136666
39070,8620.672155019452
39071,14805.072127320564
39072,6686.707976339887
39073,7542.381358525951
39074,9669.616617541487
39075,10900.3450012848
39076,7633.460677764463
39077,9716.71615681494
39078,8783.35451673391
39079,12819.106532814732
39080,9761.909300503115
39081,10279.689651142062
39082,8816.792239915258
39083,7508.191122278909
39084,7033.66752073847
39085,12628.404983623528
39086,14017.454451526251
39087,9407.89980700711
39088,17948.708428571426
39089,9105.055184988369
39090,7842.047541673873
39091,9826.332887574079
39092,10313.391238467651
39093,13174.593060260615
39094,10069.522762609224
39095,10368.563933299758
39096,10435.406584710021
39097,9344.939490656521
39098,9206.235260543912
39099,7670.235595549957
39100,8302.709963498426
39101,7140.926878598135
39102,7219.180677215709
39103,8863.06875087993
39104,12496.637429274317
39105,22275.29337229437
39106,9902.88030570606
39107,8931.478381448715
39108,11393.126022734627
39109,5741.162155183778
39110,8885.116915962515
39111,5870.3786492674
39112,12909.656857142854
39113,9670.06533386172
39114,9451.522994381507
39115,17294.438641439505
39116,12907.876798017382
39117,9762.631802318492
39118,9686.84297332948
39119,6050.93797898334
39120,7957.017984184651
39121,7595.165514140368
39122,11002.553242779702
39123,7228.803633232122
39124,5955.268728932654
39125,7882.40335916156
39126,7165.688051877735
39127,11915.324617096256
39128,10545.965332334696
39129,6782.808205792596
39130,9517.951228713822
39131,10554.576828088253
39132,11744.312177758426
39133,9231.800916508862
39134,7863.030833260239
39135,10035.310072126795
39136,6361.359940781245
39137,10028.9991443009
39138,7912.444777098074
39139,8525.974797583538
39140,9878.667133739718
39141,8982.961341230886
39142,6209.3483863488145
39143,8701.940898157398
39144,11115.801754341004
39145,10817.143312326443
39146,13380.32341073447
39147,9257.747536736646
39148,5495.970864091144
39149,8695.381684637856
39150,8828.69733741964
39151,7419.510516158716
39152,8617.14390266572
39153,8285.573218983896
39154,15361.373800521376
39155,12455.921197483289
39156,9423.401693807411
39157,9796.851615391519
39158,6829.5225709812075
39159,10353.41655216072
39160,8230.097195424214
39161,15509.171918042352
39162,8553.476268726454
39163,7602.846531827141
39164,8374.219765238067
39165,7047.19448932834
39166,10313.1780373722
39167,21121.921398329792
39168,6864.973021691289
39169,6149.429088050683
39170,14184.168719381698
39171,9563.409552547659
39172,9739.567312614332
39173,9833.231558139823
39174,8972.481414270767
39175,6702.569480721339
39176,7204.885904237204
39177,10437.758799262858
39178,8019.9263719851415
39179,9368.686463256186
39180,9484.614934799494
39181,6881.2297060218825
39182,9723.278526429285
39183,8650.519320468171
39184,4784.047909433056
39185,11009.886658657126
39186,9522.011388922007
39187,5869.407759788348
39188,9803.533973296793
39189,9657.559347354885
39190,8123.446088077574
39191,12798.460462342864
39192,9177.503802171606
39193,11296.01354384017
39194,8604.127318129486
39195,7395.647228392823
39196,8673.638763284041
39197,5930.38411731603
39198,9718.210578357786
39199,7024.035250000003
39200,8514.093598070443
39201,8076.053594714287
39202,9384.03153360078
39203,7877.822216509045
39204,9131.114789735602
39205,10734.384621621619
39206,9635.676647832246
39207,7968.262706652766
39208,10603.001918177071
39209,8237.675755945505
39210,12892.985032909111
39211,10479.643078010287
39212,8591.423306440052
39213,4427.144904761906
39214,7914.061857197277
39215,9964.277398529535
39216,7619.002717175268
39217,12024.162542820708
39218,8688.139679063124
39219,10678.950112500646
39220,14694.884923681337
39221,8421.619522926467
39222,7379.6305723269525
39223,14650.306836838268
39224,10366.833907601478
39225,8536.053964057623
39226,12078.173198615483
39227,12638.499689228594
39228,7521.56269687232
39229,7539.1362900731465
39230,9575.031195473272
39231,7966.382445272611
39232,7321.152818514484
39233,9395.205524844665
39234,7270.897638032845
39235,7749.735747410037
39236,10751.626933897785
39237,10159.60704843688
39238,12836.267838976893
39239,9163.373388668968
39240,9819.20463364542
39241,5408.377086364573
39242,10137.405380819631
39243,9922.046952736993
39244,8650.798267332575
39245,8922.649427585684
39246,10659.233907182948
39247,11381.059776221327
39248,9478.691101470375
39249,7209.985697114768
39250,8895.977492196611
39251,9168.56315170636
39252,10312.248094105367
39253,7932.149462218035
39254,6284.543545978788
39255,10343.218963870802
39256,8200.466463903536
39257,9014.5585756567
39258,10357.323645794222
39259,9201.0220814571
39260,10961.255532397288
39261,6785.801068518837
39262,5906.27790000211
39263,9222.720520467923
39264,9410.197012008728
39265,10533.35352239569
39266,13383.566620921083
39267,12288.387927738935
39268,7147.099027447784
39269,11918.190526798542
39270,5153.898154968858
39271,5081.251695031472
39272,10255.183315865881
39273,15671.19684859585
39274,9982.198453151828
39275,10122.062450127565
39276,8522.627160413625
39277,10835.042576318183
39278,14470.151344086022
39279,8988.856268329679
39280,10555.852419516663
39281,7966.3783159073455
39282,6367.98115660479
39283,7306.417161857224
39284,8883.589267904212
39285,8571.729731619185
39286,8106.53844516099
39287,8400.504377108038
39288,5870.781149670942
39289,9740.891797934253
39290,11701.009751950804
39291,7749.049166644889
39292,9462.15420446377
39293,9758.510097699675
39294,8358.565516141183
39295,6854.239810467714
39296,11414.79463638994
39297,10465.253331568045
39298,7915.942144585657
39299,6765.99709438269
39300,20678.932330343363
39301,8342.939921496289
39302,8997.698174548877
39303,13833.876711588919
39304,11519.633527491966
39305,11175.500919211363
39306,8293.268809010202
39307,9589.26406166955
39308,13286.926583430919
39309,22063.66126515152
39310,8334.573168762574
39311,8173.446295578809
39312,6827.386545136109
39313,9617.95544708733
39314,8922.499982110417
39315,11090.212403573138
39316,13801.411359944812
39317,7587.658260375651
39318,6946.904652890596
39319,9355.466303845167
39320,10857.991258866052
39321,7758.739744569766
39322,10052.932471370907
39323,6350.936790135328
39324,10297.244492502981
39325,10444.940132209655
39326,11177.32881634248
39327,13468.09425563778
39328,9766.513785077843
39329,6740.627224384886
39330,9390.181499714126
39331,10348.337527119573
39332,10657.347902152955
39333,10970.99714154348
39334,9785.396316225067
39335,9592.248245250212
39336,9036.577068275932
39337,13438.081701400863
39338,7116.733847227603
39339,12789.156843855693
39340,8928.887194005722
39341,6345.4938862043
39342,10440.244529643829
39343,7702.833791140392
39344,10259.417894419039
39345,9985.57270152217
39346,6246.685005126454
39347,6888.545400297515
39348,10532.666765527458
39349,12536.000686256733
39350,11350.138921508535
39351,6883.304510672748
39352,8268.16260683126
39353,11112.735240978633
39354,8947.88267705717
39355,7678.235358203463
39356,12951.57928594968
39357,10705.517363689374
39358,14751.725575193323
39359,6526.3733016043425
39360,9064.021770839538
39361,11750.255806755258
39362,11865.110504453674
39363,8412.117281198216
39364,13287.723053289696
39365,9087.607031603105
39366,7188.471771222495
39367,7868.468101413435
39368,7948.707611221125
39369,6965.9632983540905
39370,10500.112221908006
39371,7768.915856203337
39372,7905.547915649027
39373,15299.153767052076
39374,9419.43832107984
39375,25929.05491666666
39376,8353.72381930976
39377,0.0
39378,0.0
39379,0.0
39380,0.0
39381,0.0
39382,0.0
39383,0.0
39384,0.0
39385,0.0
39386,0.0
39387,0.0
39388,0.0
39389,0.0
39390,0.0
39391,0.0
39392,0.0
39393,0.0
39394,0.0
39395,0.0
39396,0.0
39397,0.0
39398,0.0
39399,0.0
39400,0.0
39401,0.0
39402,0.0
39403,0.0
39404,0.0
39405,0.0
39406,0.0
39407,0.0
39408,0.0
39409,0.0
39410,0.0
39411,0.0
39412,0.0
39413,0.0
39414,0.0
39415,0.0
39416,0.0
39417,0.0
39418,0.0
39419,0.0
39420,0.0
39421,0.0
39422,0.0
39423,0.0
39424,0.0
39425,0.0
39426,0.0
39427,0.0
39428,0.0
39429,0.0
39430,0.0
39431,0.0
39432,0.0
39433,0.0
39434,0.0
39435,0.0
39436,0.0
39437,0.0
39438,0.0
39439,0.0
39440,0.0
39441,0.0
39442,0.0
39443,0.0
39444,0.0
39445,0.0
39446,0.0
39447,0.0
39448,0.0
39449,0.0
39450,0.0
39451,0.0
39452,0.0
39453,0.0
39454,0.0
39455,0.0
39456,0.0
39457,0.0
39458,0.0
39459,0.0
39460,0.0
39461,0.0
39462,0.0
39463,0.0
39464,0.0
39465,0.0
39466,0.0
39467,0.0
39468,4760.719023809524
39469,0.0
39470,0.0
39471,0.0
39472,0.0
39473,0.0
39474,0.0
39475,0.0
39476,0.0
39477,0.0
39478,0.0
39479,0.0
39480,0.0
39481,0.0
39482,0.0
39483,0.0
39484,0.0
39485,0.0
39486,0.0
39487,0.0
39488,0.0
39489,0.0
39490,0.0
39491,0.0
39492,0.0
39493,0.0
39494,0.0
39495,0.0
39496,0.0
39497,0.0
39498,0.0
39499,0.0
39500,0.0
39501,0.0
39502,0.0
39503,0.0
39504,0.0
39505,0.0
39506,0.0
39507,0.0
39508,0.0
39509,0.0
39510,0.0
39511,0.0
39512,0.0
39513,0.0
39514,0.0
39515,0.0
39516,0.0
39517,0.0
39518,0.0
39519,0.0
39520,0.0
39521,0.0
39522,0.0
39523,0.0
39524,0.0
39525,0.0
39526,0.0
39527,0.0
39528,0.0
39529,0.0
39530,0.0
39531,0.0
39532,0.0
39533,0.0
39534,0.0
39535,0.0
39536,3333.659150362319
39537,0.0
39538,0.0
39539,0.0
39540,0.0
39541,0.0
39542,0.0
39543,0.0
39544,0.0
39545,0.0
39546,0.0
39547,0.0
39548,0.0
39549,0.0
39550,0.0
39551,0.0
39552,0.0
39553,0.0
39554,0.0
39555,0.0
39556,0.0
39557,0.0
39558,0.0
39559,0.0
39560,0.0
39561,0.0
39562,0.0
39563,0.0
39564,0.0
39565,0.0
39566,0.0
39567,0.0
39568,0.0
39569,0.0
39570,0.0
39571,0.0
39572,0.0
39573,0.0
39574,0.0
39575,0.0
39576,0.0
39577,17486.399384920634
39578,30768.29888095239
39579,0.0
39580,0.0
39581,0.0
39582,0.0
39583,0.0
39584,0.0
39585,0.0
39586,7351.444642857142
39587,0.0
39588,0.0
39589,0.0
39590,0.0
39591,0.0
39592,0.0
39593,0.0
39594,0.0
39595,0.0
39596,0.0
39597,0.0
39598,0.0
39599,0.0
39600,0.0
39601,0.0
39602,0.0
39603,0.0
39604,0.0
39605,5640.80249206349
39606,0.0
39607,0.0
39608,0.0
39609,0.0
39610,0.0
39611,0.0
39612,0.0
39613,0.0
39614,0.0
39615,3011.8753568131424
39616,0.0
39617,0.0
39618,0.0
39619,0.0
39620,0.0
39621,0.0
39622,0.0
39623,0.0
39624,0.0
39625,0.0
39626,0.0
39627,0.0
39628,0.0
39629,0.0
39630,0.0
39631,0.0
39632,0.0
39633,9510.71426190476
39634,0.0
39635,0.0
39636,0.0
39637,0.0
39638,0.0
39639,0.0
39640,0.0
39641,0.0
39642,0.0
39643,0.0
39644,0.0
39645,0.0
39646,0.0
39647,0.0
39648,0.0
39649,0.0
39650,9413.148797619047
39651,0.0
39652,0.0
39653,0.0
39654,0.0
39655,0.0
39656,0.0
39657,0.0
39658,0.0
39659,0.0
39660,0.0
39661,0.0
39662,0.0
39663,0.0
39664,0.0
39665,0.0
39666,0.0
39667,0.0
39668,0.0
39669,0.0
39670,0.0
39671,0.0
39672,0.0
39673,0.0
39674,0.0
39675,0.0
39676,0.0
39677,0.0
39678,0.0
39679,0.0
39680,0.0
39681,0.0
39682,0.0
39683,0.0
39684,0.0
39685,0.0
39686,0.0
39687,0.0
39688,0.0
39689,0.0
39690,0.0
39691,0.0
39692,0.0
39693,0.0
39694,0.0
39695,0.0
39696,0.0
39697,0.0
39698,0.0
39699,0.0
39700,0.0
39701,0.0
39702,0.0
39703,0.0
39704,0.0
39705,0.0
39706,0.0
39707,0.0
39708,0.0
39709,0.0
39710,0.0
39711,0.0
39712,1939.0858333333329
39713,0.0
39714,0.0
39715,0.0
39716,0.0
39717,0.0
39718,0.0
39719,0.0
39720,0.0
39721,0.0
39722,0.0
39723,0.0
39724,0.0
39725,0.0
39726,7010.672928571428
39727,0.0
39728,0.0
39729,0.0
39730,0.0
39731,0.0
39732,0.0
39733,0.0
39734,0.0
39735,0.0
39736,0.0
39737,0.0
39738,0.0
39739,0.0
39740,0.0
39741,0.0
39742,0.0
39743,0.0
39744,0.0
39745,0.0
39746,0.0
39747,0.0
39748,0.0
39749,0.0
39750,0.0
39751,0.0
39752,0.0
39753,0.0
39754,0.0
39755,0.0
39756,0.0
39757,0.0
39758,0.0
39759,0.0
39760,0.0
39761,0.0
39762,0.0
39763,0.0
39764,0.0
39765,0.0
39766,0.0
39767,0.0
39768,0.0
39769,8023.786305860804
39770,0.0
39771,0.0
39772,0.0
39773,0.0
39774,0.0
39775,0.0
39776,0.0
39777,0.0
39778,0.0
39779,2418.6818006805292
39780,0.0
39781,0.0
39782,0.0
39783,6694.949087301586
39784,0.0
39785,0.0
39786,0.0
39787,0.0
39788,0.0
39789,0.0
39790,0.0
39791,0.0
39792,0.0
39793,0.0
39794,0.0
39795,0.0
39796,0.0
39797,0.0
39798,0.0
39799,0.0
39800,0.0
39801,0.0
39802,0.0
39803,0.0
39804,0.0
39805,0.0
39806,0.0
39807,0.0
39808,0.0
39809,0.0
39810,20596.454785714286
39811,0.0
39812,0.0
39813,0.0
39814,0.0
39815,0.0
39816,0.0
39817,0.0
39818,0.0
39819,0.0
39820,0.0
39821,0.0
39822,0.0
39823,0.0
39824,6122.527040826974
39825,0.0
39826,0.0
39827,0.0
39828,0.0
39829,0.0
39830,0.0
39831,0.0
39832,0.0
39833,0.0
39834,0.0
39835,0.0
39836,0.0
39837,0.0
39838,0.0
39839,0.0
39840,0.0
39841,0.0
39842,0.0
39843,0.0
39844,0.0
39845,0.0
39846,0.0
39847,0.0
39848,0.0
39849,0.0
39850,0.0
39851,0.0
39852,0.0
39853,0.0
39854,0.0
39855,0.0
39856,0.0
39857,0.0
39858,0.0
39859,0.0
39860,0.0
39861,0.0
39862,0.0
39863,0.0
39864,0.0
39865,0.0
39866,0.0
39867,0.0
39868,0.0
39869,0.0
39870,0.0
39871,0.0
39872,0.0
39873,0.0
39874,0.0
39875,0.0
39876,0.0
39877,0.0
39878,0.0
39879,0.0
39880,0.0
39881,0.0
39882,0.0
39883,0.0
39884,0.0
39885,0.0
39886,0.0
39887,0.0
39888,0.0
39889,0.0
39890,0.0
39891,0.0
39892,0.0
39893,0.0
39894,0.0
39895,0.0
39896,0.0
39897,0.0
39898,0.0
39899,13433.866547619049
39900,0.0
39901,0.0
39902,0.0
39903,0.0
39904,0.0
39905,0.0
39906,0.0
39907,0.0
39908,0.0
39909,0.0
39910,0.0
39911,0.0
39912,0.0
39913,0.0
39914,0.0
39915,0.0
39916,0.0
39917,0.0
39918,0.0
39919,0.0
39920,0.0
39921,0.0
39922,0.0
39923,0.0
39924,0.0
39925,0.0
39926,0.0
39927,0.0
39928,0.0
39929,0.0
39930,0.0
39931,0.0
39932,0.0
39933,0.0
39934,0.0
39935,0.0
39936,0.0
39937,0.0
39938,0.0
39939,0.0
39940,0.0
39941,0.0
39942,0.0
39943,5334.853349206349
39944,16810.734392857143
39945,0.0
39946,0.0
39947,0.0
39948,0.0
39949,0.0
39950,0.0
39951,0.0
39952,0.0
39953,0.0
39954,0.0
39955,0.0
39956,0.0
39957,0.0
39958,0.0
39959,0.0
39960,0.0
39961,0.0
39962,0.0
39963,0.0
39964,0.0
39965,0.0
39966,0.0
39967,0.0
39968,0.0
39969,0.0
39970,0.0
39971,0.0
39972,12537.808112637364
39973,0.0
39974,0.0
39975,0.0
39976,0.0
39977,0.0
39978,0.0
39979,0.0
39980,0.0
39981,0.0
39982,0.0
39983,0.0
39984,0.0
39985,0.0
39986,0.0
39987,0.0
39988,0.0
39989,0.0
39990,0.0
39991,0.0
39992,0.0
39993,0.0
39994,0.0
39995,0.0
39996,0.0
39997,0.0
39998,0.0
39999,0.0
40000,0.0
40001,0.0
40002,0.0
40003,0.0
40004,0.0
40005,0.0
40006,0.0
40007,0.0
40008,0.0
40009,0.0
40010,0.0
40011,0.0
40012,0.0
40013,0.0
40014,0.0
40015,0.0
40016,0.0
40017,0.0
40018,0.0
40019,0.0
40020,0.0
40021,0.0
40022,0.0
40023,0.0
40024,0.0
40025,0.0
40026,0.0
40027,0.0
40028,0.0
40029,0.0
40030,0.0
40031,0.0
40032,0.0
40033,0.0
40034,0.0
40035,0.0
40036,0.0
40037,0.0
40038,0.0
40039,0.0
40040,0.0
40041,0.0
40042,3022.2500307363307
40043,0.0
40044,0.0
40045,0.0
40046,2682.2611346243625
40047,0.0
40048,0.0
40049,0.0
40050,0.0
40051,0.0
40052,0.0
40053,0.0
40054,0.0
40055,0.0
40056,0.0
40057,0.0
40058,0.0
40059,0.0
40060,0.0
40061,0.0
40062,0.0
40063,0.0
40064,0.0
40065,0.0
40066,0.0
40067,0.0
40068,0.0
40069,0.0
40070,0.0
40071,0.0
40072,0.0
40073,0.0
40074,0.0
40075,0.0
40076,0.0
40077,0.0
40078,0.0
40079,0.0
40080,0.0
40081,0.0
40082,0.0
40083,0.0
40084,0.0
40085,0.0
40086,0.0
40087,0.0
40088,0.0
40089,0.0
40090,0.0
40091,0.0
40092,0.0
40093,0.0
40094,0.0
40095,0.0
40096,0.0
40097,3146.4148375128875
40098,0.0
40099,0.0
40100,0.0
40101,0.0
40102,0.0
40103,0.0
40104,0.0
40105,0.0
40106,0.0
40107,0.0
40108,0.0
40109,0.0
40110,0.0
40111,0.0
40112,11423.830884920633
40113,0.0
40114,0.0
40115,0.0
40116,0.0
40117,0.0
40118,0.0
40119,0.0
40120,0.0
40121,0.0
40122,0.0
40123,0.0
40124,0.0
40125,0.0
40126,0.0
40127,0.0
40128,0.0
40129,0.0
40130,0.0
40131,0.0
40132,0.0
40133,0.0
40134,0.0
40135,0.0
40136,0.0
40137,0.0
40138,0.0
40139,0.0
40140,0.0
40141,0.0
40142,0.0
40143,0.0
40144,0.0
40145,0.0
40146,0.0
40147,0.0
40148,0.0
40149,0.0
40150,0.0
40151,0.0
40152,0.0
40153,0.0
40154,0.0
40155,0.0
40156,0.0
40157,0.0
40158,0.0
40159,0.0
40160,0.0
40161,0.0
40162,0.0
40163,0.0
40164,0.0
40165,0.0
40166,0.0
40167,0.0
40168,0.0
40169,0.0
40170,0.0
40171,0.0
40172,0.0
40173,0.0
40174,0.0
40175,0.0
40176,5027.02726190476
40177,0.0
40178,0.0
40179,0.0
40180,0.0
40181,0.0
40182,0.0
40183,0.0
40184,0.0
40185,0.0
40186,0.0
40187,0.0
40188,0.0
40189,0.0
40190,0.0
40191,0.0
40192,0.0
40193,0.0
40194,0.0
40195,0.0
40196,0.0
40197,0.0
40198,0.0
40199,0.0
40200,0.0
40201,0.0
40202,0.0
40203,0.0
40204,0.0
40205,0.0
40206,0.0
40207,0.0
40208,0.0
40209,0.0
40210,0.0
40211,0.0
40212,0.0
40213,0.0
40214,0.0
40215,0.0
40216,0.0
40217,13639.143732683988
40218,5089.541036677375
40219,0.0
40220,0.0
40221,0.0
40222,0.0
40223,0.0
40224,0.0
40225,0.0
40226,0.0
40227,0.0
40228,0.0
40229,0.0
40230,0.0
40231,0.0
40232,0.0
40233,5262.951178155178
40234,5553.163821928071
40235,5585.002969413663
40236,3840.7659573431283
40237,5442.703007374393
40238,4965.3214273922085
40239,6567.429826869584
40240,6337.684995074775
40241,5414.6956745167545
40242,4195.9939394243875
40243,7606.867063004366
40244,5736.951233976108
40245,4847.271430877498
40246,6127.654637204554
40247,8720.201168498892
40248,3807.1211669748795
40249,5723.959396974637
40250,5917.378846917717
40251,10774.145227011495
40252,8816.412507326007
40253,9230.401343623957
40254,4722.824713203463
40255,8932.773499957273
40256,2809.902014041664
40257,8644.73057971381
40258,9166.692764748354
40259,9961.40879852991
40260,5882.176003034005
40261,4549.69769346764
40262,5561.786664407868
40263,8445.445510707954
40264,9670.450097680097
40265,5528.385739746434
40266,5759.714425619775
40267,5604.238613733884
40268,7236.849402517254
40269,2799.8428882170724
40270,9534.13756863076
40271,4913.254143601391
40272,7690.162165662516
40273,8660.616255111163
40274,4593.289796345137
40275,10525.864345238097
40276,5896.370745318177
40277,5654.053047619046
40278,5425.428686416946
40279,9470.383193788653
40280,10256.519234041909
40281,6313.07827530884
40282,5813.943518986288
40283,10482.994399179173
40284,9078.74561592731
40285,9075.730075700743
40286,7478.371560745411
40287,2941.6771869229106
40288,3026.0500648185807
40289,4756.46555093725
40290,8956.724442445582
40291,9446.572526885917
40292,8725.389245322209
40293,4866.22691690544
40294,6395.51533182539
40295,7485.928652505535
40296,5493.067184628111
40297,4825.123248002506
40298,6676.884386087315
40299,4615.347454101523
40300,4470.915852946663
40301,8551.19163613196
40302,4993.411572854504
40303,6643.328174648248
40304,3723.7974338735116
40305,8960.438457313
40306,6140.302444234816
40307,6898.179054250587
40308,6267.772758175365
40309,7467.035848163406
40310,6170.123492763711
40311,3924.853113974079
40312,6990.006335088674
40313,12077.653840843912
40314,5148.317979102404
40315,5344.374610290476
40316,9151.99881976164
40317,6317.677341683759
40318,9105.538086046516
40319,10808.611753012776
40320,2684.8597662366774
40321,9219.461332656514
40322,5319.445067523155
40323,6377.526566847322
40324,6273.363590680047
40325,3157.0178761600796
40326,5628.590251862308
40327,6194.158981931659
40328,8073.276295532615
40329,8529.697595336966
40330,4417.774523254029
40331,5590.994551960359
40332,8466.016537427977
40333,7414.504731912338
40334,5141.037060883875
40335,7057.173704679389
40336,4405.604541663596
40337,6652.444526377798
40338,6392.16659734241
40339,3168.513022211805
40340,6349.62023400225
40341,5886.868586604345
40342,7402.9407293644235
40343,9481.840808726487
40344,9309.394521336739
40345,4530.572928327664
40346,9326.224711033074
40347,5379.089622153205
40348,4763.88604102423
40349,9125.03860901161
40350,7215.313419411441
40351,5496.910671204061
40352,9292.837734491315
40353,6297.370327788368
40354,8946.885691037252
40355,5758.42879763107
40356,8057.980071114098
40357,4961.912288129441
40358,3172.1883930749095
40359,7279.13408865444
40360,5044.390264802501
40361,6002.8646107962195
40362,4111.550244450248
40363,5178.201521760496
40364,6910.205281848013
40365,5175.802962819487
40366,6326.781590362595
40367,4781.852853730543
40368,5891.030475058224
40369,7686.0567375107385
40370,4031.141891681878
40371,6819.947644473776
40372,5044.390264802501
40373,9073.178805277177
40374,3848.8990110296727
40375,5700.289358423944
40376,4596.874017090337
40377,6830.382129967796
40378,7061.418034385735
40379,6917.67999390445
40380,13462.630986099997
40381,4223.938297967126
40382,5913.948489562329
40383,11733.444349206346
40384,6517.3930033540555
40385,7855.984493120905
40386,6934.817089866299
40387,5778.925674994181
40388,8890.267050618122
40389,4647.057808475055
40390,5197.234174618553
40391,5322.627919457708
40392,5302.614413862284
40393,3496.4024934197037
40394,4923.217035733431
40395,8020.358991889989
40396,10167.940217148103
40397,7239.7330006977745
40398,7370.233728004965
40399,5959.865853285894
40400,2766.8228660142618
40401,3903.5568191455322
40402,4417.079605876304
40403,9012.878389074773
40404,7250.968859985381
40405,5538.562762052662
40406,5207.7931676260305
40407,9220.102306414314
40408,9550.01443142975
40409,9136.193681168525
40410,9366.072598013565
40411,5548.924901276422
40412,7162.503756885264
40413,4272.172607291286
40414,7082.609000698288
40415,8404.079890190596
40416,8356.986019171007
40417,3173.987705579004
40418,6310.073974224442
40419,5174.7468543591
40420,7595.712755746438
40421,6838.809977662644
40422,9157.299488095236
40423,9065.275952380953
40424,8743.016276761842
40425,6859.284044251768
40426,19265.769259153592
40427,10450.991634199136
40428,5015.990023088023
40429,3818.5745098502607
40430,9072.836130588712
40431,10479.975781746032
40432,4457.381532157676
40433,9599.315380952385
40434,19635.43633333333
40435,5232.340511999343
40436,3002.3064999630137
40437,10473.561675412513
40438,4243.984993684017
40439,8656.248793650791
40440,4665.258436099623
40441,5861.940715279422
40442,4718.65423809524
40443,7358.3738686008655
40444,9154.140276914137
40445,5881.605403087001
40446,9665.505011853511
40447,7409.041328754579
40448,9141.044397814185
40449,7023.511297453997
40450,5699.972857239178
40451,5207.7931676260305
40452,6970.260173723258
40453,5001.056499292144
40454,6362.165011534732
40455,4050.7143571165716
40456,3163.910015699859
40457,5363.153696220656
40458,4552.821341216668
40459,5045.289202609242
40460,6381.032204114748
40461,9176.864674163578
40462,8995.02611904762
40463,5151.075861687114
40464,4798.261683740983
40465,5174.439838969888
40466,5541.561251092391
40467,6835.079857983663
40468,4013.507262919127
40469,7986.8691831606975
40470,5707.5656007272355
40471,9511.087503021723
40472,5835.723085392313
40473,6002.330239787453
40474,3684.210552781248
40475,5344.374610290476
40476,8595.207135387425
40477,6157.800281266261
40478,6962.6777157097295
40479,15270.001095238098
40480,7413.00156870245
40481,5057.994221692929
40482,5892.124740615537
40483,3122.303666715217
40484,4482.217734789661
40485,5207.991694444445
40486,4789.718899663534
40487,5881.605403087001
40488,5274.567982235051
40489,10165.445960317462
40490,12888.304916666662
40491,9059.45532558487
40492,6230.106351096118
40493,5166.5136817814955
40494,5861.940715279422
40495,5069.167102941363
40496,10385.093495638479
40497,6069.740108050845
40498,9570.34365701568
40499,4120.127147583298
40500,5861.940715279422
40501,6651.114730198233
40502,5108.254212094701
40503,6155.744471470982
40504,5682.3902743600975
40505,7944.574472342427
40506,5856.941871148459
40507,9365.498784030395
40508,6022.173441980957
40509,9451.670999565798
40510,9632.90047820547
40511,9082.774170022718
40512,9782.56697619048
40513,3974.5534177344684
40514,5646.914982765226
40515,9060.205117663912
40516,9539.095526996503
40517,8795.596062324668
40518,7443.78133675644
40519,8865.046752612654
40520,9427.30000771056
40521,9019.935506705213
40522,8799.927619271126
40523,5492.570182307619
40524,5483.390399885114
40525,12760.25578163531
40526,18292.529051144928
40527,6751.818687739182
40528,8461.323593882886
40529,8318.480971966785
40530,5609.617080019164
40531,6022.173441980957
40532,3338.6133068320405
40533,5506.911015971315
40534,9195.272649215403
40535,6186.964323868485
40536,4045.2110268282136
40537,6253.125395850581
40538,6296.028701014855
40539,4957.2707186714715
40540,5248.450684950811
40541,3143.980871078435
40542,3324.879721290125
40543,7696.752105749312
40544,4707.583557826054
40545,4516.286113001987
40546,6230.648090229611
40547,5652.80705639218
40548,9325.710933524913
40549,9900.32076064811
40550,5095.0061104920305
40551,7702.467550009143
40552,9000.24390263328
40553,6346.257141169218
40554,6062.651836085338
40555,3456.6562448389072
40556,6635.551301278485
40557,14942.97116666667
40558,5602.62823877381
40559,8369.899712226788
40560,8121.882081544647
40561,4146.834773739421
40562,6573.643047657869
40563,6544.565961384332
40564,8834.258142486135
40565,9544.361414620374
40566,9423.730551317456
40567,8618.537416456984
40568,4590.696301131685
40569,12440.441956082743
40570,2350.503007040328
40571,4163.286597213892
40572,5762.083521252115
40573,4445.99695944975
40574,10686.021892813467
40575,3013.2101265812144
40576,5536.6456808667435
40577,5182.823709010187
40578,9769.216916666664
40579,11557.858626853418
40580,5037.206431878601
40581,3426.0545851481993
40582,6324.829799812349
40583,9479.022889921665
40584,5998.406952380954
40585,8926.269263973845
40586,6947.077590949297
40587,6968.359132013162
40588,8451.251348095266
40589,4917.368575342854
40590,9020.863148514769
40591,5705.38860862126
40592,7915.903183637041
40593,9206.657808158665
40594,13886.332238095236
40595,6875.329119061689
40596,9107.670709675771
40597,2716.4091888691387
40598,6726.762824852881
40599,5774.894851624346
40600,9264.300198030607
40601,6341.006539263773
40602,9138.446234198602
40603,3858.0844397611295
40604,9415.285032183161
40605,5812.407185796195
40606,9414.855503779065
40607,7027.292915695606
40608,7024.461286033994
40609,8541.472382703972
40610,5036.005195879393
40611,7066.020365170061
40612,7761.266690006503
40613,6633.922309587598
40614,7197.6569070767855
40615,4158.710601630485
40616,11185.307286482339
40617,8502.028820957925
40618,4357.331479466505
40619,6047.822279782551
40620,6104.4190920816045
40621,5992.177934642469
40622,4287.280998045646
40623,5853.408407809105
40624,5160.196147008278
40625,5870.695831709956
40626,8467.56546148903
40627,10216.634872884453
40628,6458.24035527119
40629,5523.08985476523
40630,7610.52341694902
40631,6413.703561009646
40632,3595.68489960706
40633,5726.490466929454
40634,8809.31162444209
40635,5789.891328872043
40636,9579.081091101047
40637,6691.094285250775
40638,9142.526704688982
40639,5691.757050953626
40640,5853.408407809105
40641,8768.412269350256
40642,5866.518037601275
40643,6808.704667890084
40644,5216.711383799234
40645,5234.896305148753
40646,5355.584150672246
40647,2362.0688026813937
40648,12439.310024674998
40649,8350.610296885314
40650,6390.951447744196
40651,5443.501111637855
40652,1529.2593073009511
40653,6319.968232594413
40654,6425.913083966166
40655,8825.998898252406
40656,3880.1413712504846
40657,7867.499763129754
40658,4838.72103569707
40659,4407.257365109384
40660,12243.15745972628
40661,8319.075137811928
40662,5114.173613452403
40663,3959.2486126596837
40664,4106.340938467517
40665,6085.745981234274
40666,14544.680095238095
40667,5488.910010655378
40668,7813.554166555721
40669,6166.3966659663865
40670,3930.558130194503
40671,3878.181443369569
40672,6770.175920536807
40673,3619.8521080174933
40674,11758.060708040195
40675,8928.483933490723
40676,3209.099995133577
40677,6826.269182545146
40678,2786.789707323857
40679,4535.396076104492
40680,6167.576225113154
40681,9096.04221864728
40682,10272.8385995671
40683,3088.1426790842156
40684,5497.79275356975
40685,4527.913642011815
40686,8217.190101783071
40687,18857.82673204159
40688,14636.417567460314
40689,8796.066986834112
40690,3195.737546708628
40691,9366.108720991735
40692,4831.531753994044
40693,3186.555112758785
40694,6456.505094339518
40695,5307.765606193084
40696,6374.740573365229
40697,8699.135708366734
40698,5213.107297689819
40699,4529.156285682026
40700,6930.027861229702
40701,6340.653408129616
40702,7080.566215208961
40703,3522.2693677285515
40704,5630.784654074823
40705,9101.093285503162
40706,8704.41151279403
40707,7720.063051300517
40708,9204.21560724933
40709,2596.65932686444
40710,9799.598532591417
40711,5668.028873890859
40712,3266.735995530143
40713,5878.41711205429
40714,4672.8896739990505
40715,4863.963195933856
40716,9216.261866834624
40717,4546.424033994783
40718,6452.635061006426
40719,4941.971176918057
40720,6079.1157890855775
40721,8729.934855152498
40722,4889.643643159062
40723,9200.149352493077
40724,6466.322648437876
40725,2853.796781232751
40726,9382.6488414993
40727,4370.364410765705
40728,3863.525083474603
40729,7520.187978582822
40730,11727.42908730159
40731,12212.459512520829
40732,4458.639116195287
40733,5306.302230096446
40734,6875.850671683366
40735,6904.225231893585
40736,8664.351184634652
40737,8499.270358962238
40738,3391.492222406293
40739,7743.131345711305
40740,8172.135724653481
40741,5219.933460380457
40742,2865.2563112675443
40743,9250.982087207949
40744,6076.490369715871
40745,5306.302230096446
40746,6230.801136718518
40747,8283.882680702642
40748,9491.201539567171
40749,5825.766831718571
40750,5336.7749122023615
40751,4989.379084218864
40752,7931.289216187745
40753,5310.736726993232
40754,2599.0369023629473
40755,6588.9135460256275
40756,7418.9282769788
40757,7149.017132620148
40758,5976.029291218064
40759,3585.1397585770337
40760,8496.076438447744
40761,3690.08318752764
40762,9596.800836865144
40763,5820.787215825968
40764,4903.527235831459
40765,9232.139017650634
40766,4569.093773518072
40767,4791.111383243619
40768,8645.203477750305
40769,3173.4939496952347
40770,6401.56948501195
40771,11009.731116134297
40772,7559.8486296203555
40773,3112.306748354198
40774,5548.30848350238
40775,4729.524975633635
40776,2740.4302099104593
40777,6341.666848838563
40778,6498.947020022419
40779,5540.28976853465
40780,5069.075326275566
40781,5461.58883653928
40782,5045.7313614808845
40783,11231.60265079365
40784,7557.243170359826
40785,6022.417953064454
40786,4849.584571428571
40787,5714.052683130801
40788,9128.527214885115
40789,6436.901807898399
40790,8695.743972176528
40791,9693.731816518999
40792,7806.993579699092
40793,9150.887783704262
40794,8769.90581071755
40795,4290.78592007493
40796,5463.573328525015
40797,9271.13882075798
40798,8393.839307927812
40799,5809.573136331438
40800,15400.119100933936
40801,4145.541462644466
40802,7245.8572760544275
40803,5599.459687950938
40804,9149.994892455545
40805,11075.299070540044
40806,6830.8095639877665
40807,9058.07082690953
40808,9175.792913930834
40809,7226.983319957047
40810,7982.754984126985
40811,5728.513496896292
40812,2941.7272210295755
40813,5361.134870032397
40814,4271.573030707266
40815,3787.84234726293
40816,8745.082329378138
40817,20881.91492857143
40818,5557.087429331811
40819,5292.495083755776
40820,5304.024057778803
40821,4736.627713517375
40822,8689.330169984623
40823,2472.325628340804
40824,5909.8929043797
40825,8968.009351867162
40826,5256.847880066065
40827,10828.386504401278
40828,12342.159011904765
40829,4327.752314570994
40830,5860.710336731577
40831,7869.241753518439
40832,5102.442593438294
40833,4546.921107198206
40834,9023.1733531322
40835,4168.452004761093
40836,4872.3360313009425
40837,5521.444071863345
40838,5376.950598498272
40839,5049.026913654154
40840,9245.692443373155
40841,5290.248579567031
40842,9239.700971184717
40843,5600.209095788306
40844,5629.457594163391
40845,5180.387056027474
40846,4894.641319914926
40847,4770.887069121934
40848,4817.744498052737
40849,10004.287666480737
40850,5522.031820455224
40851,5008.730738095238
40852,6296.051852623877
40853,5556.697154406629
40854,6489.7770770568795
40855,5479.879344097747
40856,7238.216784678272
40857,7821.196057963996
40858,7567.950149468995
40859,8783.523197821905
40860,4245.6278465987425
40861,4054.1237910104323
40862,7193.964230451904
40863,7944.460545289294
40864,5229.112016680308
40865,4816.423207513831
40866,13221.55080366181
40867,9105.470297619047
40868,4735.6875703911755
40869,4645.52346058684
40870,4701.880184563595
40871,5579.9953874107405
40872,5639.362250490525
40873,10733.618050382782
40874,6171.686693612425
40875,4937.739442683822
40876,4609.597828617478
40877,2554.4605906124116
40878,4550.9988263897085
40879,16925.421995800094
40880,2481.661012778795
40881,5525.71558113326
40882,5691.146621829274
40883,8813.895604672778
40884,5601.536089480501
40885,9156.229646784997
40886,5677.919144522599
40887,7242.100188606532
40888,3242.222080954353
40889,5368.315321991437
40890,4242.686444945946
40891,5564.383600438175
40892,8076.629741639498
40893,4518.524353865677
40894,6354.94943890583
40895,8930.164354392875
40896,3854.7278528101638
40897,6430.178077646518
40898,4932.433716957633
40899,2894.8595269800267
40900,9549.969652191556
40901,7693.446724361279
40902,8909.991232309874
40903,10181.544181648193
40904,9050.775624083988
40905,8610.666604978356
40906,5201.245644168321
40907,4261.151331458743
40908,5823.916561759429
40909,3822.6867900337065
40910,5978.924910229543
40911,3292.330666666667
40912,6858.702035779294
40913,3209.722515044651
40914,9160.163336857866
40915,4556.385062271494
40916,4933.60207354637
40917,5761.8742217160425
40918,7058.546548960353
40919,5517.591446147311
40920,10144.951268741303
40921,5906.238587109194
40922,6526.728967669878
40923,6507.333883931895
40924,8294.295517218792
40925,5375.261308191399
40926,4773.4944859709785
40927,5803.236730303117
40928,4942.430131214991
40929,9421.147725203777
40930,7696.5427984740945
40931,6234.701892857143
40932,10040.989808478536
40933,7732.394357142858
40934,2483.0988884282133
40935,9396.70382133424
40936,6013.5960749387295
40937,9077.899161982916
40938,7643.674777558967
40939,8070.005805791431
40940,9296.002926281732
40941,5406.771749184617
40942,4691.632482894742
40943,3875.624400887909
40944,6771.769569325285
40945,6658.10303618008
40946,3197.519503264846
40947,8810.962025233575
40948,7628.921024118268
40949,5568.3402557549425
40950,8537.243008502008
40951,4336.000566320268
40952,7233.312348458753
40953,3766.2801925914287
40954,5651.394498071463
40955,5034.828048051685
40956,3923.529722517955
40957,6700.25044568846
40958,7460.074018881087
40959,8627.301064776655
40960,5875.788919268151
40961,3922.036266539892
40962,9020.104845795233
40963,8778.943682295285
40964,7482.078920093682
40965,3544.6309124395466
40966,3366.4678529445837
40967,9646.572128994289
40968,6751.889374704203
40969,4645.581969966985
40970,8507.508853630065
40971,9106.0159350585
40972,7241.1974192221405
40973,5254.2934889241515
40974,2454.6652865229753
40975,5999.790893851521
40976,8991.864210359
40977,5580.5053625642795
40978,10898.671415202447
40979,8137.977373015872
40980,4067.522413861226
40981,6251.0857302418035
40982,3243.0264373221476
40983,1230.9234555838045
40984,7277.751466086858
40985,11639.379
40986,5291.446462063935
40987,4923.642904303605
40988,3502.834757715719
40989,5304.668006823186
40990,9847.132464285718
40991,6908.644778336032
40992,11841.767058305722
40993,5081.979729051653
40994,4682.225003842555
40995,3589.19063279437
40996,6950.819235032663
40997,3585.230435532347
40998,2991.7210326533796
40999,8657.491506372719
41000,4228.772139017486
41001,7319.280992123168
41002,4919.499939705138
41003,6033.813546984771
41004,5116.0596793289515
41005,9124.618848952641
41006,5496.592228446118
41007,4119.0662785060185
41008,9479.918984680982
41009,8112.146319869886
41010,9067.203547816476
41011,2612.5719919800763
41012,6922.645422476035
41013,6249.623213151254
41014,5119.55209952455
41015,9118.307423769716
41016,9703.775959956707
41017,6689.9035043457525
41018,8964.690801160532
41019,5261.930713623834
41020,7904.861987996103
41021,12526.183070217761
41022,4061.420113575863
41023,4089.0854254064743
41024,8797.259345102053
41025,8032.063006490003
41026,6319.053360040349
41027,11062.240952995566
41028,8453.624279194286
41029,7020.4884743541725
41030,3164.679016709925
41031,7607.9315793650785
41032,5385.348646862843
41033,3953.214392254138
41034,8605.931095215426
41035,3482.794775428363
41036,7881.056300732602
41037,6477.857644633795
41038,4513.146112002771
41039,7235.281581192891
41040,4883.249365125465
41041,9018.86993038778
41042,8997.219711741925
41043,5128.520135565523
41044,8031.533222253226
41045,5838.88562840717
41046,9159.791342570139
41047,5869.341975639853
41048,4357.416989827733
41049,8307.959788301278
41050,2949.9845506466636
41051,10725.94524561573
41052,8902.632964253038
41053,5653.868997618638
41054,9485.573135175582
41055,4994.350272990867
41056,4714.31886670536
41057,5849.456195986069
41058,3914.3446328197933
41059,2999.785791255057
41060,8434.18244986376
41061,7286.835891462483
41062,11463.822648686006
41063,5934.678732230566
41064,6462.246729755463
41065,4792.5686026011335
41066,8946.95832434247
41067,3334.3842236206833
41068,10256.719813734086
41069,5086.428733005943
41070,13133.170029761903
41071,6113.958820675101
41072,6209.808146027294
41073,8846.913142857147
41074,8941.36689829279
41075,3515.0332607962487
41076,9139.857828485861
41077,7021.117635110834
41078,6153.537819852067
41079,6690.837477170907
41080,5864.758035714285
41081,4139.647214506244
41082,6220.3062285265905
41083,3943.0732149808755
41084,3214.6606217495196
41085,9259.764367559537
41086,5075.065494790376
41087,25425.958619047622
41088,8558.568857142858
